종목코드,종목명,시장구분,업종,현재가,시가총액,상장주식수,PER,PBR,EPS,BPS,ROE프록시,W52고가,W52저가,선행PER,선행EPS,직전EPS,선행EPS_증가율%,추정매출,추정영업이익,추정순이익,추정매출YoY,추정영업이익YoY,직전영업이익,직전순이익,직전매출,실현영업이익YoY,실현순이익YoY,순이익경로_우상향,연환산영업이익,컨센목표가,상승여력%,브로커수,브로커최근의견일,컨센투자의견,분기영업이익YoY,분기매출YoY,분기결산일,영업이익증가율_연간,영업이익증가율_3년평균,추정연도,실적연도,추정기준일,투자의견,추정이상,_price_ok,_est_ok,_opinion_ok,_growth_ok
005930,삼성전자,KOSPI,전기·전자,263000.0,15375713.0,5846278608.0,40.07,4.11,6564.0,63997.0,10.256730784255511,374500.0,61800.0,5.928537454606112,44361.700000000004,6605.0,571.6381529144588,7079979.0,3767778.0,2937723.0,112.2,764.1,436011.0,442610.0,3336059.0,33.2,31.6,True,3767778.0,440625.0,67.53802281368822,22,20260708,매수,756.1,69.16,202603,33.23,115.57,2026.12E,2025.12,20260630,매수,True,True,True,True,True
000660,SK하이닉스,KOSPI,전기·전자,1913000.0,13633996.0,712702365.0,32.45,10.96,58955.0,174539.0,33.77755114902686,2987000.0,245000.0,6.0571135463402435,315827.0,62044.0,409.03713493649667,3476916.0,2688234.0,2180128.0,257.90000000000003,469.5,472063.0,429193.0,971467.0,101.2,116.9,True,2688234.0,2880702.0,50.585572399372715,22,20260707,BUY,405.48,198.07,202603,101.16,33.72,2026.12E,2025.12,20260630,매수,True,True,True,True,True
402340,SK스퀘어,KOSPI,금융,1190000.0,1570305.0,131958386.0,17.9,5.68,66468.0,209564.0,31.717279685442158,2189000.0,130900.0,,,,,,,,,,,,,,,False,,1712000.0,43.865546218487395,5,20260713,BUY,400.48,318.8,202603,124.39,41.46,,,,,False,True,True,True,True
009150,삼성전기,KOSPI,전기·전자,1260000.0,941141.0,74693696.0,138.48,9.98,9099.0,126302.0,7.204161454292094,2417000.0,132500.0,85.18405841192576,14791.5,9345.0,58.282504012841095,134052.0,14755.0,11173.0,18.5,61.6,9133.0,7061.0,113145.0,24.3,4.0,True,14755.0,1861344.0,47.72571428571429,19,20260708,BUY,39.9,17.18,202603,24.26,-2.88,2026.12E,2025.12,20260407,매수,False,True,True,True,True
005380,현대차,KOSPI,운송장비·부품,424500.0,869197.0,204757766.0,12.01,0.97,35331.0,439541.0,8.038157987537,783000.0,204500.0,12.046551621389225,35238.3,36313.1,-2.9598134006735743,1957921.0,113137.0,91668.0,5.1000000000000005,-1.3,114679.0,94460.0,1862545.0,-19.5,-24.6,False,113137.0,834074.0,96.48386336866902,18,20260710,BUY,-30.79,3.45,202603,-19.47,9.54,2026.12E,2025.12,20260622,매수,False,True,True,True,True
373220,LG에너지솔루션,KOSPI,전기·전자,322000.0,753480.0,234000000.0,-70.23,3.73,-4585.0,86391.0,-5.307265803150791,527000.0,309500.0,-5951.940850277264,-54.1,-4585.0,98.82006543075245,309381.0,13640.0,-127.0,30.700000000000003,1.3,13461.0,-10728.0,236718.0,134.0,5.300000000000001,True,13640.0,551174.0,71.172049689441,17,20260708,BUY,0.0,-2.5,202603,0.0,7.49,2026.12E,2025.12,20260504,매수,False,True,True,True,True
032830,삼성생명,KOSPI,보험,317000.0,634000.0,200000000.0,27.53,0.91,11514.0,349293.0,3.296372959091651,516500.0,117000.0,,,,,,,,,,,,,,,False,,370891.0,17.000315457413247,14,20260708,HOLD,80.09,75.03,202603,3.23,5.81,,,20260223,매수,False,True,True,True,True
028260,삼성물산,KOSPI,유통,354000.0,574073.0,162167581.0,24.99,1.16,14165.0,305019.0,4.643972998403378,565000.0,155300.0,,,,,,,,,,,,,,,False,,537353.0,51.79463276836158,10,20260623,매수,-0.56,7.49,202603,10.37,9.28,,,,,False,True,True,True,True
207940,삼성바이오로직스,KOSPI,제약,1368000.0,633260.0,46290951.0,51.48,8.49,26572.0,161142.0,16.48980402378027,1987000.0,982000.0,33.284104650285755,41100.700000000004,23671.0,73.63313759452497,53002.0,24051.0,19005.0,16.3,16.3,20681.0,15862.0,45570.0,56.5,50.900000000000006,True,24051.0,1975000.0,44.37134502923977,7,20260701,매수,34.98,25.77,202603,56.6,29.49,2026.12E,2025.12,20260629,매수,False,True,True,True,True
105560,KB금융,KOSPI,금융,180000.0,638438.0,354687734.0,11.91,1.09,15116.0,164669.0,9.179627009333876,194500.0,105800.0,,,,,297666.0,91724.0,64301.0,2.1,7.7,85177.0,58332.0,291561.0,5.9,14.9,True,91724.0,213111.0,18.395,14,20260713,BUY,18.95,55.3,202603,5.87,17.53,2026.12E,2025.12,20260424,매수,False,True,True,True,True
000270,기아,KOSPI,운송장비·부품,139600.0,545017.0,390412998.0,7.3,0.89,19111.0,157456.0,12.13735900823087,212500.0,97600.0,6.768419215328821,20625.2,19399.100000000002,6.320396307045165,1217389.0,95469.0,79908.0,6.7,5.2,90781.0,75610.0,1141409.0,-28.3,-22.6,True,95469.0,238235.0,70.6554441260745,12,20260710,BUY,-26.71,5.3,202603,-28.33,13.76,2026.12E,2025.12,20260622,매수,False,True,True,True,True
329180,HD현대중공업,KOSPI,운송장비·부품,466000.0,489119.0,104961225.0,29.68,5.23,15702.0,89025.0,17.637742207245154,765000.0,381500.0,15.71632372928801,29650.7,15702.0,88.83390650872501,243142.0,38970.0,31113.0,38.300000000000004,91.30000000000001,20375.0,14155.0,175806.0,188.9,127.7,True,38970.0,923826.0,98.2459227467811,18,20260710,BUY,108.74,54.78,202603,188.92,161.23,2026.12E,2025.12,20260624,매수,True,True,True,True,True
055550,신한지주,KOSPI,금융,106500.0,505507.0,474654361.0,10.56,0.88,10085.0,121468.0,8.30259821516778,113300.0,63600.0,,,,,298881.0,76740.0,55456.0,6.800000000000001,9.3,70234.0,49716.0,279888.0,8.700000000000001,11.700000000000001,True,76740.0,132353.0,24.27511737089202,14,20260713,BUY,10.81,37.0,202603,8.74,5.97,2026.12E,2025.12,20260424,매수,False,True,True,True,True
012450,한화에어로스페이스,KOSPI,운송장비·부품,872000.0,449633.0,51563401.0,30.52,4.63,28573.0,188244.0,15.178704234929135,1655000.0,791000.0,22.08254617835201,39488.200000000004,28530.0,38.4093936207501,309891.0,41608.0,20316.0,16.1,34.7,30893.0,14050.0,267029.0,78.4,-38.900000000000006,True,41608.0,1755000.0,101.26146788990826,13,20260713,BUY,20.56,4.87,202603,78.38,106.08,2026.12E,2025.12,20260504,매수,False,True,True,True,True
034020,두산에너빌리티,KOSPI,기계·장비,70900.0,454158.0,640561146.0,537.12,5.83,132.0,12156.0,1.085883514313919,139200.0,51100.0,535.9032501889644,132.3,174.0,-23.965517241379303,170579.0,7627.0,848.0,5.1000000000000005,-25.0,10176.0,1114.0,162331.0,-30.6,100.30000000000001,False,7627.0,148562.0,109.5373765867419,13,20260610,BUY,63.9,13.67,202603,-25.05,-7.68,2025.12E,2024.12,20260401,매수,False,True,True,True,True
034730,SK,KOSPI,금융,562000.0,407465.0,72502703.0,25.71,1.23,21863.0,457231.0,4.781609295957622,883000.0,176900.0,6.289244831796273,89358.90000000001,29000.0,208.1341379310345,1394536.0,74447.0,49080.0,13.700000000000001,309.40000000000003,18185.0,15975.0,1227033.0,-24.1,-223.60000000000002,False,74447.0,805867.0,43.39270462633452,11,20260707,BUY,1301.07,18.94,202603,-47.72,-48.73,2026.12E,2025.12,20260518,매수,True,True,True,True,True
012330,현대모비스,KOSPI,운송장비·부품,466000.0,422814.0,90732583.0,11.74,0.85,39682.0,551325.0,7.197569491679137,822000.0,279000.0,11.549547807940437,40347.9,40356.700000000004,-0.021805549016651285,620560.0,35266.0,36550.0,1.5,5.0,33575.0,36558.0,611181.0,9.200000000000001,-9.9,False,35266.0,825000.0,77.03862660944206,18,20260710,BUY,3.34,5.48,202603,9.24,18.8,2026.12E,2025.12,20260622,매수,False,True,True,True,True
068270,셀트리온,KOSPI,제약,172800.0,401853.0,232553706.0,40.77,2.31,4238.0,74822.0,5.664109486514661,251000.0,158500.0,23.928878056886475,7221.400000000001,4668.0,54.700085689802926,52652.0,18171.0,15750.0,26.5,55.5,11685.0,10296.0,41625.0,137.5,143.6,True,18171.0,276000.0,59.72222222222222,5,20260706,매수,115.41,36.0,202603,137.49,37.89,2026.12E,2025.12,20260507,매수,False,True,True,True,True
086790,하나금융지주,KOSPI,금융,134000.0,367653.0,274367748.0,9.5,0.81,14110.0,164776.0,8.563140263145117,137700.0,80500.0,,,,,231461.0,60909.0,45146.0,3.1,13.8,53509.0,40029.0,224597.0,10.200000000000001,7.1000000000000005,True,60909.0,161053.0,20.188805970149254,15,20260713,BUY,11.06,71.4,202603,10.21,4.59,2026.12E,2025.12,20260426,매수,False,True,True,True,True
006400,삼성SDI,KOSPI,전기·전자,427500.0,344503.0,80585530.0,-51.35,1.57,-8325.0,272485.0,-3.055214048479733,723000.0,174600.0,539.6364554405453,792.2,-8796.0,109.00636653024102,157678.0,-1724.0,624.0,18.900000000000002,-90.0,-17224.0,-6495.0,132667.0,-574.1,-208.4,True,-1724.0,785182.0,83.66830409356724,21,20260709,BUY,0.0,12.58,202603,0.0,-32.28,2026.12E,2025.12,20260429,매수,False,True,True,True,True
066570,LG전자,KOSPI,전기·전자,185400.0,301988.0,162884638.0,34.84,1.4,5321.0,132659.0,4.01103581362742,438000.0,72000.0,27.023875462787508,6860.6,5330.0,28.71669793621014,942591.0,35625.0,12346.0,5.7,43.7,24784.0,9606.0,892009.0,-27.5,161.4,True,35625.0,211667.0,14.167745415318231,18,20260708,BUY,32.93,4.34,202603,-27.53,-10.35,2026.12E,2025.12,20260407,매수,False,True,True,True,True
267260,HD현대일렉트릭,KOSPI,전기·전자,797000.0,287296.0,36047135.0,39.21,14.14,20324.0,56366.0,36.05719760139091,1430000.0,433500.0,29.1899691985394,27303.9,20354.0,34.14513117814681,48728.0,12671.0,9827.0,19.400000000000002,27.3,9953.0,7326.0,40795.0,48.800000000000004,46.1,True,12671.0,1469333.0,84.35796737766624,12,20260710,매수,18.38,2.15,202603,48.78,99.31,2026.12E,2025.12,20260429,매수,False,True,True,True,True
035420,NAVER,KOSPI,IT 서비스,183200.0,287522.0,156944242.0,14.8,0.99,12376.0,184396.0,6.711642334974728,304000.0,181100.0,18.135561341160397,10101.7,13009.0,-22.348374202475206,137728.0,24712.0,15845.0,14.4,11.9,22081.0,19532.0,120350.0,11.600000000000001,1.6,False,24712.0,320529.0,74.96124454148472,11,20260713,매수,7.22,16.3,202603,11.56,19.54,2026.12E,2025.12,20260608,매수,False,True,True,True,True
000810,삼성화재,KOSPI,보험,628000.0,280386.0,44647473.0,15.43,1.26,40703.0,500071.0,8.139444198923753,757000.0,412000.0,,,,,,,,,,,,,,,False,,690632.0,9.973248407643313,13,20260713,매수,8.68,9.34,202603,0.36,9.35,,,20260223,매수,False,True,True,True,True
010120,LS ELECTRIC,KOSPI,전기·전자,187700.0,281550.0,150000000.0,98.22,13.48,1911.0,13920.0,13.728448275862068,907000.0,171200.0,54.55443817938731,3440.6000000000004,1929.4,78.32486783455998,65561.0,6975.0,5118.0,32.0,63.6,4264.0,2866.0,49658.0,9.4,20.1,True,6975.0,258875.0,37.919552477357485,13,20260713,BUY,44.96,33.38,202603,9.42,34.21,2026.12E,2025.12,20260604,매수,False,True,True,True,True
298040,효성중공업,KOSPI,전기·전자,2677000.0,249618.0,9324548.0,48.01,10.6,55755.0,252555.0,22.076379402506387,4742000.0,959000.0,31.832553869789752,84096.3,55832.0,50.623835793093576,73237.0,10604.0,7831.0,22.700000000000003,42.0,7470.0,5199.0,59685.0,106.10000000000001,133.5,True,10604.0,4692308.0,75.28233096750093,12,20260619,Buy,48.77,26.21,202603,106.07,75.55,2026.12E,2025.12,20260427,매수,False,True,True,True,True
042660,한화오션,KOSPI,운송장비·부품,76800.0,235325.0,306413394.0,18.89,3.81,4066.0,20138.0,20.1906842784785,154800.0,74000.0,13.024013024013023,5896.8,4007.0,47.16246568505117,137245.0,19914.0,18066.0,7.4,70.60000000000001,11676.0,12458.0,127835.0,390.8,135.9,True,19914.0,149400.0,94.53125,11,20260713,BUY,70.55,2.13,202603,390.84,130.28,2026.12E,2025.12,20260624,매수,False,True,True,True,True
005490,POSCO홀딩스,KOSPI,금속,303500.0,240498.0,79241527.0,37.54,0.41,8085.0,736969.0,1.0970610704113741,542000.0,258500.0,9.458482404417905,32087.600000000002,8697.0,268.9502127170289,788485.0,37665.0,24250.0,14.100000000000001,106.2,18271.0,6577.0,690949.0,-15.9,-39.900000000000006,True,37665.0,532182.0,75.3482701812191,12,20260713,매수,24.35,2.52,202603,-15.94,-27.19,2026.12E,2025.12,20260409,매수,True,True,True,True,True
009540,HD한국조선해양,KOSPI,금융,327000.0,231428.0,70773116.0,10.67,1.74,30639.0,187883.0,16.30748923532198,494500.0,317000.0,6.6182542381114295,49408.8,30664.0,61.12966344899557,342759.0,54000.0,34939.0,14.5,38.300000000000004,39045.0,21684.0,299332.0,172.3,85.0,True,54000.0,603333.0,84.50550458715597,6,20260528,BUY,57.83,20.22,202603,172.26,193.44,2026.12E,2025.12,20260610,매수,False,True,True,True,True
015760,한국전력,KOSPI,전기·가스,33950.0,217947.0,641964077.0,2.55,0.45,13311.0,75035.0,17.739721463317117,69500.0,33200.0,10.660679520190918,3184.6000000000004,13311.0,-76.07542633911802,985306.0,68231.0,20444.0,1.1,-49.400000000000006,134906.0,85449.0,974293.0,61.300000000000004,144.70000000000002,False,68231.0,56600.0,66.71575846833578,12,20260623,BUY,0.81,0.72,202603,61.28,20.43,2026.12E,2025.12,20260401,중립,False,True,True,True,True
316140,우리금융지주,KOSPI,금융,30700.0,223524.0,728089682.0,7.27,0.63,4221.0,49068.0,8.60234776228907,41500.0,23400.0,,,,,226089.0,44767.0,32693.0,6.7,21.8,36748.0,31243.0,211887.0,-13.600000000000001,1.2000000000000002,True,44767.0,44000.0,43.32247557003257,8,20260709,BUY,-7.03,58.37,202603,-13.64,-4.35,2026.12E,2025.12,20260426,매수,False,True,True,True,True
006800,미래에셋증권,KOSPI,증권,38750.0,216832.0,559566880.0,17.99,1.71,2154.0,22705.0,9.486897159216031,87800.0,17100.0,,,,,66645.0,42508.0,31269.0,70.5,122.0,19151.0,15695.0,39094.0,61.2,70.3,False,42508.0,70783.0,82.6658064516129,15,20260710,Trading BUY,297.2,138.39,202603,61.19,50.52,2026.12E,2025.12,20260609,중립,True,True,True,True,True
010130,고려아연,KOSPI,금속,1015000.0,211861.0,20872969.0,26.35,1.89,38514.0,536342.0,7.1808659400158845,2188000.0,745000.0,,,,,,,,,,,,,,,False,,1764500.0,73.8423645320197,4,20260629,BUY,175.19,58.42,202603,70.28,17.24,,,,,False,True,True,True,True
000150,두산,KOSPI,전기·전자,1217000.0,197079.0,16193835.0,343.2,13.92,3546.0,87399.0,4.057254659664298,2489000.0,468000.0,48.03783028475341,25334.2,4230.0,498.91725768321515,225351.0,17185.0,4333.0,13.9,61.7,10627.0,758.0,197841.0,5.9,-133.5,True,17185.0,2272667.0,86.74338537387017,11,20260708,BUY,71.74,17.72,202603,5.87,1.1,2026.12E,2025.12,20260518,매수,False,True,True,True,True
042700,한미반도체,KOSPI,기계·장비,207500.0,197773.0,95312200.0,92.92,28.51,2233.0,7278.0,30.681505908216543,426000.0,81400.0,,,,,,,,,,,,,,,False,,380000.0,83.13253012048193,1,20260521,BUY,-87.86,-65.47,202603,-1.57,189.36,,,,,False,True,True,True,True
010140,삼성중공업,KOSPI,운송장비·부품,21250.0,187000.0,880000000.0,34.27,4.38,620.0,4857.0,12.76508132592135,35350.0,17090.0,18.254445494373332,1164.1000000000001,639.0,82.17527386541474,125157.0,14913.0,9943.0,17.5,73.0,8622.0,5455.0,106500.0,71.5,754.1,True,14913.0,40333.0,89.80235294117647,11,20260710,BUY,121.91,16.36,202603,71.52,62.32,2026.12E,2025.12,20260617,매수,False,True,True,True,True
033780,KT&G,KOSPI,음식료·담배,171000.0,177516.0,103810456.0,19.06,1.91,8973.0,89409.0,10.035902425930274,192400.0,128100.0,13.955993732044918,12252.800000000001,10220.0,19.89041095890412,70181.0,14956.0,12607.0,6.7,11.3,13437.0,10901.0,65797.0,13.0,-6.5,True,14956.0,230000.0,34.50292397660819,10,20260708,BUY,27.66,14.25,202603,13.03,2.32,2026.12E,2025.12,20260612,매수,False,True,True,True,True
017670,SK텔레콤,KOSPI,통신,83900.0,180209.0,214790053.0,44.13,1.39,1901.0,60395.0,3.1476115572481165,139500.0,51400.0,13.107941318918241,6400.700000000001,1825.0,250.7232876712329,177025.0,19476.0,13633.0,3.5,81.5,10732.0,4084.0,170992.0,-41.1,-67.3,True,19476.0,119071.0,41.92014302741359,11,20260713,매수,-5.25,-1.38,202603,-41.14,-9.46,2026.12E,2025.12,20260508,매수,True,True,True,True,True
011200,HMM,KOSPI,운송·창고,19760.0,186384.0,943237970.0,10.11,0.7,1955.0,28168.0,6.9404998579948876,26250.0,17910.0,14.417043630526775,1370.6000000000001,1951.0,-29.748846745258835,116508.0,11241.0,12928.0,7.0,-23.1,14612.0,18784.0,108914.0,-58.400000000000006,-50.300000000000004,False,11241.0,23000.0,16.39676113360324,5,20260630,BUY,-56.17,-4.76,202603,-58.4,116.07,2026.12E,2025.12,20260608,중립,False,True,True,True,True
011070,LG이노텍,KOSPI,전기·전자,641000.0,151706.0,23667107.0,44.46,2.63,14419.0,243532.0,5.920782484437363,1788000.0,148500.0,20.67848663156808,30998.4,14421.0,114.95319325982942,239729.0,10641.0,7336.0,9.5,60.0,6650.0,3413.0,218966.0,-5.800000000000001,-24.0,True,10641.0,997816.0,55.66552262090484,19,20260708,BUY,136.04,11.08,202603,-5.81,-18.5,2026.12E,2025.12,20260407,매수,False,True,True,True,True
064350,현대로템,KOSPI,운송장비·부품,165400.0,180521.0,109142293.0,23.44,5.86,7055.0,28211.0,25.007975612349792,282000.0,158600.0,17.865822702772768,9257.9,7055.0,31.224663359319628,71570.0,12420.0,10104.0,22.6,23.5,10056.0,7699.0,58390.0,120.30000000000001,89.2,True,12420.0,318250.0,92.41233373639662,8,20260619,BUY,10.52,23.92,202603,120.26,93.35,2026.12E,2025.12,20260427,매수,False,True,True,True,True
051910,LG화학,KOSPI,화학,255000.0,180010.0,70592343.0,-10.97,0.61,-23242.0,419617.0,-5.538860437017566,437500.0,248500.0,19.79690702440842,12880.800000000001,-23244.0,155.41559112028912,515941.0,8756.0,10087.0,12.3,-25.900000000000002,11809.0,-18194.0,459322.0,35.0,163.4,True,8756.0,451571.0,77.08666666666667,11,20260708,BUY,0.0,-2.64,202603,0.0,-12.61,2026.12E,2025.12,20260504,매수,False,True,True,True,True
096770,SK이노베이션,KOSPI,화학,104900.0,177336.0,169052788.0,-4.98,0.81,-21056.0,129847.0,-16.216008071037454,155400.0,87700.0,13.882271981366788,7556.400000000001,-21502.0,135.14277741605434,934431.0,58114.0,12719.0,16.400000000000002,1195.2,4487.0,-33479.0,802961.0,26.1,48.1,False,58114.0,159800.0,52.33555767397522,9,20260629,Hold,0.0,15.15,202603,0.0,-54.08,2026.12E,2025.12,20260514,중립,True,True,True,True,True
024110,기업은행,KOSPI,금융,21100.0,168257.0,797425869.0,6.21,0.46,3400.0,45716.0,7.437221104208593,29550.0,18500.0,,,,,184240.0,38957.0,29023.0,3.7,6.6000000000000005,36556.0,27111.0,177642.0,1.7000000000000002,2.5,True,38957.0,27000.0,27.96208530805687,6,20260709,BUY,-8.93,39.76,202603,1.71,0.18,2026.12E,2025.12,20260426,중립,False,True,True,True,True
196170,알테오젠,KOSDAQ,일반서비스,279500.0,149774.0,53586343.0,106.15,33.85,2633.0,8257.0,31.888094949739614,569000.0,253000.0,,,,,,,,,,,,,,,False,,560000.0,100.3577817531306,2,20260520,BUY,-35.59,-14.45,202603,320.8,106.93,,,,,False,True,True,True,True
267250,HD현대,KOSPI,금융,190100.0,150166.0,78993085.0,15.6,1.33,12187.0,143153.0,8.51326901985987,333000.0,123200.0,,,,,,,,,,,,,,,False,,386667.0,103.40189374013677,3,20260519,BUY,120.36,14.72,202603,104.47,37.1,,,,,False,True,True,True,True
079550,LIG디펜스앤에어로스페이스,KOSPI,금속,665000.0,146300.0,22000000.0,57.75,10.16,11516.0,65465.0,17.59107920262736,1118000.0,360000.0,37.65102875066526,17662.2,11604.0,52.20785935884178,52302.0,4368.0,3858.0,21.400000000000002,36.800000000000004,3194.0,2534.0,43069.0,43.0,15.5,True,4368.0,1143846.0,72.00691729323309,11,20260619,BUY,56.13,28.67,202603,43.0,22.31,2026.12E,2025.12,20260508,매수,False,True,True,True,True
003550,LG,KOSPI,금융,96400.0,145749.0,151192004.0,20.83,0.52,4628.0,186173.0,2.4858599259828225,185900.0,70100.0,11.896241083989436,8103.400000000001,4780.0,69.52719665271968,84512.0,16851.0,12491.0,16.5,84.7,9122.0,7372.0,72525.0,-5.7,28.3,True,16851.0,145900.0,51.34854771784232,10,20260601,BUY,-35.14,-7.0,202603,-5.65,-20.99,2026.12E,2025.12,20260518,매수,True,True,True,True,True
035720,카카오,KOSPI,IT 서비스,33850.0,149949.0,442981070.0,30.5,1.32,1110.0,25625.0,4.33170731707317,69700.0,32250.0,18.7940702903781,1801.1000000000001,1118.0,61.10017889087658,81600.0,9246.0,7918.0,0.8,26.3,7320.0,4915.0,80991.0,47.800000000000004,789.1,False,9246.0,60600.0,79.02511078286558,9,20260710,Buy,65.97,11.11,202603,47.8,12.07,2026.12E,2025.12,20260507,매수,False,True,True,True,True
010950,S-Oil,KOSPI,화학,131400.0,147934.0,112582792.0,86.56,1.72,1518.0,76339.0,1.9884986704043806,177100.0,57600.0,5.731233916343176,22927.0,1519.0,1409.3482554312047,495838.0,36616.0,26731.0,44.800000000000004,1454.0,2356.0,1770.0,342470.0,-44.2,-191.70000000000002,True,36616.0,151333.0,15.16971080669711,13,20260713,Hold,0.0,-0.53,202603,-44.19,-57.75,2026.12E,2025.12,20260616,매수,True,True,True,True,True
018260,삼성에스디에스,KOSPI,IT 서비스,193000.0,149339.0,77377800.0,19.66,1.51,9816.0,128198.0,7.656905723958252,388500.0,143700.0,21.065039674310473,9162.1,9819.0,-6.690090640594762,142814.0,7893.0,7089.0,2.5,-17.5,9571.0,7595.0,139299.0,5.0,0.30000000000000004,False,7893.0,248308.0,28.656994818652848,10,20260713,매수,-70.83,-3.92,202603,5.05,2.0,2026.12E,2025.12,20260423,매수,False,True,True,True,True
086280,현대글로비스,KOSPI,운송·창고,181700.0,136275.0,75000000.0,7.86,1.32,23117.0,138016.0,16.749507303501044,296000.0,139800.0,7.973529811873845,22787.9,23117.0,-1.4236276333434206,319030.0,22002.0,17091.0,7.9,6.1000000000000005,20730.0,17337.0,295664.0,18.3,58.5,False,22002.0,322571.0,77.52944413869015,17,20260408,BUY,3.9,8.16,202603,18.26,5.82,2026.12E,2025.12,20260601,매수,False,True,True,True,True
278470,에이피알,KOSPI,화학,375000.0,140393.0,37438155.0,48.68,31.49,7704.0,11910.0,64.68513853904282,473000.0,165400.0,27.78292276347472,13497.5,7765.0,73.82485511912428,27182.0,6628.0,5053.0,78.0,81.30000000000001,3655.0,2897.0,15273.0,197.9,169.20000000000002,True,6628.0,522857.0,39.428533333333334,16,20260713,BUY,166.76,123.04,202603,197.88,127.09,2026.12E,2025.12,20260630,매수,True,True,True,True,True
030200,KT,KOSPI,통신,51600.0,130043.0,252021685.0,7.51,0.7,6869.0,73231.0,9.379907416258142,69400.0,48100.0,8.098436813359282,6371.6,7119.0,-10.498665542913326,279423.0,21854.0,15320.0,-1.1,-11.5,24691.0,17310.0,282442.0,205.0,268.1,False,21854.0,75167.0,45.672480620155035,5,20260630,BUY,-29.92,-0.97,202603,205.03,50.57,2026.12E,2025.12,20260512,매수,False,True,True,True,True
047810,한국항공우주,KOSPI,운송장비·부품,141100.0,137537.0,97475107.0,73.99,7.51,1907.0,18776.0,10.156582871751171,215500.0,85000.0,49.92392881152036,2826.3,1907.0,48.20660723649712,56642.0,4244.0,2755.0,53.2,57.7,2692.0,1859.0,36964.0,11.8,8.0,True,4244.0,213667.0,51.42948263642807,9,20260713,BUY,43.43,56.26,202603,11.83,27.95,2026.12E,2025.12,20260508,매수,False,True,True,True,True
071050,한국금융지주,KOSPI,금융,216500.0,120647.0,55725992.0,6.6,1.05,32808.0,205667.0,15.952000077795661,300500.0,121800.0,,,,,,,,,,,,,,,False,,352062.0,62.61524249422633,12,20260709,BUY,108.89,122.48,202603,95.49,64.02,,,,,False,True,True,True,True
003670,포스코퓨처엠,KOSPI,전기·전자,144300.0,128349.0,88946220.0,373.83,3.16,386.0,45731.0,0.8440663882268046,299500.0,128100.0,2732.954545454545,52.800000000000004,51.0,3.5294117647058907,37628.0,550.0,47.0,28.0,67.5,328.0,323.0,29387.0,4451.5,-115.2,False,550.0,258750.0,79.31392931392931,13,20260713,BUY,3.2,-10.4,202603,2727.51,850.38,2026.12E,2025.12,20260504,중립,False,True,True,True,True
272210,한화시스템,KOSPI,전기·전자,62600.0,118264.0,188919389.0,48.83,2.41,1282.0,25933.0,4.943508271314542,184000.0,44750.0,225.0179726815241,278.2,1290.0,-78.43410852713177,44404.0,2256.0,520.0,21.200000000000003,88.10000000000001,1199.0,2422.0,36642.0,-45.300000000000004,-46.7,False,2256.0,133300.0,112.93929712460064,10,20260713,BUY,1.94,16.95,202603,-45.34,82.4,2026.12E,2025.12,20260529,매수,True,True,True,True,True
307950,현대오토에버,KOSPI,IT 서비스,407500.0,111753.0,27423982.0,61.24,6.05,6654.0,67357.0,9.878705999376457,1066000.0,146100.0,46.64339266296572,8736.5,6654.400000000001,31.28907189228179,47167.0,3021.0,2398.0,10.9,18.3,2553.0,1825.0,42521.0,13.8,6.800000000000001,True,3021.0,736250.0,80.67484662576688,11,20260706,BUY,-20.72,12.33,202603,13.75,21.63,2026.12E,2025.12,20260605,매수,False,True,True,True,True
000720,현대건설,KOSPI,건설,98000.0,109129.0,111355765.0,29.52,1.33,3320.0,73523.0,4.515593759775852,198400.0,54100.0,19.459116000158847,5036.200000000001,3319.0,51.738475444410994,260976.0,8433.0,5662.0,-16.0,29.1,6530.0,3731.0,310629.0,-151.70000000000002,-321.20000000000005,True,8433.0,211400.0,115.71428571428572,18,20260702,BUY,-15.35,-15.75,202603,0.0,12.21,2026.12E,2025.12,20260429,매수,False,True,True,True,True
247540,에코프로비엠,KOSDAQ,전기·전자,112600.0,110157.0,97830434.0,279.4,6.37,403.0,17677.0,2.2797986083611472,260000.0,101300.0,213.94641839255175,526.3000000000001,403.0,30.59553349875932,28874.0,1055.0,515.0,14.100000000000001,-26.400000000000002,1433.0,394.0,25316.0,-520.1,-140.8,True,1055.0,246929.0,119.297513321492,12,20260701,BUY,822.59,-3.88,202603,0.0,-19.67,2026.12E,2025.12,20260430,중립,False,True,True,True,True
259960,크래프톤,KOSPI,IT 서비스,230000.0,106117.0,46137833.0,14.9,1.46,15438.0,157747.0,9.786556955124345,359500.0,199300.0,7.827708727554895,29382.800000000003,16454.0,78.57542238969249,46867.0,14939.0,13121.0,40.900000000000006,41.7,10544.0,7348.0,33266.0,-10.8,-43.7,True,14939.0,386000.0,67.82608695652173,14,20260708,매수,22.81,56.88,202603,-10.83,15.11,2026.12E,2025.12,20260520,매수,False,True,True,True,True
005940,NH투자증권,KOSPI,증권,29800.0,110023.0,369206105.0,10.32,1.18,2888.0,25187.0,11.46623258029936,42600.0,18340.0,,,,,35043.0,20229.0,14616.0,30.900000000000002,42.400000000000006,14206.0,10316.0,26762.0,57.7,50.2,False,20229.0,42853.0,43.80201342281879,15,20260709,BUY,120.27,171.78,202603,57.66,40.34,2026.12E,2025.12,20260424,매수,False,True,True,True,True
086520,에코프로,KOSDAQ,금융,79100.0,107399.0,135776152.0,-71.71,5.41,-1103.0,14608.0,-7.55065717415115,190000.0,45550.0,,,,,,,,,,,,,,,False,,,,0,,,4004.42,1.42,202603,0.0,-17.13,,,,,False,True,True,True,True
323410,카카오뱅크,KOSPI,금융,23100.0,110215.0,477120437.0,0.0,0.0,0.0,0.0,,31150.0,19110.0,,,,,,,,,,,,,,,False,,29167.0,26.264069264069263,4,20260713,HOLD,0.0,0.0,202509,0.0,0.0,,,,,False,True,True,True,True
003490,대한항공,KOSPI,운송·창고,26500.0,97578.0,368220661.0,12.55,0.89,2111.0,29659.0,7.117569709025928,31200.0,21000.0,12.83168700368003,2065.2000000000003,3566.0,-42.08637128435221,248032.0,12181.0,7628.0,38.800000000000004,-42.300000000000004,21102.0,13173.0,178707.0,17.900000000000002,24.1,False,12181.0,35125.0,32.54716981132076,7,20260630,BUY,20.03,2.56,202603,-47.23,-22.04,2025.12E,2024.12,20251127,매수,False,True,True,True,True
016360,삼성증권,KOSPI,증권,101900.0,90997.0,89300000.0,9.03,1.13,11279.0,90348.0,12.483950945233985,163000.0,65200.0,,,,,33875.0,21924.0,15927.0,34.4,59.400000000000006,13757.0,10072.0,25201.0,14.100000000000001,12.0,False,21924.0,162042.0,59.020608439646715,17,20260709,BUY,82.14,117.74,202603,14.09,34.99,2026.12E,2025.12,20260511,매수,False,True,True,True,True
005830,DB손해보험,KOSPI,보험,161000.0,105456.0,65500349.0,6.37,0.9,25263.0,179423.0,14.080134653862661,214000.0,118100.0,,,,,,,,,,,,,,,False,,216000.0,34.161490683229815,11,20260710,매수,-33.36,26.43,202603,-1.69,-3.73,,,20260223,매수,False,True,True,True,True
006260,LS,KOSPI,금융,292500.0,91260.0,31200000.0,34.58,1.6,8458.0,182946.0,4.623222152985034,604000.0,148600.0,16.164418384884474,18095.3,9903.0,82.72543673634252,375521.0,15664.0,4944.0,17.8,48.800000000000004,10526.0,2708.0,318700.0,-1.9000000000000001,14.100000000000001,True,15664.0,597667.0,104.3305982905983,10,20260629,BUY,53.19,37.48,202603,-1.65,26.65,2026.12E,2025.12,20260401,매수,False,True,True,True,True
352820,하이브,KOSPI,오락·문화,206000.0,88791.0,43102249.0,-36.31,2.69,-5673.0,76643.0,-7.401850136346437,405500.0,174600.0,38.56305808794623,5341.900000000001,-5690.0,193.88224956063272,42960.0,2696.0,2299.0,62.1,446.70000000000005,493.0,-2373.0,26499.0,-73.2,-2629.7000000000003,True,2696.0,361944.0,75.70097087378642,15,20260713,매수,0.0,39.5,202603,-73.2,-28.72,2026.12E,2025.12,20260429,매수,True,True,True,True,True
180640,한진칼,KOSPI,금융,111400.0,74373.0,66762279.0,48.37,2.24,2303.0,49668.0,4.636788274140292,175900.0,93100.0,,,,,,,,,,,,,,,False,,,,0,,,92.68,11.05,202603,0.0,70.18,,,,,False,True,True,True,True
161390,한국타이어앤테크놀로지,KOSPI,화학,68500.0,84854.0,123875069.0,7.79,0.69,8795.0,99234.0,8.862889735372956,78400.0,37650.0,7.465289130103097,9175.800000000001,8930.9,2.7421648434088555,234764.0,18544.0,11193.0,10.700000000000001,0.7000000000000001,18411.0,10895.0,212023.0,4.5,-2.3000000000000003,True,18544.0,84111.0,22.78978102189781,8,20260618,BUY,42.95,7.06,202603,4.47,41.77,2026.12E,2025.12,20260511,매수,False,True,True,True,True
003230,삼양식품,KOSPI,음식료·담배,1072000.0,80754.0,7533015.0,20.74,6.43,51697.0,166650.0,31.02130213021302,1665000.0,981000.0,14.117746217708289,75932.8,52156.0,45.587851829128006,30303.0,7361.0,5720.0,28.8,40.400000000000006,5242.0,3894.0,23518.0,52.1,43.2,True,7361.0,1900000.0,77.23880597014924,6,20260514,BUY,32.2,35.05,202603,52.13,82.98,2026.12E,2025.12,20260612,매수,False,True,True,True,True
443060,HD현대마린솔루션,KOSPI,일반서비스,193500.0,86753.0,44833460.0,32.18,10.52,6013.0,18396.0,32.68645357686454,287000.0,158000.0,24.248728038296697,7979.8,6013.0,32.7091302178613,23650.0,4238.0,3577.0,19.3,21.0,3501.0,2696.0,19827.0,28.900000000000002,18.3,True,4238.0,332667.0,71.92093023255815,10,20260713,BUY,12.51,18.33,202603,28.86,35.22,2026.12E,2025.12,20260504,매수,False,True,True,True,True
028050,삼성E&A,KOSPI,일반서비스,40150.0,78694.0,196000000.0,12.75,1.66,3150.0,24187.0,13.023525034109232,67300.0,23150.0,11.63835584671575,3449.8,3150.0,9.517460317460323,109508.0,9110.0,6762.0,21.3,15.0,7921.0,6175.0,90288.0,-18.5,-18.400000000000002,True,9110.0,67786.0,68.8318804483188,18,20260702,BUY,19.64,8.08,202603,-18.48,6.88,2026.12E,2025.12,20260409,매수,False,True,True,True,True
039490,키움증권,KOSPI,증권,308000.0,80783.0,26228316.0,7.6,1.21,40504.0,254008.0,15.945954458127304,517000.0,190500.0,,,,,31262.0,21447.0,16278.0,30.5,44.1,14882.0,11136.0,23962.0,35.5,33.4,True,21447.0,537600.0,74.54545454545455,7,20260709,BUY,90.88,156.72,202603,35.51,38.68,2026.12E,2025.12,20260430,매수,False,True,True,True,True
047050,포스코인터내셔널,KOSPI,유통,51300.0,90248.0,175922788.0,14.69,1.3,3491.0,39358.0,8.86986127343869,91200.0,44850.0,,,,,,,,,,,,,,,False,,100786.0,96.46393762183236,11,20260713,BUY,29.86,3.36,202603,0.65,9.69,,,,,False,True,True,True,True
277810,레인보우로보틱스,KOSDAQ,기계·장비,400500.0,77696.0,19399858.0,5486.3,58.05,73.0,6899.0,1.0581243658501231,979000.0,249500.0,,,,,,,,,,,,,,,False,,915000.0,128.46441947565543,1,20260519,BUY,0.0,116.56,202603,0.0,0.0,,,,,False,True,True,True,True
036930,주성엔지니어링,KOSDAQ,기계·장비,192600.0,89523.0,46481121.0,255.1,14.9,755.0,12922.0,5.842748800495279,283000.0,26050.0,129.31381764468912,1489.4,781.0,90.70422535211269,3529.0,645.0,680.0,13.600000000000001,106.30000000000001,313.0,357.0,3107.0,-67.8,-66.60000000000001,True,645.0,127000.0,-34.060228452751815,1,20260429,매수,0.0,-54.59,202603,-67.84,30.47,2026.12E,2025.12,20260429,매수,True,True,True,True,True
078930,GS,KOSPI,금융,79000.0,73387.0,92895495.0,9.37,0.51,8434.0,155303.0,5.43067423037546,86700.0,42800.0,10.37153735066299,7617.0,8435.0,-9.697688203912271,261551.0,26795.0,7213.0,3.9000000000000004,-8.700000000000001,29361.0,7987.0,251841.0,-4.6000000000000005,40.900000000000006,False,26795.0,105000.0,32.91139240506329,2,20260514,BUY,56.67,9.88,202603,-4.59,-16.41,2026.12E,2025.12,20260410,중립,False,True,True,True,True
064400,LG씨엔에스,KOSPI,IT 서비스,66000.0,63945.0,96885948.0,14.51,2.18,4548.0,30270.0,15.024777006937562,153300.0,54100.0,,,,,,,,,,,,,,,False,,103875.0,57.38636363636363,6,20260629,BUY,19.4,8.55,202603,7.6,12.84,,,,,False,True,True,True,True
090430,아모레퍼시픽,KOSPI,화학,120000.0,70191.0,58492759.0,35.16,1.52,3413.0,78989.0,4.320854802567446,169000.0,94000.0,24.63357556349304,4871.400000000001,3416.0,42.60538641686184,47231.0,4719.0,3358.0,11.100000000000001,40.5,3358.0,2357.0,42528.0,52.300000000000004,-60.300000000000004,True,4719.0,162143.0,35.119166666666665,6,20260707,매수,7.62,6.39,202603,52.32,35.55,2026.12E,2025.12,20260623,매수,False,True,True,True,True
007660,이수페타시스,KOSPI,전기·전자,97900.0,71868.0,73409219.0,43.38,9.51,2257.0,10292.0,21.929654100272057,164400.0,53600.0,28.737487891507907,3406.7000000000003,2278.0,49.547848990342416,15049.0,3148.0,2501.0,38.300000000000004,53.800000000000004,2047.0,1605.0,10880.0,100.9,116.80000000000001,True,3148.0,180000.0,83.86108273748724,9,20260713,BUY,40.97,34.77,202603,100.95,39.38,2026.12E,2025.12,20260413,매수,False,True,True,True,True
028300,HLB,KOSDAQ,제약,26700.0,35564.0,133198223.0,-15.92,8.45,-1677.0,3159.0,-53.086419753086425,69200.0,24150.0,,,,,,,,,,,,,,,False,,,,0,,,0.0,5.8,202603,0.0,0.0,,,,,False,True,True,True,True
000880,한화,KOSPI,화학,88400.0,62329.0,70507919.0,22.44,0.66,3939.0,133067.0,2.9601629254435733,166400.0,74100.0,8.359259014099157,10575.1,4072.0,159.70284872298626,856335.0,59467.0,9277.0,14.5,43.400000000000006,41469.0,3725.0,747854.0,71.60000000000001,-51.800000000000004,True,59467.0,171889.0,94.4445701357466,8,20260519,매수,21.47,28.9,202603,71.64,24.53,2026.12E,2025.12,20260518,매수,False,True,True,True,True
047040,대우건설,KOSPI,건설,15830.0,65047.0,410907638.0,-7.21,1.94,-2195.0,8148.0,-26.93912616593029,40350.0,3320.0,,,,,,,,,,,,,,,False,,35154.0,122.07201516108654,9,20260713,매수,68.93,-6.03,202603,0.0,-17.33,,,,,False,True,True,True,True
326030,SK바이오팜,KOSPI,일반서비스,74600.0,58422.0,78313250.0,21.88,7.19,3409.0,10382.0,32.83567713350029,144100.0,74000.0,18.7932989041441,3969.5,3409.0,16.441771780580815,9575.0,3370.0,3109.0,35.5,65.3,2039.0,2670.0,7067.0,111.7,10.9,True,3370.0,135000.0,80.9651474530831,2,20260527,BUY,249.68,57.84,202603,111.69,37.23,2026.12E,2025.12,20260410,매수,False,True,True,True,True
032640,LG유플러스,KOSPI,통신,14250.0,60481.0,424427732.0,11.8,0.68,1208.0,20826.0,5.800441755497935,18800.0,13600.0,7.931207213224244,1796.7,1221.0,47.149877149877156,156530.0,11468.0,7565.0,1.3,28.5,8921.0,5239.0,154517.0,3.4000000000000004,39.900000000000006,True,11468.0,20167.0,41.52280701754386,6,20260630,BUY,6.6,1.49,202603,3.36,-5.95,2026.12E,2025.12,20260508,매수,False,True,True,True,True
021240,코웨이,KOSPI,일반서비스,94200.0,66663.0,70767426.0,11.01,1.84,8558.0,51065.0,16.759032605502792,114700.0,68800.0,,,,,,,,,,,,,,,False,,,,0,,,18.79,13.18,202603,10.47,9.06,,,,,False,True,True,True,True
004170,신세계,KOSPI,유통,561000.0,52987.0,9445181.0,389.58,1.1,1440.0,508154.0,0.2833786607996788,792000.0,160800.0,12.379569517571925,45316.600000000006,1590.0,2750.100628930818,78202.0,8578.0,3969.0,12.9,78.7,4800.0,139.0,69295.0,0.6000000000000001,-87.10000000000001,True,8578.0,710606.0,26.667736185383244,15,20260708,매수,49.49,10.88,202603,0.62,-8.57,2026.12E,2025.12,20260625,매수,False,True,True,True,True
267270,HD건설기계,KOSPI,기계·장비,122800.0,58848.0,47921897.0,21.88,1.18,5613.0,104016.0,5.396285186894325,217500.0,72900.0,,,,,,,,,,,,,,,False,,215250.0,75.28501628664495,5,20260710,매수,357.85,154.17,202603,-10.26,4.85,,,,,False,True,True,True,True
241560,두산밥캣,KOSPI,기계·장비,63200.0,60581.0,95856065.0,15.16,0.84,4168.0,75131.0,5.547643449441642,79700.0,51900.0,,,,,,,,,,,,,,,False,,90300.0,42.879746835443036,5,20260604,BUY,5.69,9.4,202603,-21.26,-9.62,,,,,False,True,True,True,True
029780,삼성카드,KOSPI,금융,47850.0,55438.0,115858891.0,8.58,0.58,5575.0,83059.0,6.712096220758738,69200.0,44050.0,,,,,46685.0,9118.0,6761.0,6.5,6.800000000000001,8537.0,6459.0,43829.0,-3.6,-2.8000000000000003,True,9118.0,63000.0,31.661442006269592,1,20260421,BUY,-14.25,20.46,202603,-3.58,0.38,2026.12E,2025.12,20260426,중립,False,True,True,True,True
062040,산일전기,KOSPI,전기·전자,168600.0,51618.0,30615850.0,34.47,8.75,4891.0,19269.0,25.382739114640096,341000.0,89100.0,,,,,6810.0,2523.0,,35.7,41.300000000000004,1786.0,,5019.0,63.5,,False,2523.0,323556.0,91.90747330960855,7,20260604,매수,47.87,52.1,202603,63.54,21.18,2026.12E,2025.12,20260604,매수,False,True,True,True,True
271560,오리온,KOSPI,음식료·담배,128400.0,50755.0,39528788.0,13.26,1.33,9680.0,96352.0,10.046496180670873,150100.0,99000.0,10.459092242025347,12276.400000000001,9682.0,26.796116504854382,37594.0,6476.0,4853.0,12.8,16.0,5583.0,3827.0,33324.0,2.7,-27.0,True,6476.0,182857.0,42.411993769470406,7,20260713,BUY,25.95,16.04,202603,2.7,6.21,2026.12E,2025.12,20260605,매수,False,True,True,True,True
001440,대한전선,KOSPI,전기·전자,28000.0,54878.0,195992596.0,61.95,3.25,452.0,8622.0,5.242403154720483,75900.0,14740.0,45.52845528455285,615.0,453.0,35.76158940397351,39389.0,1772.0,1143.0,8.3,37.800000000000004,1286.0,842.0,36360.0,11.700000000000001,19.6,True,1772.0,59000.0,110.71428571428572,5,20260701,BUY,122.88,26.64,202603,11.67,40.55,2026.12E,2025.12,20260401,매수,False,True,True,True,True
138930,BNK금융지주,KOSPI,금융,18020.0,55921.0,310327033.0,7.01,0.52,2570.0,34780.0,7.389304197814836,23050.0,13650.0,,,,,66660.0,11149.0,8584.0,3.0,23.5,9027.0,8150.0,64725.0,3.1,11.9,True,11149.0,23611.0,31.02663706992231,8,20260713,BUY,37.54,28.16,202603,3.06,-6.1,2026.12E,2025.12,20260430,매수,False,True,True,True,True
353200,대덕전자,KOSPI,전기·전자,117400.0,58015.0,49416925.0,127.06,6.74,924.0,17419.0,5.304552500143521,198000.0,17560.0,35.53914149058546,3303.4,924.0,257.5108225108225,14649.0,2064.0,1702.0,37.5,320.6,491.0,476.0,10653.0,335.70000000000005,100.30000000000001,True,2064.0,185357.0,57.885008517887556,13,20260710,BUY,0.0,60.8,202603,335.74,64.46,2026.12E,2025.12,20260407,매수,True,True,True,True,True
036570,NC,KOSPI,IT 서비스,227500.0,49013.0,21544022.0,14.2,1.31,16023.0,173511.0,9.234573024188668,343500.0,176100.0,10.817879220161673,21030.0,17876.0,17.643768180801075,25985.0,5139.0,4531.0,72.4,3096.3,161.0,3467.0,15069.0,-114.7,268.0,True,5139.0,368611.0,62.02681318681319,16,20260706,BUY,2070.08,54.71,202603,0.0,-25.15,2026.12E,2025.12,20260529,매수,True,True,True,True,True
000100,유한양행,KOSPI,제약,66700.0,53125.0,79647601.0,27.92,2.16,2389.0,30855.0,7.742667314859829,136400.0,65000.0,,,,,,,,,,,,,,,False,,121667.0,82.40929535232384,8,20260706,BUY,37.32,7.16,202603,90.19,48.24,,,,,False,True,True,True,True
034220,LG디스플레이,KOSPI,전기·전자,10350.0,51750.0,500000000.0,22.85,0.78,453.0,13208.0,3.429739551786796,17950.0,9020.0,,,,,,,,,,,,,,,False,,18500.0,78.74396135265701,2,20260619,BUY,338.44,-8.76,202603,0.0,0.0,,,,,False,True,True,True,True
009830,한화솔루션,KOSPI,화학,29850.0,51310.0,171892536.0,-8.01,0.56,-3728.0,52947.0,-7.041003267418362,59300.0,25700.0,,,,,,,,,,,,,,,False,,55908.0,87.2964824120603,11,20260611,매수,205.5,25.45,202603,0.0,-12.43,,,,,False,True,True,True,True
058470,리노공업,KOSDAQ,전기·전자,73100.0,55711.0,76211850.0,0.0,0.0,0.0,0.0,,129000.0,44000.0,27.88586251621271,2621.4,2002.0,30.93906093906094,4581.0,2233.0,1990.0,23.0,26.200000000000003,1770.0,1520.0,3725.0,42.5,34.1,True,2233.0,138333.0,89.23803009575923,5,20260707,Buy,0.0,0.0,202509,0.0,0.0,2026.12E,2025.12,20260413,매수,False,True,True,True,True
000990,DB하이텍,KOSPI,전기·전자,113500.0,49378.0,43504588.0,19.63,2.16,5783.0,52634.0,10.987194589048904,230500.0,42450.0,,,,,,,,,,,,,,,False,,189000.0,66.51982378854625,2,20260707,BUY,21.37,25.98,202603,45.3,-15.99,,,,,False,True,True,True,True
128940,한미약품,KOSPI,제약,356500.0,45671.0,12810991.0,26.94,3.62,13235.0,98560.0,13.428368506493507,647000.0,267500.0,23.205103169953784,15363.0,13372.0,14.88932096918935,16614.0,2629.0,1949.0,7.4,2.0,2578.0,1696.0,15475.0,19.200000000000003,39.800000000000004,True,2629.0,668000.0,87.37727910238429,10,20260713,BUY,-9.1,0.51,202603,19.25,18.94,2026.12E,2025.12,20260602,매수,False,True,True,True,True
240810,원익IPS,KOSDAQ,기계·장비,127100.0,62386.0,49083901.0,74.24,6.38,1712.0,19936.0,8.587479935794542,187800.0,27250.0,,,,,,,,,,,,,,,False,,176286.0,38.69866247049567,4,20260713,매수,0.0,32.77,202603,593.64,197.88,,,,,False,True,True,True,True
377300,카카오페이,KOSPI,금융,37950.0,51335.0,135270125.0,113.28,2.7,335.0,14062.0,2.382306926468497,79200.0,36550.0,35.947712418300654,1055.7,335.0,215.13432835820896,13278.0,1601.0,1428.0,38.5,217.9,504.0,452.0,9584.0,-187.60000000000002,-429.8,True,1601.0,75333.0,98.50592885375494,2,20260209,BUY,630.95,41.71,202603,0.0,0.0,2026.12E,2025.12,20260506,중립,True,True,True,True,True
175330,JB금융지주,KOSPI,금융,26950.0,50734.0,188253584.0,7.31,0.85,3688.0,31745.0,11.617577571271067,38500.0,21500.0,,,,,38093.0,10178.0,7342.0,6.6000000000000005,6.9,9523.0,7104.0,35718.0,5.1000000000000005,4.9,True,10178.0,34500.0,28.014842300556587,5,20260713,HOLD,1.77,8.2,202603,5.1,5.08,2026.12E,2025.12,20260424,매수,False,True,True,True,True
454910,두산로보틱스,KOSPI,기계·장비,66700.0,43235.0,64819980.0,-77.92,12.4,-856.0,5378.0,-15.916697657121606,170000.0,57400.0,,,,,,,,,,,,,,,False,,145000.0,117.3913043478261,1,20260519,BUY,0.0,189.7,202603,0.0,0.0,,,,,False,True,True,True,True
298380,에이비엘바이오,KOSDAQ,제약,74400.0,41655.0,55987463.0,-107.36,26.51,-693.0,2807.0,-24.688279301745634,257500.0,63300.0,,,,,,,,,,,,,,,False,,220000.0,195.69892473118279,2,20260602,BUY,0.0,506.83,202603,0.0,0.0,,,,,False,True,True,True,True
023530,롯데쇼핑,KOSPI,유통,146000.0,41302.0,28288755.0,80.13,0.27,1822.0,537131.0,0.3392096155314067,211000.0,62700.0,11.799791483136804,12373.1,1824.0,578.3497807017544,144139.0,8666.0,3498.0,4.9,58.400000000000006,5470.0,516.0,137384.0,15.600000000000001,-105.30000000000001,True,8666.0,207600.0,42.19178082191781,12,20260703,BUY,70.6,3.61,202603,15.63,13.44,2026.12E,2025.12,20260625,매수,False,True,True,True,True
141080,리가켐바이오,KOSDAQ,일반서비스,104300.0,38611.0,37019418.0,-51.4,7.49,-2029.0,13930.0,-14.565685570710695,225000.0,98300.0,,,,,,,,,,,,,,,False,,215000.0,106.13614573346118,2,20260708,BUY,0.0,-30.42,202603,0.0,0.0,,,,,False,True,True,True,True
319660,피에스케이,KOSDAQ,기계·장비,203500.0,58947.0,28966714.0,75.04,10.94,2712.0,18606.0,14.575943244114804,219500.0,19070.0,42.35965113132532,4804.1,2712.0,77.14233038348084,6939.0,1638.0,1392.0,51.800000000000004,85.0,885.0,785.0,4572.0,5.4,-0.7000000000000001,True,1638.0,168222.0,-17.335626535626535,7,20260707,BUY,108.44,53.59,202603,5.45,6.48,2026.12E,2025.12,20260518,매수,True,True,True,True,True
011790,SKC,KOSPI,화학,84300.0,41811.0,49598298.0,-4.35,3.45,-19393.0,24423.0,-79.40465954223478,184400.0,82100.0,,,,,,,,,,,,,,,False,,126667.0,50.25741399762752,3,20260528,중립,0.0,13.42,202603,0.0,0.0,,,,,False,True,True,True,True
000250,삼천당제약,KOSDAQ,제약,180000.0,42223.0,23457472.0,803.57,15.17,224.0,11868.0,1.887428378833839,1233000.0,159100.0,,,,,,,,,,,,,,,False,,,,0,,,692.36,28.15,202603,220.46,42.1,,,,,False,True,True,True,True
039030,이오테크닉스,KOSDAQ,기계·장비,357000.0,43981.0,12319550.0,76.87,6.39,4644.0,55838.0,8.316916795014148,623000.0,188700.0,76.67525773195877,4656.0,3540.0,31.52542372881356,3809.0,807.0,568.0,18.7,158.8,312.0,428.0,3209.0,0.8,17.0,True,807.0,575000.0,61.06442577030813,2,20260518,매수,105.75,35.69,202603,158.82,31.0,2025.12E,2024.12,20260402,매수,True,True,True,True,True
001040,CJ,KOSPI,금융,134500.0,39243.0,29176998.0,33.47,0.87,4019.0,155346.0,2.5871280882674803,235000.0,133000.0,11.179546002377212,12030.900000000001,4271.0,181.68812924373688,477201.0,27544.0,3995.0,6.0,9.0,25277.0,1433.0,450188.0,-0.2,52.0,True,27544.0,268000.0,99.25650557620817,2,20260519,매수,-13.24,8.03,202603,-0.18,6.22,2026.12E,2025.12,20260518,매수,False,True,True,True,True
222800,심텍,KOSDAQ,전기·전자,108000.0,40461.0,37463931.0,-21.8,7.0,-4955.0,15419.0,-32.135676762435956,164200.0,21400.0,-22.37924532211608,-4825.900000000001,-953.0,-406.3903462749214,14106.0,127.0,-1699.0,14.600000000000001,-127.0,-470.0,-303.0,12314.0,-46.7,-73.60000000000001,False,127.0,146176.0,35.34814814814815,8,20260710,BUY,0.0,39.12,202603,0.0,0.0,2025.12E,2024.12,20260224,매수,False,True,True,True,True
347850,디앤디파마텍,KOSDAQ,일반서비스,71600.0,32820.0,45837609.0,-130.9,39.21,-547.0,1826.0,-29.956188389923327,342500.0,57100.0,,,,,,,,,,,,,,,False,,,,0,,,0.0,-90.89,202603,0.0,0.0,,,,,False,True,True,True,True
002380,KCC,KOSPI,화학,418500.0,35961.0,8592896.0,2.42,0.39,173128.0,1063952.0,16.272162653954314,692000.0,345500.0,,,,,,,,,,,,,,,False,,732600.0,75.05376344086021,4,20260629,Buy,-14.81,1.69,202603,-9.23,2.78,,,,,False,True,True,True,True
088350,한화생명,KOSPI,보험,4305.0,37390.0,868530000.0,5.83,0.23,738.0,18466.0,3.996534170908697,7560.0,2930.0,,,,,,,,,,,,,,,False,,5983.0,38.97793263646922,10,20260708,BUY,29.47,54.69,202603,4.58,-2.52,,,20260116,중립,False,True,True,True,True
111770,영원무역,KOSPI,유통,84100.0,37266.0,44311468.0,7.57,0.87,11109.0,96154.0,11.553341514653576,103200.0,54900.0,,,,,,,,,,,,,,,False,,122500.0,45.65992865636147,4,20260526,BUY,46.26,10.41,202603,63.01,-3.35,,,,,False,True,True,True,True
051900,LG생활건강,KOSPI,화학,240500.0,36016.0,14975523.0,-42.28,0.74,-5688.0,325224.0,-1.7489484170909897,346500.0,210000.0,16.806194183170046,14310.2,-5980.0,339.3010033444816,62935.0,3944.0,2356.0,-1.0,131.0,1707.0,-1001.0,63555.0,-62.800000000000004,-152.9,True,3944.0,272000.0,13.097713097713099,7,20260610,MARKETPERFORM,-24.26,-7.14,202603,-62.82,-33.36,2026.12E,2025.12,20260622,중립,True,True,True,True,True
066970,엘앤에프,KOSPI,전기·전자,90800.0,36940.0,40682272.0,-6.31,5.19,-14393.0,17482.0,-82.3303969797506,225000.0,53200.0,1624.32915921288,55.900000000000006,-15508.0,100.36045911787464,32027.0,973.0,22.0,48.6,-162.0,-1568.0,-5335.0,21549.0,-71.9,41.2,True,973.0,243438.0,168.10352422907488,12,20260625,BUY,0.0,102.76,202603,0.0,0.0,2026.12E,2025.12,20260408,매수,False,True,True,True,True
087010,펩트론,KOSDAQ,제약,110000.0,25649.0,23317350.0,-110.0,16.79,-1000.0,6550.0,-15.267175572519085,392500.0,98000.0,,,,,,,,,,,,,,,False,,,,0,,,0.0,-5.68,202412,0.0,0.0,,,,,False,True,True,True,True
000500,가온전선,KOSPI,전기·전자,215000.0,35568.0,16543115.0,120.31,13.23,1787.0,16247.0,10.99895365298209,635000.0,52600.0,,,,,,,,,,,,,,,False,,,,0,,,27.19,19.44,202603,75.94,44.17,,,,,False,True,True,True,True
052690,한전기술,KOSPI,일반서비스,94100.0,35965.0,38220000.0,42.12,5.73,2234.0,16428.0,13.598733869004139,198000.0,80300.0,60.64316556035316,1551.7,2244.0,-30.85115864527629,6389.0,650.0,590.0,23.200000000000003,83.4,355.0,854.0,5188.0,-50.0,45.900000000000006,False,650.0,207583.0,120.59829968119023,9,20260630,BUY,194.78,13.33,202603,-50.02,67.75,2026.12E,2025.12,20260401,매수,True,True,True,True,True
069960,현대백화점,KOSPI,유통,153700.0,33145.0,21564912.0,16.75,0.73,9177.0,210969.0,4.349928188501629,222000.0,67900.0,11.94723627855638,12864.900000000001,9572.0,34.40137902214795,44719.0,4285.0,2747.0,5.7,13.4,3779.0,2077.0,42303.0,33.1,-677.7,True,4285.0,197522.0,28.511385816525696,15,20260708,매수,-12.16,-13.48,202603,33.06,7.07,2026.12E,2025.12,20260625,매수,False,True,True,True,True
082740,한화엔진,KOSPI,기계·장비,43500.0,36300.0,83447142.0,20.89,6.53,2082.0,6666.0,31.233123312331234,94400.0,25850.0,17.427186410800847,2496.1000000000004,2071.0,20.5263157894737,16829.0,2478.0,2082.0,22.700000000000003,90.5,1301.0,1738.0,13711.0,81.80000000000001,119.5,True,2478.0,94692.0,117.68275862068967,9,20260708,매수,130.27,8.5,202603,81.83,27.28,2026.12E,2025.12,20260615,매수,True,True,True,True,True
018880,한온시스템,KOSPI,기계·장비,3400.0,34893.0,1026262552.0,-13.23,0.93,-257.0,3671.0,-7.000817216017434,5940.0,2755.0,22.32435981615233,152.3,-292.6,152.05058099794942,111943.0,3922.0,1563.0,2.9000000000000004,45.1,2704.0,-1985.0,108837.0,183.0,-45.300000000000004,True,3922.0,4992.0,46.82352941176471,13,20260709,매수,361.12,5.0,202603,183.0,42.4,2026.12E,2025.12,20260504,매수,False,True,True,True,True
440110,파두,KOSDAQ,전기·전자,71300.0,35722.0,50101427.0,-46.6,182.35,-1530.0,391.0,-391.30434782608694,129400.0,10900.0,,,,,,,,,,,,,,,False,,130000.0,82.328190743338,1,20260512,매수,0.0,209.79,202603,0.0,0.0,,,,,False,True,True,True,True
004020,현대제철,KOSPI,금속,26250.0,35030.0,133445785.0,-504.81,0.18,-52.0,147255.0,-0.03531289260126991,50400.0,25500.0,208.00316957210777,126.2,-88.0,243.4090909090909,229558.0,2770.0,166.0,-1.2000000000000002,73.60000000000001,1595.0,-116.0,232261.0,-80.0,-102.5,True,2770.0,48600.0,85.14285714285714,10,20260713,BUY,0.0,3.17,202603,37.46,-31.06,2025.12E,2024.12,20260319,매수,False,True,True,True,True
012510,더존비즈온,KOSPI,IT 서비스,120000.0,34949.0,29123883.0,40.91,5.68,2933.0,21123.0,13.88533825687639,156000.0,61900.0,,,,,,,,,,,,,,,False,,99500.0,-17.083333333333332,2,20260205,BUY,62.22,18.21,202603,45.04,41.89,,,,,False,True,True,True,True
010060,OCI홀딩스,KOSPI,금융,184000.0,34353.0,18670232.0,-38.56,0.87,-4772.0,210598.0,-2.2659284513623112,414000.0,83400.0,,,,,,,,,,,,,,,False,,394000.0,114.13043478260869,8,20260709,매수,-77.7,-5.88,202603,0.0,-36.76,,,,,False,True,True,True,True
214450,파마리서치,KOSDAQ,제약,318500.0,33091.0,10389648.0,22.42,5.34,14209.0,59603.0,23.839404056842774,713000.0,255000.0,15.967473479455348,19946.800000000003,15893.0,25.506826904926715,6499.0,2597.0,2072.0,21.200000000000003,21.1,2144.0,1651.0,5363.0,70.10000000000001,79.4,True,2597.0,476667.0,49.65996860282574,8,20260625,BUY,28.08,24.97,202603,70.09,48.89,2026.12E,2025.12,20260630,매수,False,True,True,True,True
084370,유진테크,KOSDAQ,기계·장비,147000.0,33687.0,22916042.0,79.33,7.22,1853.0,20368.0,9.097604084838963,231500.0,40500.0,39.43450384955871,3727.7000000000003,1906.0,95.57712486883527,4327.0,894.0,841.0,23.5,73.10000000000001,517.0,425.0,3503.0,-15.5,-32.9,True,894.0,156667.0,6.576190476190476,3,20260518,매수,104.65,22.51,202603,-15.54,27.1,2026.12E,2025.12,20260518,매수,False,True,True,True,True
403870,HPSP,KOSDAQ,기계·장비,42000.0,34566.0,82300000.0,0.0,0.0,0.0,0.0,,92000.0,24300.0,27.503110470827057,1527.1000000000001,901.0,69.48945615982244,2434.0,1251.0,1240.0,40.7,39.1,899.0,727.0,1730.0,-4.3,-15.8,True,1251.0,65000.0,54.761904761904766,6,20260707,BUY,0.0,0.0,202509,0.0,0.0,2026.12E,2025.12,20260518,매수,False,True,True,True,True
001450,현대해상,KOSPI,보험,37200.0,31712.0,85248250.0,3.26,0.57,11407.0,65772.0,17.343246366234872,44250.0,25500.0,,,,,,,,,,,,,,,False,,41938.0,12.736559139784948,10,20260713,매수,14.38,10.18,202603,1.36,3.39,,,20260224,매수,False,True,True,True,True
214370,케어젠,KOSDAQ,제약,62700.0,33679.0,53715000.0,167.65,14.42,374.0,4348.0,8.601655933762649,153800.0,37250.0,,,,,,,,,,,,,,,False,,,,0,,,0.45,6.63,202603,-40.44,-11.85,,,,,False,True,True,True,True
035250,강원랜드,KOSPI,오락·문화,14520.0,31064.0,213940500.0,9.76,0.73,1487.0,19841.0,7.494581926314198,20700.0,13920.0,,,,,,,,,,,,,,,False,,20333.0,40.03443526170799,3,20260703,BUY,-7.2,3.44,202603,-17.66,4.44,,,,,False,True,True,True,True
251270,넷마블,KOSPI,IT 서비스,36900.0,30234.0,81934571.0,14.09,0.56,2618.0,66269.0,3.9505651209464454,69000.0,34450.0,7.791056120940839,4736.2,2746.0,72.47632920611798,29787.0,3896.0,3882.0,5.1000000000000005,10.5,3525.0,2250.0,28351.0,63.5,777.7,True,3896.0,62300.0,68.83468834688347,9,20260710,BUY,6.73,4.46,202603,63.47,21.16,2026.12E,2025.12,20260507,매수,False,True,True,True,True
036460,한국가스공사,KOSPI,전기·가스,32350.0,29863.0,92313000.0,22.45,0.26,1441.0,123774.0,1.1642186565837735,46750.0,31150.0,,,,,,,,,,,,,,,False,,44667.0,38.0741885625966,3,20260528,BUY,9.12,-7.31,202603,-30.04,8.79,,,,,False,True,True,True,True
214150,클래시스,KOSDAQ,의료·정밀기기,45550.0,29715.0,65235659.0,22.62,5.37,2014.0,8487.0,23.730411217155652,77600.0,40150.0,18.616151708353765,2446.8,2017.0,21.308874566187416,4571.0,2060.0,1594.0,35.7,20.8,1706.0,1319.0,3368.0,39.300000000000004,34.800000000000004,True,2060.0,75833.0,66.48298572996707,11,20260619,BUY,-4.08,13.05,202603,39.33,35.36,2026.12E,2025.12,20260513,매수,False,True,True,True,True
009420,한올바이오파마,KOSPI,제약,50300.0,26277.0,52240638.0,-474.53,15.8,-106.0,3184.0,-3.329145728643216,73000.0,25550.0,,,,,,,,,,,,,,,False,,90200.0,79.32405566600397,4,20260601,BUY,0.0,10.73,202603,0.0,-14.24,,,,,False,True,True,True,True
310210,보로노이,KOSDAQ,일반서비스,144900.0,26692.0,18420949.0,-62.38,25.4,-2323.0,5705.0,-40.71866783523225,375500.0,106600.0,,,,,,,,,,,,,,,False,,450000.0,210.55900621118013,1,20260420,BUY,0.0,0.0,202603,0.0,0.0,,,,,False,True,True,True,True
103590,일진전기,KOSPI,전기·전자,62500.0,29803.0,47685390.0,28.68,5.06,2179.0,12347.0,17.648011662752086,147900.0,33500.0,19.16413700058259,3261.3,2179.0,49.669573198715014,23586.0,2231.0,1555.0,15.4,47.6,1512.0,1039.0,20446.0,89.60000000000001,124.9,True,2231.0,134333.0,114.93279999999999,2,20260701,BUY,49.11,10.65,202603,89.65,71.28,2026.12E,2025.12,20260401,매수,False,True,True,True,True
031210,서울보증보험,KOSPI,보험,41850.0,29220.0,69821598.0,10.89,0.56,3844.0,74331.0,5.171462781342912,64800.0,39650.0,,,,,,,,,,,,,,,False,,56000.0,33.811230585424134,1,20260611,BUY,242.75,23.88,202603,34.34,-12.7,,,,,False,True,True,True,True
145020,휴젤,KOSDAQ,제약,227000.0,27930.0,12304033.0,20.0,2.58,11348.0,88011.0,12.893842815102657,369000.0,208500.0,15.198178896625603,14936.0,13061.0,14.355715488859966,5082.0,2079.0,1613.0,19.5,3.5,2009.0,1409.0,4251.0,20.8,3.7,True,2079.0,391250.0,72.3568281938326,7,20260707,BUY,22.26,29.86,202603,20.83,26.05,2026.12E,2025.12,20260407,매수,False,True,True,True,True
097950,CJ제일제당,KOSPI,음식료·담배,186000.0,28001.0,15054186.0,-5.33,0.42,-34884.0,440524.0,-7.918751305263731,263000.0,172600.0,7.815027541669642,23800.300000000003,-35668.0,166.72731860491197,288181.0,12708.0,3810.0,5.4,3.0,12336.0,-5715.0,273426.0,-15.0,-532.0,True,12708.0,310000.0,66.66666666666666,4,20260713,BUY,-17.21,6.04,202603,-15.05,-8.34,2026.12E,2025.12,20260605,매수,False,True,True,True,True
302440,SK바이오사이언스,KOSPI,제약,35000.0,27460.0,78456553.0,-47.75,1.53,-733.0,22806.0,-3.2140664737349818,61300.0,33850.0,-44.76275738585496,-781.9000000000001,-733.0,-6.671214188267406,7154.0,-948.0,-613.0,9.8,-23.200000000000003,-1235.0,-574.0,6514.0,-10.8,6.6000000000000005,False,-948.0,,,0,,,0.0,9.09,202603,0.0,0.0,2026.12E,2025.12,20260507,중립,False,True,True,True,True
095340,ISC,KOSDAQ,유통,150000.0,31796.0,21197058.0,56.65,5.72,2648.0,26223.0,10.098005567631468,292500.0,55100.0,31.830914183855356,4712.400000000001,2743.0,71.79730222384254,3319.0,1123.0,988.0,50.7,87.0,601.0,561.0,2202.0,34.1,2.7,True,1123.0,288571.0,92.38066666666667,6,20260624,BUY,237.78,115.48,202603,34.1,90.14,2026.12E,2025.12,20260427,매수,True,True,True,True,True
139130,iM금융지주,KOSPI,금융,18170.0,28775.0,158363408.0,6.74,0.47,2696.0,38725.0,6.961910910264687,22000.0,13050.0,,,,,39686.0,7212.0,5220.0,4.3,23.700000000000003,5832.0,4439.0,38044.0,121.4,106.60000000000001,True,7212.0,23500.0,29.334067143643367,7,20260713,BUY,-7.25,82.94,202603,121.4,18.87,2026.12E,2025.12,20260429,중립,False,True,True,True,True
383220,F&F,KOSPI,섬유·의류,77300.0,29611.0,38307075.0,7.43,1.54,10404.0,50123.0,20.75693793268559,89000.0,58000.0,,,,,,,,,,,,,,,False,,98625.0,27.587322121604142,8,20260521,BUY,24.16,10.93,202603,3.96,-3.07,,,,,False,True,True,True,True
108490,로보티즈,KOSDAQ,기계·장비,195500.0,28662.0,14661028.0,518.57,9.01,377.0,21707.0,1.7367669415395957,464000.0,70000.0,222.33594905038098,879.3000000000001,385.0,128.3896103896104,573.0,59.0,129.0,47.300000000000004,75.4,33.0,51.0,389.0,-212.5,-261.5,True,59.0,432667.0,121.31304347826087,3,20260629,BUY,0.0,15.83,202603,0.0,0.0,2026.12E,2025.12,20260615,매수,False,True,True,True,True
022100,포스코DX,KOSPI,일반서비스,19220.0,29221.0,152034729.0,56.03,5.12,343.0,3752.0,9.14179104477612,45600.0,18570.0,,,,,,,,,,,,,,,False,,,,0,,,-84.0,-18.62,202603,-44.59,8.32,,,,,False,True,True,True,True
011780,금호석유화학,KOSPI,화학,116100.0,29208.0,25157325.0,11.8,0.48,9843.0,244373.0,4.0278590515318795,162300.0,102800.0,9.064151709385026,12808.7,11300.0,13.351327433628324,72087.0,2777.0,3178.0,4.2,2.1,2718.0,2909.0,69151.0,-0.4,-16.5,True,2777.0,165875.0,42.87252368647717,7,20260629,Hold,-50.75,-6.72,202603,-0.36,-31.02,2026.12E,2025.12,20260508,매수,False,True,True,True,True
426030,TIME 미국나스닥100액티브,KOSPI,ETF(Active/수익증권),52185.0,26865.0,51480000.0,0.0,0.0,0.0,0.0,,62645.0,29875.0,,,,,,,,,,,,,,,False,,,,0,,,,,,,,,,,,False,True,True,True,True
336260,두산퓨얼셀,KOSPI,전기·전자,43100.0,28228.0,65493726.0,-26.56,9.6,-1623.0,4491.0,-36.138944555778224,108900.0,21300.0,,,,,,,,,,,,,,,False,,77143.0,78.9860788863109,5,20260707,BUY,0.0,45.21,202603,0.0,0.0,,,,,False,True,True,True,True
095610,테스,KOSDAQ,기계·장비,217500.0,42108.0,19360000.0,75.39,9.85,2885.0,22090.0,13.060208239022181,236500.0,23250.0,40.7249985956897,5340.700000000001,3244.0,64.63316892725032,4817.0,913.0,945.0,37.2,57.800000000000004,578.0,569.0,3511.0,50.300000000000004,33.4,False,913.0,160867.0,-26.038160919540232,7,20260713,매수,36.45,15.09,202603,50.33,16.78,2026.12E,2025.12,20260514,매수,False,True,True,True,True
012750,에스원,KOSPI,일반서비스,73100.0,27777.0,37999178.0,15.56,1.41,4699.0,51947.0,9.045758176603076,103000.0,66800.0,,,,,,,,,,,,,,,False,,101000.0,38.16689466484268,3,20260210,BUY,-62.32,-0.06,202603,12.1,4.89,,,,,False,True,True,True,True
080220,제주반도체,KOSDAQ,전기·전자,73700.0,25384.0,34442833.0,64.25,10.93,1147.0,6742.0,17.012755858795607,138000.0,13380.0,,,,,,,,,,,,,,,False,,,,0,,,1714.12,272.57,202603,274.41,65.3,,,,,False,True,True,True,True
028670,팬오션,KOSPI,운송·창고,5110.0,27317.0,534569512.0,9.06,0.48,564.0,10707.0,5.267581955729896,6600.0,3485.0,6.9353963083604775,736.8000000000001,564.0,30.638297872340438,59791.0,5721.0,3939.0,10.100000000000001,16.3,4919.0,3014.0,54329.0,4.4,12.4,True,5721.0,7546.0,47.671232876712324,10,20260710,BUY,24.39,8.29,202603,4.41,-8.2,2026.12E,2025.12,20260608,매수,False,True,True,True,True
483650,달바글로벌,KOSPI,화학,197900.0,24707.0,12484665.0,29.99,12.35,6599.0,16022.0,41.18711771314443,274500.0,116200.0,19.29959723427702,10254.1,6594.0,55.50652107976949,7741.0,,,,,,,5197.0,,,False,,281938.0,42.46488125315816,12,20260702,BUY,50.05,50.53,202603,69.56,51.33,2026.12E,2025.12,20260513,매수,False,True,True,True,True
178320,서진시스템,KOSDAQ,전기·전자,37700.0,23996.0,63650737.0,-20.94,2.87,-1800.0,13127.0,-13.712196236763921,83300.0,18410.0,,,,,,,,,,,,,,,False,,74500.0,97.61273209549071,2,20260713,BUY,0.0,-0.39,202603,-98.95,1.66,,,,,False,True,True,True,True
017800,현대엘리베이터,KOSPI,기계·장비,68600.0,26817.0,39092385.0,10.23,1.83,6703.0,37450.0,17.89853137516689,113400.0,67000.0,,,,,,,,,,,,,,,False,,120000.0,74.9271137026239,1,20260409,BUY,-16.34,-8.17,202603,-7.32,85.99,,,,,False,True,True,True,True
131290,티에스이,KOSDAQ,의료·정밀기기,277000.0,30640.0,11061429.0,80.15,7.83,3456.0,35375.0,9.769611307420496,294000.0,36150.0,,,,,,,,,,,,,,,False,,280000.0,1.083032490974729,2,20260702,Buy,1246.96,81.46,202603,23.24,7.75,,,,,False,True,True,True,True
014680,한솔케미칼,KOSPI,화학,239500.0,26376.0,11012899.0,18.43,2.41,12993.0,99420.0,13.068799034399516,346500.0,158600.0,16.215301286391334,14770.0,13428.0,9.994042299672326,10015.0,1809.0,1610.0,13.3,15.8,1562.0,1473.0,8840.0,21.3,20.1,True,1809.0,404375.0,68.84133611691024,7,20260709,매수,6.52,10.64,202603,21.28,-2.73,2026.12E,2025.12,20260629,매수,False,True,True,True,True
031980,피에스케이홀딩스,KOSDAQ,기계·장비,141000.0,30403.0,21562395.0,33.16,6.0,4252.0,23484.0,18.105944472832565,173000.0,30200.0,23.6271930559512,5967.700000000001,4252.0,40.35042333019757,2924.0,1120.0,1287.0,40.800000000000004,52.6,734.0,917.0,2078.0,-17.0,-4.3,True,1120.0,184857.0,31.104255319148937,5,20260707,BUY,-3.86,-10.16,202603,-17.05,90.19,2026.12E,2025.12,20260518,매수,False,True,True,True,True
005850,에스엘,KOSPI,운송장비·부품,52900.0,24571.0,46448520.0,7.9,0.95,6692.0,55423.0,12.07440954116522,79500.0,31350.0,,,,,,,,,,,,,,,False,,92000.0,73.91304347826086,7,20260526,BUY,20.55,12.51,202603,3.02,33.49,,,,,False,True,True,True,True
004800,효성,KOSPI,금융,143200.0,23972.0,16740407.0,7.27,0.98,19707.0,146168.0,13.482431175086202,318000.0,75100.0,,,,,,,,,,,,,,,False,,265000.0,85.05586592178771,1,20260506,BUY,15.62,-4.28,202603,77.73,116.71,,,,,False,True,True,True,True
011170,롯데케미칼,KOSPI,화학,59800.0,25580.0,42775419.0,-1.26,0.2,-47624.0,298452.0,-15.957004811493974,119500.0,58500.0,-3.8190364277320796,-15658.400000000001,-48311.0,67.58833391981122,195730.0,1327.0,-6603.0,5.9,-114.10000000000001,-9431.0,-20371.0,184830.0,3.1,19.1,True,1327.0,124700.0,108.52842809364549,10,20260526,BUY,0.0,1.81,202603,0.0,0.0,2026.12E,2025.12,20260609,매수,False,True,True,True,True
456600,TIME 글로벌AI인공지능액티브,KOSPI,ETF(Active/수익증권),65105.0,24831.0,38140000.0,0.0,0.0,0.0,0.0,,77300.0,29230.0,,,,,,,,,,,,,,,False,,,,0,,,,,,,,,,,,False,True,True,True,True
237690,에스티팜,KOSDAQ,제약,128100.0,26742.0,20875838.0,47.34,4.47,2706.0,28666.0,9.439754412893322,172100.0,81900.0,,,,,,,,,,,,,,,False,,207125.0,61.69008587041374,8,20260708,매수,1024.65,27.74,202603,98.37,56.25,,,,,False,True,True,True,True
026960,동서,KOSPI,유통,25250.0,25174.0,99700000.0,17.38,1.45,1453.0,17452.0,8.325693330277332,32200.0,22350.0,,,,,,,,,,,,,,,False,,,,0,,,-11.72,5.04,202603,1.94,5.09,,,,,False,True,True,True,True
450080,에코프로머티,KOSPI,전기·전자,35100.0,24856.0,70813870.0,-56.8,3.32,-618.0,10577.0,-5.842866597333837,88800.0,34150.0,,,,,,,,,,,,,,,False,,,,0,,,0.0,22.38,202603,0.0,20.8,,,,,False,True,True,True,True
001720,신영증권,KOSPI,증권,149700.0,24611.0,16440000.0,16.5,0.59,9073.0,253168.0,3.583786260506857,272000.0,117800.0,,,,,,,,,,,,,,,False,,,,0,,,43.85,28.58,202603,43.85,23.7,,,,,False,True,True,True,True
226950,올릭스,KOSDAQ,일반서비스,123700.0,25139.0,20322483.0,-159.82,18.36,-774.0,6738.0,-11.487088156723063,217000.0,36350.0,,,,,,,,,,,,,,,False,,,,0,,,0.0,265.8,202603,0.0,0.0,,,,,False,True,True,True,True
161890,한국콜마,KOSPI,화학,106300.0,25092.0,23605077.0,20.06,2.76,5299.0,38566.0,13.740081937457866,124600.0,60600.0,13.034947884733292,8155.0,5299.0,53.89696169088507,30961.0,3299.0,1925.0,13.700000000000001,37.7,2396.0,1251.0,27224.0,23.6,38.900000000000006,True,3299.0,124852.0,17.452492944496708,18,20260713,BUY,31.61,11.48,202603,23.6,50.59,2026.12E,2025.12,20260622,매수,False,True,True,True,True
081660,미스토홀딩스,KOSPI,유통,44950.0,23865.0,53091840.0,12.01,1.23,3743.0,36406.0,10.281272317749822,55800.0,35400.0,,,,,,,,,,,,,,,False,,55000.0,22.35817575083426,2,20260709,BUY,19.05,4.17,202603,31.59,6.74,,,,,False,True,True,True,True
003690,코리안리,KOSPI,보험,13750.0,24299.0,176721031.0,8.32,0.66,1653.0,20843.0,7.930720145852324,15400.0,10010.0,,,,,,,,,,,,,,,False,,16000.0,16.363636363636363,3,20260518,BUY,135.91,10.37,202603,16.16,10.28,,,,,False,True,True,True,True
064760,티씨케이,KOSDAQ,비금속,236500.0,26439.0,11179416.0,38.35,5.35,6167.0,44219.0,13.946493588728828,348500.0,90400.0,24.71522625143693,9569.0,6138.0,55.897686542847836,3977.0,1297.0,1069.0,32.0,54.6,839.0,699.0,3013.0,3.9000000000000004,-2.9000000000000004,True,1297.0,385000.0,62.7906976744186,5,20260707,BUY,21.06,21.65,202412,21.06,-1.19,2026.12E,2025.12,20260629,매수,False,True,True,True,True
319400,현대무벡스,KOSDAQ,기계·장비,20600.0,22943.0,111376039.0,208.08,14.16,99.0,1455.0,6.804123711340206,50400.0,4310.0,,,,,,,,,,,,,,,False,,,,0,,,0.0,-3.54,202603,-25.88,133.75,,,,,False,True,True,True,True
006360,GS건설,KOSPI,건설,28000.0,23963.0,85581490.0,25.62,0.5,1093.0,56462.0,1.9358152385675322,44850.0,17790.0,25.406043008801376,1102.1000000000001,2893.0,-61.90459730383684,124504.0,6639.0,936.0,-3.2,132.20000000000002,2860.0,2456.0,128638.0,-173.70000000000002,-151.0,False,6639.0,47547.0,69.81071428571428,14,20260713,매수,4.39,-21.63,202603,53.11,17.7,2025.12E,2024.12,20260409,매수,True,True,True,True,True
009970,영원무역홀딩스,KOSPI,금융,185800.0,24068.0,12953817.0,6.85,0.72,27133.0,259821.0,10.442958806255076,262000.0,116900.0,,,,,,,,,,,,,,,False,,,,0,,,19.1,7.26,202603,42.25,-3.81,,,,,False,True,True,True,True
000240,한국앤컴퍼니,KOSPI,금융,24400.0,23164.0,94935240.0,6.67,0.48,3658.0,50477.0,7.246864908770331,36450.0,21000.0,,,,,,,,,,,,,,,False,,33000.0,35.24590163934426,1,20260421,BUY,-4.11,-2.65,202603,-1.59,22.02,,,,,False,True,True,True,True
257720,실리콘투,KOSDAQ,유통,36500.0,23935.0,65576252.0,13.99,5.23,2609.0,6976.0,37.399655963302756,57100.0,29850.0,11.15627960998869,3271.7000000000003,2756.0,18.71190130624094,15933.0,2697.0,2098.0,42.7,31.3,2054.0,1686.0,11163.0,49.300000000000004,39.6,True,2697.0,52500.0,43.83561643835616,4,20260701,BUY,35.22,41.06,202603,49.27,157.59,2026.12E,2025.12,20260513,매수,False,True,True,True,True
004990,롯데지주,KOSPI,금융,23050.0,22973.0,99663776.0,-3.76,0.29,-6125.0,79142.0,-7.739253493720148,39600.0,22550.0,,,,,,,,,,,,,,,False,,33000.0,43.16702819956616,1,20260519,매수,156.62,1.03,202603,-29.67,-19.97,,,,,False,True,True,True,True
067310,하나마이크론,KOSDAQ,전기·전자,38250.0,25429.0,66480426.0,66.52,6.37,575.0,6007.0,9.572165806559015,58500.0,10400.0,12.303387050082023,3108.9,637.0,388.05337519623237,21954.0,3155.0,2065.0,43.1,147.1,1277.0,381.0,15344.0,19.6,-260.1,True,3155.0,56333.0,47.275816993464055,4,20260610,BUY,513.61,62.84,202603,19.57,19.97,2026.12E,2025.12,20260629,매수,True,True,True,True,True
375500,DL이앤씨,KOSPI,건설,59500.0,23023.0,38693623.0,6.9,0.47,8625.0,126050.0,6.8425228084093614,106600.0,38450.0,6.33970144800912,9385.300000000001,5413.0,73.38444485497877,74024.0,3870.0,3956.0,-11.0,42.800000000000004,2709.0,2292.0,83184.0,-18.1,22.0,True,3870.0,122545.0,105.95798319327731,15,20260709,Buy,94.34,-4.59,202603,42.82,-2.9,2025.12E,2024.12,20260409,매수,False,True,True,True,True
085620,미래에셋생명,KOSPI,보험,16130.0,21805.0,135180000.0,24.44,0.86,660.0,18762.0,3.517748640869843,37300.0,6650.0,,,,,,,,,,,,,,,False,,14000.0,-13.205207687538747,1,20260518,Trading BUY,73.78,159.51,202603,59.27,10.99,,,,,False,True,True,True,True
357780,솔브레인,KOSDAQ,화학,304500.0,23686.0,7778566.0,29.96,2.21,10164.0,137853.0,7.373071315096516,530000.0,188500.0,18.187030765647116,16742.7,10285.0,62.787554691298006,11073.0,1779.0,1282.0,19.900000000000002,33.1,1336.0,791.0,9234.0,-20.400000000000002,-33.2,True,1779.0,551667.0,81.17142857142858,6,20260528,BUY,24.0,25.94,202603,-20.43,-10.05,2026.12E,2025.12,20260629,매수,False,True,True,True,True
089970,브이엠,KOSDAQ,기계·장비,114700.0,30197.0,26326765.0,112.67,16.81,1018.0,6824.0,14.917936694021103,122100.0,10300.0,,,,,,,,,,,,,,,False,,102429.0,-10.698343504795117,4,20260707,BUY,1503.56,396.38,202603,0.0,0.0,,,,,False,True,True,True,True
263750,펄어비스,KOSDAQ,IT 서비스,34150.0,21461.0,62843910.0,-260.69,2.62,-131.0,13011.0,-1.0068403658442855,77400.0,29000.0,24.351112378779234,1402.4,982.0,42.81059063136457,4562.0,670.0,861.0,33.2,-644.8000000000001,-123.0,603.0,3424.0,-24.8,296.8,True,670.0,62429.0,82.80819912152269,7,20260630,BUY,2597.44,419.57,202603,0.0,0.0,2025.12E,2024.12,20250422,중립,False,True,True,True,True
005290,동진쎄미켐,KOSDAQ,화학,43750.0,22299.0,50970126.0,22.7,2.07,1927.0,21091.0,9.136598549144184,72200.0,27950.0,,,,,,,,,,,,,,,False,,,,0,,,39.39,13.22,202603,-1.69,-6.89,,,,,False,True,True,True,True
139480,이마트,KOSPI,유통,80300.0,22159.0,27595819.0,16.32,0.2,4921.0,410591.0,1.198516285062264,136400.0,70300.0,7.212661229475802,11133.2,5084.0,118.985051140834,287530.0,5533.0,2982.0,-0.8,71.60000000000001,3225.0,1362.0,289704.0,584.8000000000001,-123.10000000000001,True,5533.0,121250.0,50.996264009962644,6,20260710,매수,11.93,-1.32,202603,584.83,194.94,2026.12E,2025.12,20260514,매수,False,True,True,True,True
489790,한화비전,KOSPI,전기·전자,41950.0,21180.0,50488390.0,46.46,2.44,903.0,17188.0,5.253665347917152,97900.0,35650.0,,,,,,,,,,,,,,,False,,,,0,,,-55.32,-2.31,202603,2868.57,1434.29,2023.12E,2023.12E,20260512,매수,False,True,True,True,True
204320,HL만도,KOSPI,운송장비·부품,44850.0,21060.0,46957120.0,21.06,0.78,2130.0,57793.0,3.6855674562663294,79100.0,32150.0,12.98682496018532,3453.5,2130.4,62.10570784829139,97786.0,4090.0,1622.0,3.4000000000000004,14.5,3571.0,1000.0,94548.0,-0.5,-23.0,True,4090.0,81417.0,81.53177257525084,9,20260707,BUY,18.19,1.79,202603,-0.46,13.52,2026.12E,2025.12,20260429,중립,False,True,True,True,True
030000,제일기획,KOSPI,일반서비스,18730.0,21547.0,115041225.0,10.38,1.21,1804.0,15525.0,11.619967793880837,23300.0,17760.0,,,,,,,,,,,,,,,False,,24500.0,30.806193272824345,2,20260427,BUY,-37.58,-2.1,202603,5.04,2.69,,,,,False,True,True,True,True
004370,농심,KOSPI,음식료·담배,350500.0,21320.0,6082642.0,12.53,0.72,27970.0,485193.0,5.764716308767851,579000.0,319000.0,10.798204509675251,32459.100000000002,29342.0,10.623338559062102,37146.0,2116.0,1877.0,5.7,15.0,1839.0,1701.0,35143.0,12.8,8.200000000000001,True,2116.0,525000.0,49.78601997146933,2,20260610,BUY,20.29,4.59,202603,12.79,26.25,2026.12E,2025.12,20260605,중립,False,True,True,True,True
279570,케이뱅크,KOSPI,금융,5550.0,22516.0,405695151.0,0.0,0.0,0.0,0.0,,9880.0,5210.0,,,,,8741.0,165.0,128.0,67.5,-82.10000000000001,165.0,128.0,8741.0,-82.10000000000001,-84.7,False,165.0,8250.0,48.64864864864865,1,20260713,BUY,,,,,,2023.12E,2023.12E,20260502,중립,False,True,True,True,True
008930,한미사이언스,KOSPI,금융,32050.0,21919.0,68391550.0,18.52,2.26,1731.0,14205.0,12.185850052798312,55500.0,25600.0,,,,,,,,,,,,,,,False,,,,0,,,24.0,6.7,202603,50.07,39.82,,,,,False,True,True,True,True
005440,현대지에프홀딩스,KOSPI,금융,13560.0,21141.0,155904301.0,5.13,0.53,2643.0,25658.0,10.300880816899213,19790.0,7150.0,,,,,,,,,,,,,,,False,,19000.0,40.117994100294986,1,20260626,매수,23.92,0.56,202603,38.35,12.78,,,,,False,True,True,True,True
282330,BGF리테일,KOSPI,유통,122200.0,21121.0,17283906.0,10.82,1.61,11297.0,76009.0,14.862713626017971,147800.0,101200.0,8.757408323121133,13953.900000000001,11303.0,23.453065557816522,95190.0,3116.0,2411.0,5.1000000000000005,22.700000000000003,2539.0,1953.0,90612.0,0.9,0.0,True,3116.0,174100.0,42.47135842880524,9,20260520,BUY,68.44,5.15,202603,0.92,0.21,2026.12E,2025.12,20260619,매수,False,True,True,True,True
007070,GS리테일,KOSPI,유통,25500.0,21320.0,83607415.0,49.13,0.65,519.0,39303.0,1.3205098847416228,29950.0,15610.0,9.88908710152796,2578.6000000000004,520.0,395.8846153846154,124707.0,3478.0,2155.0,4.3,19.1,2921.0,434.0,119574.0,14.100000000000001,1604.9,True,3478.0,31192.0,22.32156862745098,11,20260703,BUY,39.37,3.82,202603,14.05,-5.72,2026.12E,2025.12,20260508,매수,False,True,True,True,True
462870,시프트업,KOSPI,IT 서비스,32300.0,18945.0,58654340.0,9.9,2.03,3261.0,15882.0,20.532678503966757,45850.0,27500.0,9.770706031822856,3305.8,2734.0,20.91441111923922,2942.0,1811.0,1911.0,31.3,18.6,1527.0,1480.0,2241.0,37.5,38.7,False,1811.0,44429.0,37.55108359133127,7,20260630,BUY,-18.08,12.02,202603,18.83,188.13,2025.12E,2024.12,20260212,매수,False,True,True,True,True
294400,KIWOOM 200TR,KOSPI,ETF(실물복제/수익증권),143845.0,18412.0,12800000.0,0.0,0.0,0.0,0.0,,199460.0,54380.0,,,,,,,,,,,,,,,False,,,,0,,,,,,,,,,,,False,True,True,True,True
007340,DN오토모티브,KOSPI,전기·전자,36700.0,21473.0,58510865.0,7.63,0.95,4809.0,38780.0,12.40072202166065,54200.0,21550.0,,,,,,,,,,,,,,,False,,55000.0,49.863760217983646,2,20260617,BUY,5.04,15.81,202603,0.95,7.97,,,,,False,True,True,True,True
071970,HD현대마린엔진,KOSPI,기계·장비,55400.0,18793.0,33921495.0,11.38,3.84,4867.0,14413.0,33.76812599736349,118200.0,46050.0,,,,,,,,,,,,,,,False,,130500.0,135.5595667870036,2,20260512,BUY,217.01,60.76,202603,128.69,91.52,,,,,False,True,True,True,True
140860,파크시스템스,KOSDAQ,의료·정밀기기,248500.0,17401.0,7002469.0,50.4,7.67,4931.0,32386.0,15.225714815043537,350500.0,205000.0,,,,,,,,,,,,,,,False,,363167.0,46.14366197183099,6,20260609,BUY,-84.05,-22.68,202603,9.5,11.24,,,,,False,True,True,True,True
008770,호텔신라,KOSPI,유통,47200.0,18525.0,39248121.0,-10.92,1.62,-4321.0,29223.0,-14.786298463538994,70300.0,39700.0,14.030915576694412,3364.0,-4566.0,173.67498904949628,42872.0,2077.0,1273.0,5.4,1436.9,135.0,-1728.0,40683.0,-360.6,181.0,True,2077.0,78765.0,66.875,11,20260710,BUY,0.0,8.41,202603,0.0,5.48,2026.12E,2025.12,20260522,매수,True,True,True,True,True
192820,코스맥스,KOSPI,화학,174800.0,19839.0,11349509.0,16.12,3.55,10843.0,49196.0,22.040409789413772,270000.0,141000.0,24.993565729646257,6993.8,7562.0,-7.513885215551438,23988.0,1958.0,793.0,10.700000000000001,11.600000000000001,1754.0,858.0,21661.0,51.6,50.2,False,1958.0,248571.0,42.20308924485126,11,20260713,BUY,3.28,15.88,202603,11.63,60.37,2025.12E,2024.12,20260506,매수,False,True,True,True,True
051600,한전KPS,KOSPI,건설,43200.0,19440.0,45000000.0,15.65,1.44,2761.0,29906.0,9.23226108473216,69000.0,42350.0,11.584253995495011,3729.2000000000003,2761.0,35.06700470843898,16574.0,1958.0,1678.0,5.1000000000000005,39.7,1401.0,1242.0,15765.0,-33.1,-28.0,True,1958.0,71000.0,64.35185185185185,5,20260528,BUY,374.61,22.35,202603,-33.13,8.22,2026.12E,2025.12,20260401,매수,False,True,True,True,True
018670,SK가스,KOSPI,유통,211500.0,19579.0,9257244.0,8.31,0.65,25453.0,325701.0,7.814836306919537,302000.0,198600.0,,,,,,,,,,,,,,,False,,363750.0,71.98581560283688,4,20260520,BUY,101.65,44.24,202603,54.2,8.85,,,,,False,True,True,True,True
290650,엘앤씨바이오,KOSDAQ,제약,68900.0,18582.0,26969704.0,-11.92,8.48,-5781.0,8128.0,-71.12450787401575,125000.0,28150.0,,,,,,,,,,,,,,,False,,,,0,,,0.0,71.44,202603,14.13,-17.52,,,,,False,True,True,True,True
420770,기가비스,KOSDAQ,기계·장비,156500.0,19838.0,12675758.0,128.38,9.4,1219.0,16646.0,7.323080619968761,206000.0,23250.0,,,,,,,,,,,,,,,False,,181250.0,15.814696485623003,3,20260708,BUY,0.0,29.94,202603,0.0,0.0,,,,,False,True,True,True,True
457190,이수스페셜티케미컬,KOSPI,화학,58800.0,17769.0,30218872.0,2352.0,13.37,25.0,4398.0,0.5684402000909504,131800.0,40350.0,,,,,,,,,,,,,,,False,,,,0,,,-42.91,9.78,202603,-88.63,-29.54,,,,,False,True,True,True,True
002790,아모레퍼시픽홀딩스,KOSPI,화학,23800.0,18197.0,76458180.0,17.91,0.61,1329.0,38797.0,3.425522591952986,35950.0,19950.0,,,,,,,,,,,,,,,False,,,,0,,,6.92,4.98,202603,47.63,22.51,,,,,False,True,True,True,True
439260,대한조선,KOSPI,운송장비·부품,44250.0,16854.0,38088730.0,6.05,1.56,7310.0,28354.0,25.78119489313677,116000.0,43200.0,,,,,,,,,,,,,,,False,,129000.0,191.52542372881356,4,20260623,BUY,18.5,0.19,202603,86.07,476.21,,,,,False,True,True,True,True
131970,두산테스나,KOSDAQ,일반서비스,87900.0,16989.0,19327238.0,46.19,3.86,1903.0,22749.0,8.365202866060047,196900.0,26550.0,39.874795862819816,2204.4,78.0,2726.1538461538466,3507.0,547.0,424.0,15.4,-5919.1,-9.0,15.0,3039.0,-102.5,-95.9,True,547.0,177778.0,102.25028441410693,5,20260629,BUY,0.0,0.0,202509,-37.6,-12.53,2026.12E,2025.12,20260629,매수,False,True,True,True,True
035900,JYP Ent.,KOSDAQ,오락·문화,47750.0,16967.0,35532492.0,10.57,2.55,4519.0,18730.0,24.127068873465028,88500.0,46950.0,10.471261595140456,4560.1,4846.0,-5.899711101939737,9350.0,1837.0,1511.0,13.8,18.3,1552.0,1606.0,8219.0,21.0,64.2,False,1837.0,83600.0,75.07853403141361,8,20260713,BUY,70.04,32.11,202603,21.04,24.03,2026.12E,2025.12,20260514,매수,False,True,True,True,True
068760,셀트리온제약,KOSDAQ,제약,39700.0,17628.0,44402332.0,0.0,0.0,0.0,0.0,,78300.0,38950.0,,,,,,,,,,,,,,,False,,,,0,,,0.0,0.0,202509,0.0,0.0,,,,,False,True,True,True,True
041510,에스엠,KOSDAQ,오락·문화,72300.0,16553.0,22894690.0,4.78,1.65,15126.0,43793.0,34.539766629369986,155100.0,65600.0,12.747725509556386,5671.6,15166.0,-62.603191349070286,12558.0,1980.0,1298.0,6.9,8.200000000000001,1830.0,3472.0,11749.0,109.7,1796.3000000000002,False,1980.0,125455.0,73.52005532503458,9,20260713,BUY,18.45,20.6,202603,109.67,37.09,2026.12E,2025.12,20260506,매수,False,True,True,True,True
098460,고영,KOSDAQ,기계·장비,25250.0,17222.0,68204213.0,117.44,4.97,215.0,5079.0,4.233116755266784,45000.0,13550.0,35.142658315935975,718.5,224.0,220.75892857142856,2970.0,404.0,474.0,27.700000000000003,132.9,173.0,148.0,2326.0,422.0,-29.700000000000003,True,404.0,48100.0,90.4950495049505,5,20260610,매수,209.09,42.27,202603,421.99,94.78,2026.12E,2025.12,20260615,매수,True,True,True,True,True
032820,우리기술,KOSDAQ,전기·전자,10340.0,17744.0,171605186.0,2068.0,13.7,5.0,755.0,0.6622516556291391,30200.0,3155.0,,,,,,,,,,,,,,,False,,,,0,,,0.0,-8.52,202603,0.0,-17.53,,,,,False,True,True,True,True
103140,풍산,KOSPI,금속,60700.0,17011.0,28024278.0,11.56,0.72,5251.0,84137.0,6.241011683326004,172200.0,60000.0,6.388330509277287,9501.7,5388.0,76.34929472902748,68140.0,3900.0,2595.0,35.0,31.1,2974.0,1472.0,50486.0,-8.1,-37.7,True,3900.0,124057.0,104.37726523887973,7,20260709,BUY,29.35,9.94,202603,-8.14,10.73,2026.12E,2025.12,20260415,매수,False,True,True,True,True
281820,케이씨텍,KOSPI,의료·정밀기기,94000.0,18611.0,19798661.0,36.46,3.5,2578.0,26877.0,9.591844327863972,124800.0,26000.0,,,,,,,,,,,,,,,False,,127000.0,35.1063829787234,1,20260630,BUY,344.27,101.02,202603,20.45,8.96,,,,,False,True,True,True,True
010170,대한광통신,KOSDAQ,전기·전자,11050.0,17181.0,155485660.0,-45.66,22.51,-242.0,491.0,-49.287169042769854,31500.0,884.0,,,,,,,,,,,,,,,False,,,,0,,,0.0,34.87,202603,0.0,0.0,,,,,False,True,True,True,True
001740,SK네트웍스,KOSPI,유통,7980.0,16007.0,200593889.0,35.47,0.77,225.0,10430.0,2.1572387344199426,16240.0,4275.0,,,,,,,,,,,,,,,False,,9133.0,14.44862155388471,3,20260518,BUY,102.43,6.52,202603,-24.25,-12.48,,,,,False,True,True,True,True
073240,금호타이어,KOSPI,화학,6540.0,18787.0,287260287.0,5.41,0.93,1209.0,7065.0,17.112526539278132,7840.0,4220.0,4.858841010401188,1346.0,1209.3,11.304060200115773,49238.0,5762.0,3866.0,4.7,0.1,5759.0,3474.0,47013.0,-2.2,6.9,True,5762.0,7760.0,18.654434250764528,5,20260430,BUY,0.33,-3.18,202603,-2.16,572.52,2026.12E,2025.12,20260507,매수,False,True,True,True,True
140410,메지온,KOSDAQ,일반서비스,51500.0,15652.0,30392167.0,-44.4,90.99,-1160.0,566.0,-204.94699646643107,179900.0,35850.0,,,,,,,,,,,,,,,False,,,,0,,,0.0,3.19,202603,0.0,0.0,,,,,False,True,True,True,True
120110,코오롱인더,KOSPI,화학,51700.0,15482.0,29946032.0,40.9,0.4,1264.0,129709.0,0.9744890485625516,104900.0,33750.0,,,,,,,,,,,,,,,False,,109600.0,111.99226305609284,5,20260707,BUY,129.9,0.47,202603,-31.39,-23.19,,,,,False,True,True,True,True
000120,CJ대한통운,KOSPI,운송·창고,71700.0,16356.0,22812344.0,6.76,0.34,10612.0,207860.0,5.105359376503415,154000.0,69500.0,5.436843142904806,13187.800000000001,11347.0,16.222790164801278,131389.0,5346.0,2630.0,7.0,5.2,5081.0,2421.0,122847.0,-4.3,-2.6,True,5346.0,139118.0,94.02789400278941,12,20260708,BUY,7.89,7.42,202603,-4.26,7.62,2026.12E,2025.12,20260526,매수,False,True,True,True,True
020150,롯데에너지머티리얼즈,KOSPI,전기·전자,31450.0,16469.0,52365463.0,-10.26,0.99,-3065.0,31623.0,-9.692312557315878,83100.0,21600.0,-51.75250946190554,-607.7,-3065.0,80.17292006525287,10227.0,-477.0,-318.0,50.900000000000006,-67.2,-1452.0,-1575.0,6775.0,125.4,-2601.1000000000004,True,-477.0,76931.0,144.61367249602543,9,20260709,매수,0.0,1.19,202603,0.0,-28.69,2026.12E,2025.12,20260512,매수,False,True,True,True,True
007810,코리아써키트,KOSPI,전기·전자,67900.0,16284.0,23982620.0,39.34,4.23,1726.0,16070.0,10.74051026757934,148300.0,11140.0,,,,,,,,,,,,,,,False,,143667.0,111.5861561119293,3,20260618,BUY,0.0,18.42,202603,0.0,0.0,,,,,False,True,True,True,True
112610,씨에스윈드,KOSPI,금속,39450.0,16637.0,42171403.0,47.93,1.42,823.0,27826.0,2.957665492704665,79400.0,36700.0,,,,,,,,,,,,,,,False,,77286.0,95.90874524714829,7,20260708,BUY,-40.67,-21.15,202603,25.38,105.98,,,,,False,True,True,True,True
011210,현대위아,KOSPI,운송장비·부품,57600.0,15664.0,27195083.0,15.82,0.42,3641.0,135750.0,2.6821362799263353,112600.0,46950.0,8.59342364385033,6702.8,5484.3,22.217967653118905,88961.0,2302.0,1795.0,4.9,12.600000000000001,2044.0,990.0,84816.0,-6.6000000000000005,-17.8,True,2302.0,96167.0,66.95659722222223,5,20260713,매수,6.22,5.7,202603,-6.58,-0.95,2026.12E,2025.12,20260409,중립,False,True,True,True,True
023590,다우기술,KOSPI,IT 서비스,34950.0,15129.0,43287312.0,3.1,0.44,11260.0,79869.0,14.098085615194881,62300.0,30400.0,,,,,,,,,,,,,,,False,,,,0,,,86.2,153.03,202603,32.74,35.12,,,,,False,True,True,True,True
097230,HJ중공업,KOSPI,건설,15370.0,13878.0,90295344.0,25.4,2.07,605.0,7416.0,8.158036677454152,34350.0,7220.0,,,,,,,,,,,,,,,False,,42000.0,173.25959661678593,1,20260304,매수,350.7,32.03,202603,824.9,274.97,,,,,False,True,True,True,True
006040,동원산업,KOSPI,금융,33150.0,14633.0,44140819.0,3.77,0.41,8795.0,79927.0,11.003790959250317,51500.0,29850.0,3.8764222318369446,8551.7,8793.0,-2.7442283634709344,100551.0,5666.0,3775.0,4.9,9.8,5161.0,3670.0,95837.0,3.0,387.6,True,5666.0,50000.0,50.829562594268474,2,20260430,매수,17.07,9.09,202603,2.96,1.61,2026.12E,2025.12,20260605,매수,False,True,True,True,True
001800,오리온홀딩스,KOSPI,금융,26000.0,15641.0,60156652.0,13.46,0.63,1931.0,40953.0,4.71516128244573,29950.0,18360.0,,,,,,,,,,,,,,,False,,,,0,,,48.52,24.06,202603,-3.66,7.54,,,,,False,True,True,True,True
069620,대웅제약,KOSPI,제약,122500.0,14194.0,11586575.0,7.25,1.4,16904.0,87439.0,19.33233454179485,199400.0,105000.0,9.13177335311263,13414.7,14449.0,-7.1582808498858,15433.0,2245.0,1544.0,10.9,10.3,2036.0,1663.0,13910.0,24.3,285.2,False,2245.0,205000.0,67.3469387755102,6,20260703,BUY,-42.61,5.98,202603,33.01,27.22,2026.12E,2025.12,20260407,매수,False,True,True,True,True
020560,아시아나항공,KOSPI,운송·창고,7050.0,14522.0,205990711.0,-5.13,1.95,-1374.0,3623.0,-37.9243720673475,10280.0,6560.0,-9.293435275507514,-758.6,-6052.0,87.46530072703239,72735.0,-2637.0,-1562.0,-12.600000000000001,-195.70000000000002,2757.0,-4192.0,83186.0,-55.5,-468.0,True,-2637.0,,,0,,,0.0,-18.99,202603,0.0,-17.33,2025.12E,2024.12,20251127,중립,False,True,True,True,True
058610,에스피지,KOSDAQ,전기·전자,66200.0,14681.0,22177360.0,160.68,5.69,412.0,11633.0,3.5416487578440647,165700.0,22500.0,,,,,,,,,,,,,,,False,,160000.0,141.69184290030213,1,20260519,BUY,9.69,-13.36,202603,45.43,-4.88,,,,,False,True,True,True,True
183300,코미코,KOSDAQ,기계·장비,73300.0,15060.0,20545310.0,30.2,5.47,2427.0,13402.0,18.109237427249663,191600.0,59200.0,,,,,,,,,,,,,,,False,,220000.0,200.1364256480218,2,20260526,매수,-34.58,16.37,202603,-1.31,66.27,,,,,False,True,True,True,True
089030,테크윙,KOSDAQ,기계·장비,48450.0,17952.0,37053645.0,192.26,8.05,252.0,6018.0,4.187437686939183,74000.0,26050.0,,,,,,,,,,,,,,,False,,,,0,,,444.03,51.5,202603,-32.35,171.29,,,,,False,True,True,True,True
096530,씨젠,KOSDAQ,제약,27650.0,14440.0,52225994.0,29.92,1.26,924.0,22020.0,4.1961852861035425,33050.0,21700.0,,,,,,,,,,,,,,,False,,42000.0,51.89873417721519,1,20260529,BUY,58.63,11.33,202603,0.0,0.0,,,,,False,True,True,True,True
475150,SK이터닉스,KOSPI,건설,48800.0,16625.0,34067004.0,53.63,6.03,910.0,8095.0,11.241507103150093,69300.0,17210.0,,,,,,,,,,,,,,,False,,60000.0,22.950819672131146,3,20260713,BUY,362.28,6.13,202603,40.81,20.41,,,,,False,True,True,True,True
001120,LX인터내셔널,KOSPI,유통,36650.0,14206.0,38760000.0,10.02,0.48,3659.0,77069.0,4.747693625193008,57700.0,28450.0,,,,,,,,,,,,,,,False,,64750.0,76.67121418826738,3,20260630,매수,-6.83,4.03,202603,-40.27,-27.49,,,,,False,True,True,True,True
007390,네이처셀,KOSDAQ,제약,25000.0,16109.0,64435056.0,-568.18,25.56,-44.0,978.0,-4.4989775051124745,39350.0,16550.0,,,,,,,,,,,,,,,False,,,,0,,,0.0,-0.44,202603,0.0,0.0,,,,,False,True,True,True,True
083650,비에이치아이,KOSDAQ,기계·장비,44450.0,13755.0,30944375.0,21.1,7.75,2107.0,5739.0,36.713713190451294,114200.0,34550.0,,,,,,,,,,,,,,,False,,105000.0,136.2204724409449,2,20260703,매수,183.89,107.57,202603,244.31,125.24,,,,,False,True,True,True,True
006280,녹십자,KOSPI,제약,119400.0,13954.0,11686538.0,-298.5,1.12,-400.0,106673.0,-0.374977735696943,183800.0,115900.0,32.170281557321836,3711.5,-410.0,1005.2439024390244,20917.0,725.0,424.0,5.0,4.9,691.0,-47.0,19913.0,115.4,-82.2,True,725.0,214286.0,79.46901172529314,6,20260528,BUY,47.35,13.49,202603,115.37,17.0,2026.12E,2025.12,20260511,매수,False,True,True,True,True
043260,성호전자,KOSDAQ,전기·전자,18420.0,13181.0,71556246.0,13.74,5.21,1341.0,3536.0,37.92420814479638,59600.0,1021.0,,,,,,,,,,,,,,,False,,85000.0,361.45494028230183,2,20260629,매수,100.31,11.37,202603,19.64,369.35,,,,,False,True,True,True,True
082920,비츠로셀,KOSDAQ,전기·전자,27750.0,12582.0,45339477.0,22.09,3.77,1256.0,7355.0,17.07681849082257,67800.0,16420.0,,,,,,,,,,,,,,,False,,62667.0,125.82702702702701,2,20260612,BUY,34.53,26.56,202603,33.44,33.97,,,,,False,True,True,True,True
192080,더블유게임즈,KOSPI,IT 서비스,60000.0,12704.0,21173468.0,9.83,0.98,6106.0,61507.0,9.927325345082673,76500.0,47000.0,,,,,,,,,,,,,,,False,,84692.0,41.15333333333333,12,20260706,BUY,25.05,26.55,202603,-6.67,8.65,,,,,False,True,True,True,True
003540,대신증권,KOSPI,증권,25650.0,12226.0,47666126.0,12.55,0.47,2044.0,54154.0,3.774421095394615,51400.0,23450.0,,,,,,,,,,,,,,,False,,40000.0,55.945419103313846,1,20260708,BUY,164.15,113.51,202603,260.56,58.68,,,,,False,True,True,True,True
229640,LS에코에너지,KOSPI,금융,43600.0,13352.0,30624879.0,31.73,6.32,1374.0,6898.0,19.918817048419832,109800.0,31350.0,,,,,,,,,,,,,,,False,,84111.0,92.9151376146789,6,20260701,BUY,31.08,25.02,202603,49.16,36.13,,,,,False,True,True,True,True
218410,RFHIC,KOSDAQ,전기·전자,44750.0,11883.0,26553442.0,41.36,3.35,1082.0,13376.0,8.089114832535884,126900.0,23000.0,25.119281504350266,1781.5,1131.0,57.51547303271442,2582.0,566.0,452.0,38.900000000000006,83.10000000000001,309.0,287.0,1858.0,1919.2,11.700000000000001,True,566.0,130000.0,190.50279329608938,3,20260521,BUY,107.15,35.13,202603,1919.2,753.93,2026.12E,2025.12,20260504,매수,True,True,True,True,True
030530,원익홀딩스,KOSDAQ,화학,16890.0,13045.0,77237981.0,47.58,1.29,355.0,13088.0,2.712408312958435,50600.0,5590.0,,,,,,,,,,,,,,,False,,,,0,,,0.0,-31.5,202603,0.0,-29.84,,,,,False,True,True,True,True
458870,씨어스,KOSDAQ,의료·정밀기기,31500.0,11989.0,38059740.0,74.12,30.26,425.0,1041.0,40.82612872238233,192600.0,26600.0,,,,,,,,,,,,,,,False,,60667.0,92.5936507936508,3,20260623,매수,0.0,699.57,202603,0.0,0.0,,,,,False,True,True,True,True
060370,LS마린솔루션,KOSDAQ,건설,26300.0,13739.0,52238854.0,133.5,2.13,197.0,12341.0,1.5963049995948466,51600.0,21650.0,,,,,,,,,,,,,,,False,,51000.0,93.91634980988593,1,20260526,Buy,39.61,18.69,202603,-43.44,-16.25,,,,,False,True,True,True,True
007310,오뚜기,KOSPI,음식료·담배,306500.0,12284.0,4007830.0,17.75,0.51,17271.0,603102.0,2.863694698409224,470000.0,290500.0,,,,,,,,,,,,,,,False,,520000.0,69.65742251223492,1,20260116,BUY,3.28,3.74,202603,-20.16,1.41,,,,,False,True,True,True,True
127120,제이에스링크,KOSDAQ,일반서비스,36950.0,12837.0,34741382.0,-61.48,17.21,-601.0,2147.0,-27.992547741034002,49900.0,12450.0,,,,,,,,,,,,,,,False,,,,0,,,0.0,69.4,202603,0.0,0.0,,,,,False,True,True,True,True
017960,한국카본,KOSPI,금속,22900.0,11834.0,51676486.0,11.68,1.99,1960.0,11519.0,17.01536591718031,54100.0,22200.0,10.84845326637927,2110.9,2043.0,3.32354380812531,9824.0,1758.0,1082.0,8.1,34.2,1310.0,1017.0,9088.0,188.10000000000002,400.70000000000005,True,1758.0,57000.0,148.90829694323145,2,20260604,BUY,32.01,-5.67,202603,188.14,110.18,2026.12E,2025.12,20260602,매수,False,True,True,True,True
012630,HDC,KOSPI,금융,19730.0,11787.0,59741721.0,3.92,0.33,5038.0,59006.0,8.538114767989697,30650.0,15850.0,,,,,,,,,,,,,,,False,,35000.0,77.39483020780537,1,20260511,매수,16.47,-19.69,202603,88.24,65.23,,,,,False,True,True,True,True
039200,오스코텍,KOSDAQ,제약,28000.0,10712.0,38258176.0,20.47,5.91,1368.0,4739.0,28.86684954631779,66000.0,27300.0,,,,,,,,,,,,,,,False,,,,0,,,0.0,88.4,202603,0.0,0.0,,,,,False,True,True,True,True
181710,NHN,KOSPI,IT 서비스,37850.0,12397.0,32753139.0,39.68,0.8,954.0,47466.0,2.009859689040576,64900.0,24650.0,7.12658394682834,5311.1,1023.0,419.1691104594331,29354.0,1744.0,1637.0,16.7,31.700000000000003,1324.0,321.0,25162.0,-506.0,-124.2,True,1744.0,54857.0,44.932628797886395,6,20260713,매수,-5.04,11.88,202603,0.0,14.12,2026.12E,2025.12,20260512,매수,False,True,True,True,True
082640,동양생명,KOSPI,보험,7660.0,11954.0,156062581.0,9.92,0.77,772.0,9925.0,7.778337531486146,9380.0,6040.0,,,,,,,,,,,,,,,False,,9900.0,29.242819843342037,1,20260422,Trading BUY,-46.98,29.96,202603,-45.98,1049.81,,,,,False,True,True,True,True
032350,롯데관광개발,KOSPI,일반서비스,13820.0,11018.0,79725458.0,38.82,2.95,356.0,4677.0,7.611716912550781,27700.0,13440.0,,,,,,,,,,,,,,,False,,26700.0,93.19826338639653,5,20260709,매수,121.0,28.07,202603,267.45,89.15,,,,,False,True,True,True,True
322000,HD현대에너지솔루션,KOSPI,전기·전자,109700.0,12286.0,11200000.0,29.48,2.94,3721.0,37302.0,9.975336443086162,256000.0,41300.0,,,,,,,,,,,,,,,False,,275000.0,150.68368277119419,1,20260430,BUY,0.0,87.55,202603,1076.88,305.44,,,,,False,True,True,True,True
005070,코스모신소재,KOSPI,화학,37750.0,12539.0,33214571.0,69.52,2.48,543.0,15248.0,3.56112277019937,66400.0,33550.0,,,,,,,,,,,,,,,False,,53000.0,40.397350993377486,1,20260518,Trading BUY,-22.65,-9.51,202412,-22.65,8.64,,,,,False,True,True,True,True
361610,SK아이이테크놀로지,KOSPI,전기·전자,14140.0,11565.0,81787100.0,-5.05,0.44,-2799.0,31808.0,-8.799673038229376,35100.0,14110.0,,,,,,,,,,,,,,,False,,22917.0,62.07213578500708,6,20260702,Hold,0.0,-38.4,202603,0.0,0.0,,,,,False,True,True,True,True
294870,IPARK현대산업개발,KOSPI,건설,17350.0,11435.0,65907330.0,7.23,0.34,2400.0,50672.0,4.7363435427849705,25050.0,16900.0,,,,,,,,,,,,,,,False,,31000.0,78.6743515850144,5,20260702,BUY,48.41,-25.59,202603,34.65,32.33,,,,,False,True,True,True,True
034230,파라다이스,KOSPI,오락·문화,12080.0,11190.0,92629382.0,11.77,0.61,1026.0,19694.0,5.209708540672286,24000.0,12050.0,,,,,,,,,,,,,,,False,,20286.0,67.93046357615894,7,20260713,BUY,-34.87,3.76,202603,14.52,435.93,,,,,False,True,True,True,True
089860,롯데렌탈,KOSPI,일반서비스,34600.0,12563.0,36309388.0,9.85,0.8,3514.0,43125.0,8.148405797101448,35800.0,26650.0,,,,,,,,,,,,,,,False,,46000.0,32.947976878612714,1,20260617,BUY,24.83,6.61,202603,9.72,0.67,,,,,False,True,True,True,True
004000,롯데정밀화학,KOSPI,화학,44900.0,11584.0,25800000.0,10.92,0.47,4112.0,95632.0,4.299815961184541,71800.0,39800.0,6.332773867787478,7090.1,4165.0,70.23049219687876,19872.0,1494.0,1806.0,13.4,101.0,744.0,1061.0,17527.0,47.6,191.60000000000002,True,1494.0,81000.0,80.40089086859689,5,20260522,매수,73.95,14.6,202603,47.62,-27.19,2026.12E,2025.12,20260521,매수,True,True,True,True,True
078600,대주전자재료,KOSDAQ,전기·전자,76300.0,11982.0,15704138.0,57.15,4.55,1335.0,16760.0,7.965393794749404,183300.0,58900.0,54.60531024117941,1397.3000000000002,2477.0,-43.589018974566,2510.0,230.0,209.0,14.5,-21.8,294.0,369.0,2193.0,372.8,5204.700000000001,False,230.0,195750.0,156.55307994757536,2,20260701,BUY,93.02,68.26,202603,-29.53,98.37,2025.12E,2024.12,20251117,매수,False,True,True,True,True
093370,후성,KOSPI,화학,11870.0,12731.0,107255330.0,237.4,3.81,50.0,3118.0,1.603592046183451,23550.0,4550.0,,,,,,,,,,,,,,,False,,20000.0,68.49199663016007,1,20260423,BUY,0.0,32.05,202603,0.0,0.0,,,,,False,True,True,True,True
298020,효성티앤씨,KOSPI,화학,272000.0,11771.0,4327682.0,108.84,0.75,2499.0,364612.0,0.6853861090693669,557000.0,199000.0,,,,,,,,,,,,,,,False,,641250.0,135.75367647058823,5,20260708,BUY,11.44,7.25,202603,-7.1,30.81,,,,,False,True,True,True,True
195940,HK이노엔,KOSDAQ,제약,37400.0,10595.0,28329891.0,17.2,0.85,2174.0,44172.0,4.921669836095264,58600.0,36950.0,10.023047649675725,3731.4,2672.0,39.648203592814376,11429.0,1395.0,1057.0,7.5,25.900000000000002,1109.0,757.0,10632.0,25.700000000000003,22.900000000000002,True,1395.0,64143.0,71.5053475935829,5,20260713,BUY,33.82,8.23,202412,33.82,21.24,2026.12E,2025.12,20260429,매수,False,True,True,True,True
003570,SNT다이내믹스,KOSPI,운송장비·부품,33000.0,10973.0,33252697.0,17.82,0.9,1852.0,36680.0,5.04907306434024,76400.0,32150.0,,,,,,,,,,,,,,,False,,77000.0,133.33333333333331,1,20260526,매수,20.25,19.84,202603,-22.67,68.15,,,,,False,True,True,True,True
031330,에스에이엠티,KOSDAQ,유통,10540.0,10539.0,99995067.0,13.91,2.12,758.0,4983.0,15.211719847481437,19950.0,2860.0,,,,,,,,,,,,,,,False,,,,0,,,1575.19,134.89,202603,69.07,20.96,,,,,False,True,True,True,True
030610,교보증권,KOSPI,증권,9450.0,10769.0,113962961.0,7.54,0.5,1254.0,18773.0,6.6798061045117985,18220.0,8250.0,,,,,,,,,,,,,,,False,,,,0,,,42.76,116.17,202603,67.16,55.11,,,,,False,True,True,True,True
001430,세아베스틸지주,KOSPI,금속,30350.0,10884.0,35862119.0,19.37,0.56,1567.0,54192.0,2.8915707115441394,92500.0,23050.0,,,,,,,,,,,,,,,False,,78214.0,157.70675453047775,6,20260709,BUY,71.75,7.52,202603,88.05,22.83,,,,,False,True,True,True,True
323280,태성,KOSDAQ,기계·장비,34600.0,10566.0,30537980.0,-407.06,8.24,-85.0,4199.0,-2.0242914979757085,94000.0,23000.0,,,,,,,,,,,,,,,False,,,,0,,,0.0,163.19,202603,0.0,0.0,,,,,False,True,True,True,True
003380,하림지주,KOSDAQ,금융,9680.0,10842.0,112005621.0,4.72,0.3,2051.0,32613.0,6.288903198111183,19610.0,7060.0,,,,,,,,,,,,,,,False,,,,0,,,17.45,10.94,202603,15.93,3.7,,,,,False,True,True,True,True
000080,하이트진로,KOSPI,음식료·담배,14770.0,10359.0,70133611.0,25.38,0.92,582.0,16066.0,3.6225569525706462,22100.0,13830.0,,,,,,,,,,,,,,,False,,21500.0,45.56533513879486,2,20260612,BUY,-10.82,-3.58,202603,-17.2,5.27,,,,,False,True,True,True,True
300720,한일시멘트,KOSPI,비금속,13960.0,10267.0,73545209.0,13.16,0.55,1061.0,25406.0,4.176178855388491,21900.0,12710.0,,,,,,,,,,,,,,,False,,20000.0,43.26647564469914,1,20260325,매수,0.41,-1.73,202603,-51.09,22.65,,,,,False,True,True,True,True
057050,현대홈쇼핑,KOSPI,유통,87300.0,10476.0,12000000.0,10.58,0.42,8251.0,210031.0,3.9284677023867904,96300.0,50000.0,,,,,,,,,,,,,,,False,,,,0,,,35.95,1.94,202603,0.49,23.91,,,,,False,True,True,True,True
001820,삼화콘덴서,KOSPI,전기·전자,89300.0,9283.0,10395000.0,74.05,3.34,1206.0,26701.0,4.516684768360736,196800.0,24950.0,,,,,,,,,,,,,,,False,,,,0,,,-2.45,0.59,202603,-27.89,-24.98,,,,,False,True,True,True,True
475830,오름테라퓨틱,KOSDAQ,제약,44900.0,9752.0,21719590.0,-22.27,7.28,-2016.0,6165.0,-32.7007299270073,146600.0,20500.0,,,,,,,,,,,,,,,False,,,,0,,,0.0,0.0,202603,0.0,0.0,,,,,False,True,True,True,True
003090,대웅,KOSPI,제약,16400.0,9535.0,58141980.0,5.45,0.58,3011.0,28372.0,10.61257577893698,30600.0,15650.0,,,,,,,,,,,,,,,False,,,,0,,,-21.85,2.34,202603,-7.14,10.44,,,,,False,True,True,True,True
077970,STX엔진,KOSPI,기계·장비,23900.0,9595.0,40148063.0,12.92,2.8,1850.0,8545.0,21.650087770626097,67700.0,19970.0,12.687121775135363,1883.8000000000002,1793.0,5.064138315672069,9089.0,856.0,756.0,15.100000000000001,22.900000000000002,696.0,689.0,7893.0,64.8,153.3,True,856.0,72000.0,201.25523012552298,3,20260518,매수,13.28,35.84,202603,64.77,62.87,2026.12E,2025.12,20260522,매수,False,True,True,True,True
166090,하나머티리얼즈,KOSDAQ,전기·전자,52900.0,10462.0,19777674.0,27.27,2.2,1940.0,24038.0,8.07055495465513,87900.0,23450.0,,,,,,,,,,,,,,,False,,106000.0,100.37807183364839,1,20260428,BUY,144.33,59.29,202603,15.36,-11.81,,,,,False,True,True,True,True
347700,스피어,KOSDAQ,IT 서비스,20000.0,10310.0,51551362.0,4000.0,13.48,5.0,1484.0,0.3369272237196766,57300.0,7050.0,183.99264029438822,108.7,5.0,2074.0,2875.0,202.0,52.0,200.70000000000002,122.7,91.0,2.0,956.0,-40.400000000000006,-98.0,True,202.0,60000.0,200.0,1,20260706,매수,-83.51,106.24,202603,-40.36,-13.45,2026.12E,2025.12,20260612,매수,True,True,True,True,True
479080,1Q 머니마켓액티브,KOSPI,ETF(Active/수익증권),53505.0,10292.0,19236000.0,0.0,0.0,0.0,0.0,,53510.0,52425.0,,,,,,,,,,,,,,,False,,,,0,,,,,,,,,,,,False,True,True,True,True
437730,삼현,KOSDAQ,운송장비·부품,30050.0,9528.0,31707567.0,91.62,7.21,328.0,4168.0,7.869481765834934,76900.0,11000.0,,,,,,,,,,,,,,,False,,,,0,,,0.0,-22.87,202603,-85.4,42.24,,,,,False,True,True,True,True
003530,한화투자증권,KOSPI,증권,4410.0,9462.0,214547775.0,9.48,0.46,465.0,9484.0,4.9029945170814,10300.0,4250.0,,,,,,,,,,,,,,,False,,,,0,,,-37.12,98.26,202603,3624.18,1176.07,,,,,False,True,True,True,True
280360,롯데웰푸드,KOSPI,음식료·담배,102500.0,9435.0,9204574.0,13.25,0.41,7734.0,247808.0,3.120964617768595,136400.0,90000.0,7.293816266989255,14053.0,8176.0,71.88111545988258,43859.0,1914.0,1233.0,4.0,74.8,1095.0,723.0,42160.0,-30.3,-14.600000000000001,True,1914.0,163500.0,59.512195121951216,7,20260713,BUY,118.41,5.35,202603,-30.29,5.32,2026.12E,2025.12,20260605,매수,False,True,True,True,True
185750,종근당,KOSPI,제약,67000.0,9248.0,13802780.0,11.93,0.88,5615.0,76180.0,7.370700971383565,106800.0,63000.0,,,,,,,,,,,,,,,False,,100000.0,49.25373134328358,1,20260708,BUY,13.13,11.68,202603,-19.0,15.23,,,,,False,True,True,True,True
101490,에스앤에스텍,KOSDAQ,전기·전자,45300.0,9665.0,21334879.0,16.67,3.11,2718.0,14549.0,18.681696336517977,108400.0,42300.0,,,,,,,,,,,,,,,False,,,,0,,,-4.21,6.62,202603,70.94,48.35,,,,,False,True,True,True,True
005300,롯데칠성,KOSPI,음식료·담배,98200.0,9112.0,9278884.0,20.91,0.65,4697.0,151359.0,3.1032181766528586,154800.0,93900.0,10.021328489351063,9799.1,4697.0,108.6246540344901,41072.0,2078.0,985.0,3.4000000000000004,24.3,1672.0,472.0,39711.0,-9.600000000000001,-20.1,True,2078.0,150000.0,52.74949083503056,3,20260713,BUY,90.96,4.64,202603,-9.61,-9.1,2026.12E,2025.12,20260605,매수,False,True,True,True,True
000210,DL,KOSPI,화학,45550.0,9545.0,20955884.0,-11.72,0.26,-3887.0,177828.0,-2.185820005848348,77700.0,33900.0,,,,,,,,,,,,,,,False,,82000.0,80.02195389681668,2,20260508,BUY,7.12,-7.49,202603,-27.63,33.03,,,,,False,True,True,True,True
192400,쿠쿠홀딩스,KOSPI,금융,25200.0,8962.0,35562185.0,6.16,0.59,4094.0,42527.0,9.626825310978909,35900.0,23300.0,,,,,,,,,,,,,,,False,,35000.0,38.88888888888889,1,20260629,BUY,-20.28,3.77,202603,10.44,9.39,,,,,False,True,True,True,True
085660,차바이오텍,KOSDAQ,제약,9180.0,8535.0,92972846.0,-5.99,2.46,-1533.0,3732.0,-41.07717041800643,23950.0,9020.0,,,,,,,,,,,,,,,False,,,,0,,,0.0,8.41,202603,0.0,0.0,,,,,False,True,True,True,True
003240,태광산업,KOSPI,화학,884000.0,9842.0,1113400.0,12.18,0.19,72592.0,4669556.0,1.5545803498234094,1634000.0,708000.0,,,,,,,,,,,,,,,False,,,,0,,,0.0,9.27,202603,0.0,0.0,,,,,False,True,True,True,True
491000,리브스메드,KOSDAQ,의료·정밀기기,36300.0,9077.0,25004391.0,-35.41,4.95,-1025.0,7328.0,-13.98744541484716,95900.0,31550.0,,,,,,,,,,,,,,,False,,120000.0,230.57851239669424,1,20260518,BUY,0.0,5.47,202603,0.0,0.0,,,,,False,True,True,True,True
204270,제이앤티씨,KOSDAQ,전기·전자,15800.0,9140.0,57848466.0,-9.98,3.65,-1583.0,4333.0,-36.533579506115856,30100.0,14490.0,,,,,,,,,,,,,,,False,,,,0,,,0.0,-16.8,202603,0.0,0.0,,,,,False,True,True,True,True
009450,경동나비엔,KOSPI,전기·전자,62400.0,9091.0,14568592.0,10.13,1.17,6157.0,53311.0,11.549211232203485,95100.0,53000.0,,,,,,,,,,,,,,,False,,,,0,,,61.75,16.47,202603,8.15,36.84,,,,,False,True,True,True,True
019210,와이지-원,KOSDAQ,금속,20050.0,7457.0,37193728.0,29.49,1.75,680.0,11486.0,5.920250740031342,28500.0,4900.0,,,,,,,,,,,,,,,False,,,,0,,,327.78,46.72,202603,19.19,-1.15,,,,,False,True,True,True,True
441800,TIME Korea플러스배당액티브,KOSPI,ETF(Active/수익증권),29580.0,7987.0,27000000.0,0.0,0.0,0.0,0.0,,38470.0,15205.0,,,,,,,,,,,,,,,False,,,,0,,,,,,,,,,,,False,True,True,True,True
069660,KIWOOM 200,KOSPI,ETF(실물복제/수익증권),109680.0,7897.0,7200000.0,0.0,0.0,0.0,0.0,,152090.0,41925.0,,,,,,,,,,,,,,,False,,,,0,,,,,,,,,,,,False,True,True,True,True
006120,SK디스커버리,KOSPI,금융,54200.0,9438.0,17413751.0,8.28,0.34,6549.0,158509.0,4.13162659533528,68300.0,42750.0,,,,,,,,,,,,,,,False,,,,0,,,71.44,36.7,202603,109.41,15.83,,,,,False,True,True,True,True
099320,쎄트렉아이,KOSDAQ,운송장비·부품,73500.0,8049.0,10951278.0,52.65,3.23,1396.0,22735.0,6.140312293820101,224000.0,44600.0,,,,,,,,,,,,,,,False,,,,0,,,0.0,-7.13,202603,0.0,0.0,,,,,False,True,True,True,True
241710,코스메카코리아,KOSDAQ,화학,82100.0,8768.0,10680000.0,19.29,3.47,4255.0,23663.0,17.98165913028779,106400.0,56800.0,,,,,,,,,,,,,,,False,,107714.0,31.19853836784409,5,20260713,BUY,78.03,56.42,202603,38.39,145.1,,,,,False,True,True,True,True
036540,SFA반도체,KOSDAQ,전기·전자,5300.0,8716.0,164460303.0,-45.69,1.84,-116.0,2884.0,-4.0221914008321775,11640.0,3050.0,67.17363751584283,78.9,-116.0,168.01724137931035,5005.0,100.0,129.0,36.2,-150.8,-196.0,-190.0,3674.0,63203.700000000004,-189.3,True,100.0,8000.0,50.943396226415096,1,20260402,매수,0.0,42.6,202603,0.0,0.0,2026.12E,2025.12,20260629,매수,False,True,True,True,True
003470,유안타증권,KOSPI,증권,4365.0,8410.0,192680102.0,9.7,0.47,450.0,9275.0,4.8517520215633425,8400.0,3265.0,,,,,,,,,,,,,,,False,,,,0,,,464.1,125.66,202603,4.88,58.8,,,,,False,True,True,True,True
232140,와이씨,KOSDAQ,기계·장비,9950.0,8164.0,82045350.0,42.34,2.22,235.0,4490.0,5.233853006681515,24150.0,9410.0,22.80540912216365,436.3,239.0,82.55230125523013,3586.0,545.0,358.0,31.5,220.8,170.0,193.0,2726.0,60.300000000000004,74.9,True,545.0,22667.0,127.80904522613066,3,20260619,BUY,0.0,-14.5,202603,60.29,2.5,2026.12E,2025.12,20260520,매수,True,True,True,True,True
100090,SK오션플랜트,KOSPI,금속,12920.0,8072.0,62478129.0,20.67,0.99,625.0,13037.0,4.794047710362814,31600.0,12500.0,,,,,,,,,,,,,,,False,,27500.0,112.84829721362229,2,20260513,BUY,52.69,-32.08,202603,42.38,0.92,,,,,False,True,True,True,True
195870,해성디에스,KOSPI,전기·전자,56900.0,9673.0,17000000.0,40.61,1.71,1401.0,33198.0,4.220133742996566,108500.0,21650.0,,,,,,,,,,,,,,,False,,100250.0,76.18629173989456,8,20260709,BUY,2995.3,37.22,202603,-18.25,-37.54,,,,,False,True,True,True,True
293490,카카오게임즈,KOSDAQ,IT 서비스,7930.0,8505.0,107245265.0,-6.69,0.6,-1186.0,13314.0,-8.907916478894396,18440.0,6780.0,-6.6298804447788635,-1196.1000000000001,-1332.0,10.202702702702693,4650.0,-396.0,-999.0,-25.900000000000002,-306.8,191.0,-1089.0,6272.0,-74.60000000000001,-52.400000000000006,True,-396.0,13000.0,63.934426229508205,2,20260527,HOLD,0.0,-32.5,202603,0.0,-43.91,2025.12E,2024.12,20260211,중립,False,True,True,True,True
086450,동국제약,KOSDAQ,제약,19200.0,8684.0,45230420.0,13.15,1.3,1460.0,14714.0,9.922522767432378,31250.0,16260.0,,,,,,,,,,,,,,,False,,35500.0,84.89583333333334,2,20260518,Buy,7.97,12.19,202603,20.06,10.25,,,,,False,True,True,True,True
038500,삼표시멘트,KOSDAQ,비금속,7640.0,8245.0,107916306.0,20.21,1.04,378.0,7323.0,5.161818926669398,23500.0,2890.0,,,,,,,,,,,,,,,False,,,,0,,,375.52,10.0,202603,-26.31,5.17,,,,,False,True,True,True,True
030190,NICE평가정보,KOSPI,IT 서비스,13470.0,7935.0,58911527.0,10.37,1.7,1299.0,7931.0,16.378766864203758,18500.0,13010.0,,,,,,,,,,,,,,,False,,,,0,,,17.74,9.72,202603,20.28,14.78,,,,,False,True,True,True,True
417200,LS머트리얼즈,KOSDAQ,전기·전자,11790.0,7976.0,67652659.0,1965.0,4.31,6.0,2736.0,0.21929824561403508,32725.0,9160.0,,,,,,,,,,,,,,,False,,,,0,,,0.0,21.87,202603,0.0,-20.16,,,,,False,True,True,True,True
083450,GST,KOSDAQ,기계·장비,46250.0,8524.0,18430000.0,18.82,2.75,2457.0,16848.0,14.583333333333334,70800.0,18110.0,,,,,,,,,,,,,,,False,,,,0,,,104.05,60.19,202603,1.03,4.47,,,,,False,True,True,True,True
281740,레이크머티리얼즈,KOSDAQ,화학,11960.0,7861.0,65730548.0,102.22,5.84,117.0,2049.0,5.710102489019034,28700.0,11400.0,,,,,,,,,,,,,,,False,,,,0,,,53.77,3.75,202603,-40.13,-27.21,,,,,False,True,True,True,True
328130,루닛,KOSDAQ,IT 서비스,9550.0,7111.0,74458180.0,-12.57,4.35,-760.0,2196.0,-34.60837887067395,50900.0,9220.0,,,,,,,,,,,,,,,False,,,,0,,,0.0,24.74,202603,0.0,0.0,,,,,False,True,True,True,True
009240,한샘,KOSPI,유통,35100.0,8260.0,23533928.0,17.84,1.46,1967.0,24081.0,8.168265437481832,54800.0,28300.0,18.619701872579704,1885.1000000000001,9171.0,-79.44498964126049,19912.0,438.0,313.0,4.3,40.300000000000004,312.0,1511.0,19084.0,1504.3000000000002,-343.20000000000005,False,438.0,47250.0,34.61538461538461,4,20260513,Buy,56.44,-9.93,202603,-40.79,487.83,2025.12E,2024.12,20250401,중립,False,True,True,True,True
036530,SNT홀딩스,KOSPI,금융,48700.0,7940.0,16303886.0,6.11,0.53,7969.0,92522.0,8.61308661723698,89000.0,46300.0,,,,,,,,,,,,,,,False,,,,0,,,21.73,2.97,202603,30.07,27.64,,,,,False,True,True,True,True
100790,미래에셋벤처투자,KOSDAQ,금융,14560.0,7734.0,53120578.0,25.02,2.04,582.0,7122.0,8.171861836562764,70700.0,5900.0,,,,,,,,,,,,,,,False,,,,0,,,0.0,191.36,202603,123.61,8.91,,,,,False,True,True,True,True
090710,휴림로봇,KOSDAQ,기계·장비,6580.0,7867.0,119559029.0,-44.46,6.16,-148.0,1068.0,-13.857677902621724,26600.0,2320.0,,,,,,,,,,,,,,,False,,,,0,,,0.0,-40.71,202603,0.0,0.0,,,,,False,True,True,True,True
499790,GS피앤엘,KOSPI,금융,42000.0,8329.0,19830841.0,42.99,0.97,977.0,43209.0,2.2611030109467936,67000.0,33300.0,,,,,,,,,,,,,,,False,,71750.0,70.83333333333334,3,20260702,BUY,58.8,37.99,202603,0.0,0.0,,,,,False,True,True,True,True
071320,지역난방공사,KOSPI,전기·가스,65500.0,7584.0,11578744.0,2.24,0.33,29268.0,198762.0,14.725148670268965,116700.0,63700.0,,,,,,,,,,,,,,,False,,127500.0,94.65648854961832,2,20260211,BUY,-1.12,-9.05,202603,61.5,21.9,,,,,False,True,True,True,True
056190,SFA,KOSDAQ,기계·장비,20850.0,7487.0,35908760.0,13.59,0.65,1534.0,32160.0,4.769900497512438,36500.0,20175.0,,,,,,,,,,,,,,,False,,,,0,,,-46.82,-9.35,202603,0.0,-14.92,,,,,False,True,True,True,True
006340,대원전선,KOSPI,전기·전자,12750.0,9998.0,78414416.0,112.83,8.35,113.0,1527.0,7.400130975769483,20300.0,2765.0,,,,,,,,,,,,,,,False,,,,0,,,76.18,25.11,202603,-34.78,283.28,,,,,False,True,True,True,True
122870,와이지엔터테인먼트,KOSDAQ,오락·문화,40500.0,7570.0,18691049.0,20.52,1.46,1974.0,27689.0,7.129184874860053,109800.0,38800.0,13.50810486291775,2998.2000000000003,1990.0,50.66331658291459,6339.0,773.0,556.0,16.2,8.4,713.0,369.0,5454.0,-447.0,99.30000000000001,True,773.0,73067.0,80.41234567901235,14,20260707,BUY,238.5,46.89,202603,0.0,28.84,2026.12E,2025.12,20260508,매수,False,True,True,True,True
137310,에스디바이오센서,KOSPI,의료·정밀기기,5990.0,7233.0,120749102.0,-1.43,0.31,-4193.0,19476.0,-21.529061408913535,10930.0,5850.0,,,,,,,,,,,,,,,False,,,,0,,,0.0,4.43,202603,0.0,0.0,,,,,False,True,True,True,True
074600,원익QnC,KOSDAQ,비금속,29450.0,7742.0,26288000.0,34.4,1.59,856.0,18524.0,4.621032174476355,45400.0,16790.0,,,,,,,,,,,,,,,False,,60000.0,103.73514431239389,1,20260512,매수,14.61,10.75,202603,-34.21,-17.65,,,,,False,True,True,True,True
041830,인바디,KOSDAQ,의료·정밀기기,52400.0,7064.0,13480882.0,23.12,2.2,2266.0,23830.0,9.50902224087285,64200.0,22850.0,,,,,,,,,,,,,,,False,,68000.0,29.770992366412212,2,20260713,BUY,86.01,23.14,202603,0.04,-3.32,,,,,False,True,True,True,True
456040,OCI,KOSPI,화학,87000.0,7789.0,8952495.0,-12.44,0.69,-6994.0,125846.0,-5.557586256217917,163200.0,52500.0,6.285809243752122,13840.7,-6994.0,297.8939090649128,23193.0,,,,,,,20094.0,,,False,,158250.0,81.89655172413794,3,20260629,Buy,171.59,-5.97,202603,-99.6,-2.43,2026.12E,2025.12,20260608,매수,False,True,True,True,True
388720,유일로보틱스,KOSDAQ,기계·장비,61300.0,7222.0,11781345.0,-72.46,7.39,-846.0,8297.0,-10.196456550560445,155000.0,60000.0,,,,,,,,,,,,,,,False,,,,0,,,0.0,-54.74,202603,0.0,0.0,,,,,False,True,True,True,True
065350,신성델타테크,KOSDAQ,전기·전자,27750.0,7627.0,27483948.0,35.13,3.06,790.0,9059.0,8.720609338779115,83000.0,26850.0,,,,,,,,,,,,,,,False,,,,0,,,-40.65,6.62,202603,-9.93,-7.14,,,,,False,True,True,True,True
079160,CJ CGV,KOSPI,오락·문화,4330.0,7170.0,165582471.0,-4.99,1.26,-868.0,3444.0,-25.203252032520325,6660.0,4210.0,,,,,,,,,,,,,,,False,,5000.0,15.473441108545035,1,20260630,HOLD,172.39,7.46,202603,26.71,27.16,,,,,False,True,True,True,True
214320,이노션,KOSPI,일반서비스,18350.0,7340.0,40000000.0,8.0,0.69,2294.0,26618.0,8.61822826658652,22650.0,16730.0,,,,,,,,,,,,,,,False,,25600.0,39.509536784741144,5,20260225,BUY,33.34,4.05,202603,4.59,5.98,,,,,False,True,True,True,True
137400,피엔티,KOSDAQ,기계·장비,29100.0,6894.0,23690728.0,10.07,1.06,2890.0,27402.0,10.546675425151449,62000.0,28150.0,,,,,,,,,,,,,,,False,,70000.0,140.54982817869416,1,20260227,매수,-39.02,-33.19,202603,-41.66,23.47,,,,,False,True,True,True,True
004490,세방전지,KOSPI,전기·전자,53400.0,7401.0,13860000.0,5.3,0.44,10076.0,121686.0,8.280328057459363,77700.0,48250.0,,,,,,,,,,,,,,,False,,,,0,,,-34.24,-0.32,202603,-14.42,28.03,,,,,False,True,True,True,True
189300,인텔리안테크,KOSDAQ,전기·전자,63300.0,6797.0,10737497.0,91.08,2.43,695.0,26101.0,2.6627332286119305,180200.0,39000.0,21.308109199851884,2970.7000000000003,724.0,310.3176795580111,3834.0,334.0,303.0,20.0,179.70000000000002,120.0,75.0,3196.0,-161.5,-347.8,True,334.0,183750.0,190.28436018957348,4,20260518,BUY,0.0,49.3,202603,0.0,-10.03,2026.12E,2025.12,20260515,매수,True,True,True,True,True
248070,솔루엠,KOSPI,전기·전자,14340.0,6857.0,47816236.0,55.37,1.43,259.0,9997.0,2.590777233169951,24350.0,13800.0,,,,,,,,,,,,,,,False,,27333.0,90.60669456066945,3,20260526,BUY,88.79,20.34,202603,-32.69,5.46,,,,,False,True,True,True,True
003850,보령,KOSPI,제약,7990.0,6854.0,85787207.0,10.68,0.8,748.0,10008.0,7.474020783373302,10800.0,7910.0,,,,,,,,,,,,,,,False,,14000.0,75.21902377972467,1,20260519,매수,84.65,6.15,202603,-7.67,5.39,,,,,False,True,True,True,True
213420,덕산네오룩스,KOSDAQ,전기·전자,28750.0,7139.0,24831179.0,13.42,1.56,2142.0,18395.0,11.644468605599348,57300.0,27450.0,,,,,,,,,,,,,,,False,,63667.0,121.45043478260868,3,20260710,매수,72.66,92.06,202603,15.76,16.17,,,,,False,True,True,True,True
035760,CJ ENM,KOSDAQ,오락·문화,30150.0,6612.0,21929154.0,22.42,0.22,1345.0,134461.0,1.0002900469281055,82300.0,30050.0,9.71264738096772,3104.2000000000003,1422.0,118.29817158931084,54005.0,1692.0,644.0,5.2,27.400000000000002,1329.0,295.0,51345.0,27.200000000000003,-105.9,True,1692.0,66077.0,119.1608623548922,10,20260710,BUY,107.19,16.81,202603,27.19,9.06,2026.12E,2025.12,20260508,매수,False,True,True,True,True
115180,큐리언트,KOSDAQ,일반서비스,17090.0,6411.0,37511001.0,-20.22,18.9,-845.0,904.0,-93.47345132743364,62900.0,9520.0,,,,,,,,,,,,,,,False,,,,0,,,0.0,1.12,202603,0.0,0.0,,,,,False,True,True,True,True
064960,SNT모티브,KOSPI,운송장비·부품,25900.0,6874.0,26540272.0,9.87,0.61,2623.0,42534.0,6.166831240889641,40800.0,25050.0,6.540404040404041,3960.0,2921.3,35.556088042994546,10207.0,1071.0,944.0,1.4000000000000001,4.5,1026.0,696.0,10064.0,4.5,-33.300000000000004,True,1071.0,50000.0,93.05019305019306,1,20260608,매수,-6.41,-4.68,202603,4.51,-2.38,2026.12E,2025.12,20260605,매수,False,True,True,True,True
036830,솔브레인홀딩스,KOSDAQ,일반서비스,31750.0,6510.0,20503981.0,1.37,0.37,23248.0,86410.0,26.9042934845504,80800.0,30950.0,,,,,,,,,,,,,,,False,,,,0,,,-84.19,39.56,202603,0.0,-4.41,,,,,False,True,True,True,True
033100,제룡전기,KOSDAQ,전기·전자,45600.0,7324.0,16062409.0,0.0,0.0,0.0,0.0,,93800.0,31850.0,,,,,,,,,,,,,,,False,,,,0,,,0.0,0.0,202509,0.0,0.0,,,,,False,True,True,True,True
285130,SK케미칼,KOSPI,화학,39600.0,6850.0,17298766.0,17.19,0.34,2304.0,117452.0,1.9616524197118825,81800.0,36600.0,,,,,,,,,,,,,,,False,,80000.0,102.020202020202,1,20260511,BUY,0.0,22.23,202603,0.0,-21.29,,,,,False,True,True,True,True
388210,씨엠티엑스,KOSDAQ,전기·전자,84200.0,8129.0,9654438.0,-22.94,4.38,-3670.0,19207.0,-19.107617014630083,170300.0,67900.0,14.061925916029258,5987.8,-3737.0,260.2301311212202,2119.0,692.0,571.0,32.0,33.7,518.0,-251.0,1606.0,119.10000000000001,-285.40000000000003,True,692.0,220000.0,161.28266033254158,1,20260428,BUY,7.01,19.41,202603,119.05,205.0,2026.12E,2025.12,20260629,매수,False,True,True,True,True
445680,큐리옥스바이오시스템즈,KOSDAQ,의료·정밀기기,41100.0,7071.0,17203255.0,-24.98,13.33,-1645.0,3084.0,-53.33981841763943,149200.0,35350.0,,,,,,,,,,,,,,,False,,,,0,,,0.0,43.72,202603,0.0,0.0,,,,,False,True,True,True,True
032190,다우데이타,KOSDAQ,유통,17800.0,6817.0,38300000.0,3.12,0.42,5713.0,42047.0,13.587176255143055,31450.0,14950.0,,,,,,,,,,,,,,,False,,,,0,,,85.04,148.6,202603,32.67,33.07,,,,,False,True,True,True,True
093320,케이아이엔엑스,KOSDAQ,IT 서비스,131900.0,6437.0,4880000.0,37.64,3.12,3504.0,42214.0,8.30056379400199,145100.0,79200.0,,,,,,,,,,,,,,,False,,,,0,,,79.53,7.93,202603,0.64,-2.44,,,,,False,True,True,True,True
093050,LF,KOSPI,섬유·의류,22100.0,6462.0,29240000.0,6.53,0.36,3382.0,61158.0,5.529938846921089,26450.0,17010.0,,,,,,,,,,,,,,,False,,30000.0,35.74660633484163,1,20260211,매수,47.53,7.36,202603,33.27,28.03,,,,,False,True,True,True,True
161580,필옵틱스,KOSDAQ,기계·장비,27800.0,6517.0,23442247.0,-37.77,5.59,-736.0,4970.0,-14.808853118712273,64900.0,26550.0,-102.28108903605592,-271.8,245.0,-210.93877551020407,1300.0,-146.0,-63.0,-68.4,-205.9,138.0,56.0,4109.0,34.4,-169.9,False,-146.0,,,0,,,0.0,-66.42,202603,0.0,-2.95,2025.12E,2024.12,20251113,중립,False,True,True,True,True
298050,HS효성첨단소재,KOSPI,화학,143000.0,6406.0,4479948.0,-29.61,0.79,-4830.0,180761.0,-2.672036556558107,282000.0,142200.0,,,,,,,,,,,,,,,False,,282500.0,97.55244755244755,3,20260629,BUY,-29.94,-2.87,202603,-28.35,-15.63,,,,,False,True,True,True,True
090360,로보스타,KOSDAQ,기계·장비,63000.0,6143.0,9750000.0,-118.2,7.08,-533.0,8904.0,-5.98607367475292,171600.0,24950.0,,,,,,,,,,,,,,,False,,,,0,,,0.0,77.72,202603,0.0,-41.2,,,,,False,True,True,True,True
000670,영풍,KOSPI,금속,35250.0,6490.0,18410683.0,-83.53,0.18,-422.0,195371.0,-0.2159993038884993,73800.0,34800.0,,,,,,,,,,,,,,,False,,,,0,,,0.0,48.83,202603,0.0,0.0,,,,,False,True,True,True,True
002350,넥센타이어,KOSPI,화학,6720.0,6563.0,97667877.0,4.64,0.34,1448.0,19967.0,7.251965743476736,10110.0,5620.0,4.2658541230241855,1575.3000000000002,1473.2,6.9304914471898,34232.0,1860.0,1626.0,7.300000000000001,9.200000000000001,1703.0,1508.0,31896.0,-1.1,19.400000000000002,True,1860.0,9483.0,41.11607142857142,6,20260506,매수,33.14,8.7,202603,-1.07,-3.0,2026.12E,2025.12,20260507,중립,False,True,True,True,True
005690,파미셀,KOSPI,전기·전자,11150.0,6690.0,60004014.0,106.19,7.73,105.0,1442.0,7.281553398058252,21150.0,10380.0,,,,,,,,,,,,,,,False,,22250.0,99.55156950672645,2,20260609,매수,259.23,15.34,202412,259.23,62.23,,,,,False,True,True,True,True
000370,한화손해보험,KOSPI,보험,5750.0,6712.0,116738915.0,2.98,0.33,1932.0,17378.0,11.1175048912418,10800.0,5090.0,,,,,,,,,,,,,,,False,,8467.0,47.25217391304348,5,20260713,매수,-21.4,17.68,202603,-1.41,30.13,,,,,False,True,True,True,True
006650,대한유화,KOSPI,화학,104800.0,6812.0,6500000.0,21.48,0.35,4878.0,297102.0,1.6418603711856532,202500.0,94100.0,6.557089853403993,15982.7,5134.0,211.3108687183483,41995.0,2359.0,987.0,25.400000000000002,347.90000000000003,527.0,317.0,33478.0,-187.9,-471.8,True,2359.0,235000.0,124.23664122137406,3,20260430,BUY,0.0,14.22,202603,0.0,0.0,2026.12E,2025.12,20260609,매수,True,True,True,True,True
014620,성광벤드,KOSDAQ,금속,25650.0,6812.0,26557364.0,20.2,1.24,1270.0,20691.0,6.137934367599439,53300.0,24350.0,15.083798882681565,1700.5,1297.0,31.11025443330763,2823.0,543.0,452.0,14.9,29.400000000000002,420.0,344.0,2457.0,-0.1,-16.0,True,543.0,47667.0,85.83625730994152,3,20260414,매수,-38.86,-7.16,202603,-0.08,20.37,2026.12E,2025.12,20260618,매수,False,True,True,True,True
048410,현대바이오,KOSDAQ,화학,6650.0,6418.0,96505572.0,-28.3,5.77,-235.0,1153.0,-20.38161318300087,21500.0,4565.0,,,,,,,,,,,,,,,False,,,,0,,,0.0,-54.19,202603,0.0,0.0,,,,,False,True,True,True,True
025540,한국단자,KOSPI,전기·전자,64500.0,6524.0,10115000.0,6.21,0.56,10383.0,114828.0,9.042219667676873,94000.0,58300.0,,,,,,,,,,,,,,,False,,,,0,,,-9.92,-5.65,202603,-18.71,36.17,,,,,False,True,True,True,True
252990,샘씨엔에스,KOSDAQ,전기·전자,12980.0,7816.0,60217889.0,0.0,0.0,0.0,0.0,,16960.0,4255.0,,,,,,,,,,,,,,,False,,,,0,,,0.0,0.0,202509,0.0,0.0,,,,,False,True,True,True,True
075580,세진중공업,KOSPI,운송장비·부품,10750.0,6111.0,56849456.0,12.07,2.67,891.0,4019.0,22.16969395371983,27400.0,10290.0,,,,,,,,,,,,,,,False,,28000.0,160.46511627906978,2,20260409,매수,-23.38,-11.43,202603,103.97,48.59,,,,,False,True,True,True,True
253450,스튜디오드래곤,KOSDAQ,오락·문화,20250.0,6087.0,30058498.0,59.04,0.76,343.0,26623.0,1.2883596889907223,51600.0,19610.0,19.197952218430036,1054.8,343.0,207.5218658892128,6382.0,508.0,317.0,20.3,67.5,304.0,103.0,5307.0,-16.6,-69.2,True,508.0,45923.0,126.78024691358026,10,20260709,BUY,50.11,16.05,202603,-16.58,-21.92,2026.12E,2025.12,20260508,매수,False,True,True,True,True
006730,서부T&D,KOSDAQ,일반서비스,10630.0,6833.0,64276923.0,8.81,0.64,1206.0,16666.0,7.236289451578064,20450.0,8220.0,,,,,,,,,,,,,,,False,,18667.0,75.60677328316086,3,20260702,BUY,37.29,48.26,202603,46.38,56.5,,,,,False,True,True,True,True
002960,한국쉘석유,KOSPI,화학,498000.0,6474.0,1300000.0,17.66,5.09,28196.0,97904.0,28.799640464128125,620000.0,401000.0,,,,,,,,,,,,,,,False,,,,0,,,8.65,2.09,202412,8.65,7.14,,,,,False,True,True,True,True
356860,티엘비,KOSDAQ,전기·전자,72700.0,7148.0,9832630.0,41.07,6.14,1770.0,11841.0,14.948061819103117,141800.0,21800.0,32.69472926785393,2223.6,371.0,499.3530997304582,2576.0,248.0,216.0,43.1,637.7,34.0,36.0,1800.0,10.3,43.900000000000006,True,248.0,127778.0,75.76066024759285,8,20260713,BUY,472.08,43.11,202603,673.17,197.12,2025.12E,2024.12,20260213,매수,True,True,True,True,True
032500,케이엠더블유,KOSDAQ,전기·전자,14960.0,6312.0,42191701.0,-22.26,4.66,-672.0,3211.0,-20.928059794456555,40000.0,11090.0,,,,,,,,,,,,,,,False,,70000.0,367.9144385026738,1,20260519,BUY,0.0,-17.78,202603,0.0,0.0,,,,,False,True,True,True,True
000400,롯데손해보험,KOSPI,보험,2350.0,7293.0,310336320.0,0.0,0.0,0.0,0.0,,3280.0,1569.0,,,,,,,,,,,,,,,False,,,,0,,,0.0,0.0,202509,0.0,0.0,,,,,False,True,True,True,True
466100,클로봇,KOSDAQ,IT 서비스,23700.0,6034.0,25459239.0,-272.41,9.81,-87.0,2415.0,-3.602484472049689,82300.0,15940.0,,,,,,,,,,,,,,,False,,,,0,,,0.0,64.95,202603,0.0,0.0,,,,,False,True,True,True,True
490470,세미파이브,KOSDAQ,일반서비스,17940.0,6104.0,34025440.0,-9.07,2.75,-1978.0,6513.0,-30.370029172424385,51300.0,17100.0,,,,,,,,,,,,,,,False,,52000.0,189.85507246376812,1,20260512,매수,0.0,136.81,202603,0.0,0.0,,,,,False,True,True,True,True
397030,에이프릴바이오,KOSDAQ,일반서비스,24000.0,5619.0,23413826.0,26.7,5.92,899.0,4056.0,22.164694280078894,76700.0,17780.0,-566.0377358490565,-42.400000000000006,-429.0,90.11655011655012,,,,,,,,,,,False,,101000.0,320.83333333333337,2,20260601,BUY,0.0,0.0,202412,0.0,0.0,2026.12E,2025.12,20260626,매수,False,True,True,True,True
114090,GKL,KOSPI,오락·문화,10290.0,6365.0,61855670.0,13.52,1.44,761.0,7137.0,10.662743449628694,17970.0,10060.0,,,,,,,,,,,,,,,False,,14600.0,41.885325558794946,5,20260709,매수,-10.02,0.72,202603,37.37,4.16,,,,,False,True,True,True,True
094170,동운아나텍,KOSDAQ,전기·전자,29950.0,6263.0,20909936.0,0.0,0.0,0.0,0.0,,56400.0,16280.0,,,,,,,,,,,,,,,False,,,,0,,,0.0,0.0,202509,0.0,0.0,,,,,False,True,True,True,True
001570,금양,KOSPI,화학,9900.0,6333.0,63967196.0,-9.62,1.38,-1029.0,7186.0,-14.319510158641805,9900.0,9900.0,,,,,,,,,,,,,,,False,,,,0,,,0.0,-50.59,202603,0.0,0.0,,,,,False,True,True,True,True
108320,LX세미콘,KOSPI,전기·전자,37350.0,6075.0,16264300.0,7.35,0.54,5081.0,69207.0,7.341742887280188,67400.0,36000.0,,,,,,,,,,,,,,,False,,60000.0,60.6425702811245,1,20260619,BUY,-65.5,-18.37,202603,-34.85,-21.28,,,,,False,True,True,True,True
069260,TKG휴켐스,KOSPI,화학,15190.0,6209.0,40878588.0,10.36,0.65,1466.0,23511.0,6.235379184211646,21550.0,14680.0,,,,,,,,,,,,,,,False,,29000.0,90.91507570770243,1,20260617,BUY,20.41,9.52,202603,-18.8,-16.22,,,,,False,True,True,True,True
010780,아이에스동서,KOSPI,비금속,19210.0,5799.0,30186976.0,-10.78,0.46,-1782.0,41857.0,-4.257352414172062,34450.0,17150.0,,,,,,,,,,,,,,,False,,31000.0,61.37428422696512,1,20260619,BUY,264.99,46.09,202603,-59.85,-37.11,,,,,False,True,True,True,True
002990,금호건설,KOSPI,건설,13570.0,5056.0,37259974.0,7.91,1.98,1715.0,6841.0,25.069434293231986,19380.0,3200.0,,,,,,,,,,,,,,,False,,5533.0,-59.226234340456884,3,20260304,BUY,111.18,-3.13,202603,0.0,-20.34,,,,,False,True,True,True,True
006380,카프로,KOSPI,화학,3660.0,6185.0,168999996.0,12.75,7.01,287.0,522.0,54.98084291187739,3660.0,3660.0,,,,,,,,,,,,,,,False,,,,0,,,0.0,-90.64,202412,0.0,0.0,,,,,False,True,True,True,True
317450,명인제약,KOSPI,제약,42000.0,6132.0,14600000.0,6.26,0.77,6713.0,54409.0,12.338032310830929,134500.0,39100.0,,,,,,,,,,,,,,,False,,,,0,,,15.4,2.68,202603,-0.28,6.94,,,,,False,True,True,True,True
005880,대한해운,KOSPI,운송·창고,1856.0,5990.0,322747340.0,3.32,0.28,559.0,6684.0,8.36325553560742,3385.0,1639.0,3.348971490436665,554.2,560.0,-1.0357142857142776,12149.0,2512.0,1789.0,-4.9,21.3,2072.0,1802.0,12770.0,-37.0,11.200000000000001,False,2512.0,2733.0,47.252155172413794,3,20260630,BUY,16.49,-15.95,202603,-36.96,-4.03,2026.12E,2025.12,20260601,매수,False,True,True,True,True
005180,빙그레,KOSPI,음식료·담배,65900.0,6108.0,9269031.0,11.45,0.78,5757.0,84119.0,6.843875937659743,92300.0,61500.0,,,,,,,,,,,,,,,False,,,,0,,,2.28,1.26,202603,-32.69,56.36,,,,,False,True,True,True,True
001680,대상,KOSPI,음식료·담배,17380.0,6022.0,34648025.0,-2.06,0.58,-8447.0,29733.0,-28.409511317391452,24700.0,15880.0,,,,,,,,,,,,,,,False,,,,0,,,0.39,-1.82,202603,-4.33,9.02,,,,,False,True,True,True,True
002840,미원상사,KOSPI,화학,120200.0,5710.0,4750000.0,13.12,1.31,9162.0,91715.0,9.98964182521943,167200.0,109100.0,,,,,,,,,,,,,,,False,,,,0,,,-27.12,8.38,202603,-27.26,-16.94,,,,,False,True,True,True,True
399720,가온칩스,KOSDAQ,전기·전자,51800.0,6143.0,11858844.0,-41.81,10.99,-1239.0,4714.0,-26.2834111158252,83200.0,34950.0,,,,,,,,,,,,,,,False,,,,0,,,0.0,35.32,202603,0.0,-2.47,,,,,False,True,True,True,True
003160,디아이,KOSPI,의료·정밀기기,21000.0,5943.0,28300000.0,116.67,3.34,180.0,6287.0,2.8630507396214413,41700.0,12480.0,,,,,,,,,,,,,,,False,,44000.0,109.52380952380953,1,20260513,BUY,90.14,-3.95,202603,1084.8,330.01,,,,,False,True,True,True,True
053800,안랩,KOSDAQ,IT 서비스,54000.0,6008.0,11126506.0,11.07,1.3,4878.0,41556.0,11.738377129656367,75000.0,51000.0,,,,,,,,,,,,,,,False,,,,0,,,84.32,3.28,202603,20.21,7.63,,,,,False,True,True,True,True
023160,태광,KOSDAQ,금속,21550.0,5574.0,25867242.0,8.94,0.89,2410.0,24145.0,9.981362600952579,51300.0,18990.0,9.2027159755733,2341.7000000000003,2469.0,-5.155933576346688,3498.0,629.0,605.0,17.8,62.300000000000004,387.0,639.0,2970.0,-2.9000000000000004,42.2,False,629.0,51500.0,138.97911832946636,2,20260617,BUY,26.28,31.36,202603,-2.85,-2.16,2026.12E,2025.12,20260618,매수,False,True,True,True,True
090460,비에이치,KOSPI,전기·전자,17780.0,5994.0,33711538.0,19.62,0.77,906.0,23055.0,3.929733246584255,43400.0,12640.0,,,,,,,,,,,,,,,False,,42833.0,140.90551181102362,9,20260629,BUY,0.0,11.77,202603,-37.99,-23.58,,,,,False,True,True,True,True
453340,현대그린푸드,KOSPI,유통,18020.0,5851.0,32471587.0,6.84,0.8,2635.0,22435.0,11.745041230220638,19690.0,14650.0,,,,,,,,,,,,,,,False,,,,0,,,43.93,8.92,202603,10.47,19.86,,,,,False,True,True,True,True
007700,F&F홀딩스,KOSPI,금융,14710.0,5754.0,39114367.0,4.58,0.25,3214.0,59179.0,5.430980584328901,23350.0,13960.0,,,,,,,,,,,,,,,False,,,,0,,,26.06,10.91,202603,4.28,-3.0,,,,,False,True,True,True,True
052400,코나아이,KOSDAQ,IT 서비스,41650.0,6066.0,14563291.0,8.15,2.31,5110.0,17996.0,28.395198933096243,72500.0,37600.0,,,,,,,,,,,,,,,False,,96500.0,131.69267707082832,1,20260507,매수,95.38,31.97,202603,166.05,44.74,,,,,False,True,True,True,True
112040,위메이드,KOSDAQ,IT 서비스,16980.0,5764.0,33948483.0,-30.99,1.41,-548.0,12052.0,-4.546963159641553,34850.0,14020.0,,,,,,,,,,,,,,,False,,30000.0,76.67844522968198,1,20260513,매수,0.0,8.1,202603,51.2,17.07,,,,,False,True,True,True,True
050890,쏠리드,KOSDAQ,전기·전자,9430.0,5729.0,60756534.0,15.8,1.6,597.0,5886.0,10.142711518858308,20900.0,6090.0,14.469848089611784,651.7,610.0,6.836065573770498,3192.0,397.0,391.0,8.3,19.400000000000002,333.0,364.0,2948.0,-5.300000000000001,-21.1,True,397.0,27333.0,189.85153764581125,3,20260522,매수,0.0,14.32,202603,-5.29,6.15,2026.12E,2025.12,20260504,매수,False,True,True,True,True
383800,LX홀딩스,KOSPI,금융,7550.0,5759.0,76280690.0,4.33,0.29,1744.0,25746.0,6.7738677852870355,10340.0,7060.0,,,,,,,,,,,,,,,False,,,,0,,,-41.72,-34.62,202603,-14.5,14.92,,,,,False,True,True,True,True
376900,로킷헬스케어,KOSDAQ,제약,45200.0,7175.0,15873789.0,-230.61,61.08,-196.0,740.0,-26.486486486486488,153800.0,14120.0,,,,,,,,,,,,,,,False,,,,0,,,0.0,118.08,202603,0.0,0.0,,,,,False,True,True,True,True
017940,E1,KOSPI,유통,84200.0,5776.0,6860000.0,5.51,0.24,15276.0,349725.0,4.368003431267424,114500.0,71000.0,,,,,,,,,,,,,,,False,,145000.0,72.20902612826603,1,20260327,BUY,0.0,29.63,202603,45.03,39.42,,,,,False,True,True,True,True
003620,KG모빌리티,KOSPI,운송장비·부품,2775.0,5616.0,202374912.0,11.96,0.38,232.0,7336.0,3.162486368593239,4670.0,2600.0,,,,,,,,,,,,,,,False,,,,0,,,68.78,24.52,202603,2423.23,778.22,,,,,False,True,True,True,True
222080,SFA넥셀,KOSDAQ,기계·장비,7260.0,5647.0,77780144.0,19.57,1.11,371.0,6562.0,5.6537640963121,19880.0,6240.0,,,,,,,,,,,,,,,False,,,,0,,,-87.28,-50.46,202603,-43.53,135.8,,,,,False,True,True,True,True
001270,부국증권,KOSPI,증권,53800.0,5579.0,10369886.0,15.76,0.57,3413.0,93587.0,3.646874031649695,104600.0,47600.0,,,,,,,,,,,,,,,False,,,,0,,,-30.05,148.22,202603,54.81,7.4,,,,,False,True,True,True,True
225570,넥슨게임즈,KOSDAQ,IT 서비스,8510.0,5605.0,65860174.0,-9.06,2.1,-939.0,4052.0,-23.173741362290226,15420.0,7860.0,,,,,,,,,,,,,,,False,,,,0,,,0.0,-19.09,202603,0.0,118.48,,,,,False,True,True,True,True
005090,SGC에너지,KOSPI,전기·가스,36250.0,5223.0,14409333.0,-8.51,0.74,-4259.0,48667.0,-8.751309922534777,70700.0,20150.0,,,,,,,,,,,,,,,False,,67333.0,85.74620689655173,2,20260326,매수,103.63,-1.13,202603,-49.47,-6.99,,,,,False,True,True,True,True
295310,에이치브이엠,KOSDAQ,금속,43500.0,5240.0,12046581.0,-55.56,7.83,-783.0,5555.0,-14.095409540954096,144000.0,21950.0,28.577059519117068,1522.2,1060.0,43.60377358490567,1051.0,216.0,183.0,58.0,270.6,58.0,126.0,665.0,-186.0,-250.3,True,216.0,127500.0,193.10344827586206,1,20260518,매수,0.0,8.88,202412,0.0,49.08,2026.12E,2025.12,20260612,매수,True,True,True,True,True
000640,동아쏘시오홀딩스,KOSPI,금융,81200.0,5467.0,6732527.0,6.01,0.47,13508.0,171401.0,7.880934183581193,125500.0,74500.0,,,,,,,,,,,,,,,False,,150000.0,84.72906403940887,1,20260528,매수,-5.96,6.88,202603,19.1,42.99,,,,,False,True,True,True,True
001060,JW중외제약,KOSPI,제약,23450.0,5461.0,23285930.0,9.49,1.53,2470.0,15290.0,16.15434924787443,39250.0,20700.0,,,,,,,,,,,,,,,False,,,,0,,,52.58,7.91,202603,14.52,18.69,,,,,False,True,True,True,True
014820,동원시스템즈,KOSPI,화학,19690.0,5708.0,28991282.0,10.73,0.67,1835.0,29468.0,6.227093796660784,32250.0,17520.0,,,,,,,,,,,,,,,False,,,,0,,,3.91,0.3,202603,-28.02,-8.77,,,,,False,True,True,True,True
002020,코오롱,KOSPI,금융,38250.0,4937.0,12907680.0,-3.31,0.29,-11553.0,132503.0,-8.71904787061425,88200.0,35300.0,,,,,,,,,,,,,,,False,,100000.0,161.43790849673204,1,20260518,BUY,158.3,7.72,202603,0.0,-22.91,,,,,False,True,True,True,True
041960,코미팜,KOSDAQ,제약,6970.0,5150.0,73886495.0,-69.7,7.21,-100.0,967.0,-10.341261633919338,10790.0,5140.0,,,,,,,,,,,,,,,False,,,,0,,,-40.91,-17.15,202603,-68.34,-22.78,,,,,False,True,True,True,True
067160,SOOP,KOSDAQ,IT 서비스,47600.0,5472.0,11494767.0,5.37,1.09,8860.0,43822.0,20.21815526447903,97800.0,44700.0,5.488043904351235,8673.4,9556.0,-9.236082042695692,4531.0,1025.0,924.0,-2.9000000000000004,-17.900000000000002,1248.0,1018.0,4666.0,10.0,0.6000000000000001,False,1025.0,75000.0,57.56302521008403,5,20260710,BUY,-24.06,-1.52,202603,9.99,15.08,2026.12E,2025.12,20260625,중립,False,True,True,True,True
037460,삼지전자,KOSDAQ,전기·전자,33350.0,5442.0,16318522.0,7.19,1.02,4636.0,32565.0,14.236143098418546,64500.0,10900.0,,,,,,,,,,,,,,,False,,,,0,,,1240.31,113.54,202603,40.51,25.51,,,,,False,True,True,True,True
102710,이엔에프테크놀로지,KOSDAQ,화학,39750.0,5679.0,14287836.0,10.94,1.27,3635.0,31327.0,11.60340919973186,65000.0,34400.0,9.718113585800552,4090.3,3635.0,12.525447042640995,7214.0,831.0,584.0,7.5,6.5,781.0,519.0,6709.0,31.6,66.9,True,831.0,67000.0,68.55345911949685,1,20260511,BUY,16.11,8.29,202603,31.59,39.01,2026.12E,2025.12,20260629,매수,False,True,True,True,True
053610,프로텍,KOSDAQ,기계·장비,63200.0,5688.0,9000000.0,14.59,1.63,4331.0,38739.0,11.179947856165622,101900.0,24850.0,,,,,,,,,,,,,,,False,,,,0,,,428.35,105.28,202603,244.46,50.2,,,,,False,True,True,True,True
033240,자화전자,KOSPI,전기·전자,24450.0,5283.0,21605502.0,11.37,1.13,2150.0,21665.0,9.92384029540734,60000.0,16580.0,,,,,,,,,,,,,,,False,,56000.0,129.03885480572598,1,20260518,BUY,389.02,61.71,202603,-6.59,-2.2,,,,,False,True,True,True,True
102940,코오롱생명과학,KOSDAQ,제약,37450.0,4902.0,13090603.0,18.72,0.83,2001.0,45249.0,4.422197175628191,72700.0,27600.0,,,,,,,,,,,,,,,False,,,,0,,,3839.04,10.76,202603,0.0,0.0,,,,,False,True,True,True,True
268280,미원에스씨,KOSPI,화학,104700.0,5235.0,5000000.0,8.54,1.13,12261.0,92934.0,13.193233907934662,157900.0,89600.0,,,,,,,,,,,,,,,False,,,,0,,,7.18,2.47,202603,11.43,33.39,,,,,False,True,True,True,True
122640,예스티,KOSDAQ,기계·장비,31850.0,6880.0,21600814.0,-1179.63,4.99,-27.0,6379.0,-0.42326383445681137,44000.0,15200.0,,,,,,,,,,,,,,,False,,48000.0,50.706436420722135,1,20260617,BUY,38.11,9.64,202603,-66.32,-22.11,,,,,False,True,True,True,True
456160,지투지바이오,KOSDAQ,제약,30350.0,5047.0,16629426.0,-2.14,-1.58,-14150.0,-19236.0,73.55999168226242,248000.0,29300.0,,,,,,,,,,,,,,,False,,,,0,,,0.0,3.93,202412,0.0,0.0,,,,,False,True,True,True,True
046890,서울반도체,KOSDAQ,전기·전자,9040.0,5271.0,58305400.0,-10.25,0.82,-882.0,10993.0,-8.023287546620576,18960.0,5730.0,,,,,,,,,,,,,,,False,,,,0,,,0.0,-0.44,202603,0.0,0.0,,,,,False,True,True,True,True
121600,나노신소재,KOSDAQ,화학,42800.0,5248.0,12262191.0,319.4,2.06,134.0,20762.0,0.6454098834409017,95300.0,41600.0,79.15664878860736,540.7,-155.0,448.83870967741933,1076.0,53.0,65.0,22.6,78.60000000000001,30.0,-19.0,878.0,-74.9,-111.0,True,53.0,110000.0,157.00934579439252,1,20260511,BUY,837.9,46.47,202603,56.68,-15.84,2025.12E,2024.12,20251020,매수,False,True,True,True,True
251970,펌텍코리아,KOSDAQ,화학,41950.0,5202.0,12400000.0,15.1,1.77,2778.0,23753.0,11.695364796025764,77000.0,31400.0,,,,,,,,,,,,,,,False,,52333.0,24.750893921334924,3,20260609,BUY,-3.49,0.02,202603,16.77,29.06,,,,,False,True,True,True,True
064290,인텍플러스,KOSDAQ,기계·장비,40150.0,5170.0,12877578.0,-156.23,10.66,-257.0,3765.0,-6.826029216467464,54100.0,8180.0,,,,,,,,,,,,,,,False,,60250.0,50.06226650062266,2,20260709,BUY,0.0,-11.12,202603,0.0,0.0,,,,,False,True,True,True,True
003300,한일홀딩스,KOSPI,비금속,16510.0,5090.0,30831444.0,16.12,0.3,1024.0,54474.0,1.8797958659176857,23800.0,15250.0,,,,,,,,,,,,,,,False,,,,0,,,-2.04,-3.62,202603,-55.88,16.16,,,,,False,True,True,True,True
001510,SK증권,KOSPI,증권,2240.0,5181.0,231295085.0,18.51,0.78,121.0,2884.0,4.195561719833565,6190.0,609.0,,,,,,,,,,,,,,,False,,,,0,,,5265.89,157.92,202603,0.0,-8.92,,,,,False,True,True,True,True
383310,에코프로에이치엔,KOSDAQ,화학,25100.0,5265.0,20974932.0,39.84,1.73,630.0,14535.0,4.3343653250774,46900.0,22050.0,,,,,,,,,,,,,,,False,,,,0,,,47.69,0.68,202603,-51.67,-30.94,,,,,False,True,True,True,True
086900,메디톡스,KOSDAQ,제약,70000.0,5109.0,7298497.0,32.65,1.08,2144.0,64588.0,3.319502074688797,164300.0,68500.0,20.334059549745824,3442.5,2292.8,50.14392882065596,2670.0,291.0,233.0,8.0,71.4,170.0,166.0,2473.0,-16.400000000000002,-2.1,True,291.0,120000.0,71.42857142857143,1,20260527,BUY,34.62,-5.11,202603,-16.44,-20.62,2026.12E,2025.12,20260515,중립,False,True,True,True,True
059090,미코,KOSDAQ,전기·전자,15270.0,5103.0,33416778.0,17.29,4.17,883.0,3658.0,24.138873701476214,29250.0,12400.0,,,,,,,,,,,,,,,False,,,,0,,,-46.54,49.81,202603,6.73,56.59,,,,,False,True,True,True,True
160190,하이젠알앤엠,KOSDAQ,전기·전자,15310.0,4729.0,30888000.0,-66.86,4.19,-229.0,3657.0,-6.26196335794367,91200.0,14610.0,,,,,,,,,,,,,,,False,,,,0,,,0.0,2.56,202603,0.0,-3.96,,,,,False,True,True,True,True
477850,마키나락스,KOSDAQ,IT 서비스,27950.0,4962.0,17754736.0,-29.61,28.7,-944.0,974.0,-96.91991786447639,83600.0,13420.0,,,,,,,,,,,,,,,False,,,,0,,,0.0,167.63,202603,0.0,0.0,,,,,False,True,True,True,True
171090,선익시스템,KOSDAQ,기계·장비,51900.0,5243.0,10102626.0,5.13,3.18,10110.0,16300.0,62.02453987730061,144000.0,34000.0,,,,,,,,,,,,,,,False,,131000.0,152.40847784200386,3,20260702,BUY,0.0,1.29,202603,1310.54,436.85,,,,,False,True,True,True,True
094800,맵스리얼티,KOSPI, ,6000.0,5570.0,92834331.0,0.0,0.0,0.0,0.0,,8190.0,4360.0,,,,,,,,,,,,,,,False,,,,0,,,,,,,,,,,,False,True,True,True,True
044490,태웅,KOSDAQ,금속,25850.0,5172.0,20007381.0,20.95,0.86,1234.0,30212.0,4.084469747120349,61300.0,22550.0,,,,,,,,,,,,,,,False,,,,0,,,-42.28,-12.94,202412,-42.28,388.39,,,,,False,True,True,True,True
016380,KG스틸,KOSPI,금속,5070.0,5070.0,100008897.0,3.76,0.24,1350.0,21234.0,6.357728171799944,7900.0,4950.0,,,,,,,,,,,,,,,False,,7650.0,50.887573964497044,3,20260702,BUY,-66.99,-0.9,202603,-26.83,-23.66,,,,,False,True,True,True,True
336370,솔루스첨단소재,KOSPI,전기·전자,7270.0,5105.0,70217344.0,-9.88,0.96,-736.0,7584.0,-9.70464135021097,16900.0,6880.0,,,,,,,,,,,,,,,False,,20000.0,175.1031636863824,2,20260429,매수,0.0,22.19,202603,0.0,0.0,,,,,False,True,True,True,True
045100,한양이엔지,KOSDAQ,일반서비스,32750.0,5731.0,17500000.0,14.12,0.86,2320.0,38303.0,6.056966817220584,39400.0,17840.0,,,,,,,,,,,,,,,False,,,,0,,,88.64,26.9,202603,-37.69,-7.77,,,,,False,True,True,True,True
052020,에스티큐브,KOSDAQ,유통,7430.0,5051.0,67983291.0,-23.15,7.0,-321.0,1062.0,-30.225988700564972,22500.0,6810.0,,,,,,,,,,,,,,,False,,,,0,,,0.0,-24.63,202603,0.0,0.0,,,,,False,True,True,True,True
178920,PI첨단소재,KOSPI,화학,17950.0,5271.0,29366322.0,22.55,1.56,796.0,11507.0,6.917528460936821,32150.0,14880.0,,,,,,,,,,,,,,,False,,33667.0,87.55988857938719,3,20260506,BUY,0.0,15.46,202412,0.0,-10.42,,,,,False,True,True,True,True
358570,지아이이노베이션,KOSDAQ,일반서비스,7330.0,4729.0,64516006.0,-6.59,13.5,-1113.0,543.0,-204.97237569060775,22600.0,7060.0,,,,,,,,,,,,,,,False,,,,0,,,0.0,-99.54,202412,0.0,0.0,,,,,False,True,True,True,True
126340,비나텍,KOSDAQ,전기·전자,62900.0,4516.0,7180414.0,-70.83,5.28,-888.0,11920.0,-7.449664429530202,204500.0,27200.0,,,,,,,,,,,,,,,False,,,,0,,,0.0,61.16,202603,0.0,-22.51,,,,,False,True,True,True,True
376300,디어유,KOSDAQ,IT 서비스,20600.0,4890.0,23738406.0,26.24,2.33,785.0,8842.0,8.878081881927166,60300.0,19220.0,12.827697864126035,1605.9,785.0,104.57324840764332,988.0,,,,,,,838.0,,,False,,45900.0,122.81553398058252,9,20260707,BUY,76.91,33.4,202603,23.52,29.36,2026.12E,2025.12,20260506,매수,False,True,True,True,True
476060,온코닉테라퓨틱스,KOSDAQ,일반서비스,10720.0,4868.0,45407840.0,-43.93,8.27,-244.0,1296.0,-18.82716049382716,70800.0,10170.0,,,,,,,,,,,,,,,False,,30000.0,179.8507462686567,1,20260512,BUY,0.0,-29.53,202412,0.0,0.0,,,,,False,True,True,True,True
211050,인카금융서비스,KOSDAQ,금융,10190.0,5020.0,49263657.0,7.23,2.32,1410.0,4391.0,32.11113641539512,17330.0,8100.0,,,,,,,,,,,,,,,False,,12000.0,17.76251226692836,1,20260415,Trading BUY,22.99,30.91,202603,9.94,55.07,,,,,False,True,True,True,True
006110,삼아알미늄,KOSPI,금속,33750.0,5104.0,15123455.0,-19.95,2.28,-1692.0,14814.0,-11.421628189550425,104600.0,17630.0,,,,,,,,,,,,,,,False,,,,0,,,0.0,2.02,202603,0.0,-27.77,,,,,False,True,True,True,True
001500,현대차증권,KOSPI,증권,7900.0,4885.0,61833044.0,7.96,0.3,993.0,26343.0,3.769502334586038,14880.0,7560.0,,,,,,,,,,,,,,,False,,,,0,,,19.23,98.14,202603,32.11,-9.03,,,,,False,True,True,True,True
058650,세아홀딩스,KOSPI,금속,115600.0,4904.0,4242236.0,7.16,0.2,16154.0,569956.0,2.8342538722287336,184800.0,105000.0,,,,,,,,,,,,,,,False,,207000.0,79.06574394463668,2,20260313,BUY,48.41,11.82,202603,76.91,9.56,,,,,False,True,True,True,True
336570,원텍,KOSDAQ,의료·정밀기기,5270.0,4721.0,89580646.0,13.41,2.99,393.0,1764.0,22.27891156462585,13410.0,5110.0,10.103527607361963,521.6,393.0,32.72264631043257,1960.0,571.0,465.0,25.0,10.4,517.0,352.0,1568.0,48.6,21.0,True,571.0,11200.0,112.5237191650854,5,20260414,BUY,-23.03,7.57,202603,48.57,32.07,2026.12E,2025.12,20260515,매수,False,True,True,True,True
100840,SNT에너지,KOSPI,기계·장비,25150.0,5201.0,20680783.0,6.16,1.36,4080.0,18458.0,22.104236645357027,67900.0,23350.0,,,,,,,,,,,,,,,False,,52000.0,106.75944333996024,1,20260619,BUY,77.06,7.21,202603,400.52,296.98,,,,,False,True,True,True,True
060250,NHN KCP,KOSDAQ,금융,12410.0,4984.0,40160611.0,11.0,1.59,1128.0,7810.0,14.443021766965428,25500.0,11780.0,,,,,,,,,,,,,,,False,,25500.0,105.47945205479452,2,20260608,BUY,26.37,22.7,202603,24.91,8.06,,,,,False,True,True,True,True
079900,전진건설로봇,KOSPI,기계·장비,31500.0,4597.0,14592545.0,14.58,2.94,2161.0,10701.0,20.194374357536677,74350.0,30450.0,,,,,,,,,,,,,,,False,,72000.0,128.57142857142858,1,20260407,BUY,-50.82,-5.85,202603,-8.38,1.57,,,,,False,True,True,True,True
005810,풍산홀딩스,KOSPI,금융,32950.0,4750.0,14417292.0,6.38,0.39,5163.0,84683.0,6.0968553310581814,60900.0,32550.0,,,,,,,,,,,,,,,False,,50500.0,53.262518968133534,1,20260612,BUY,107.19,23.63,202603,-36.23,0.94,,,,,False,True,True,True,True
039130,하나투어,KOSPI,일반서비스,30650.0,4748.0,15489932.0,15.05,3.12,2036.0,9827.0,20.718428818561108,58600.0,30350.0,,,,,,,,,,,,,,,False,,50200.0,63.78466557911908,4,20260710,BUY,36.48,3.79,202603,13.17,20.91,,,,,False,True,True,True,True
033500,동성화인텍,KOSDAQ,화학,15590.0,4675.0,29989494.0,8.37,1.8,1863.0,8649.0,21.54006243496358,34300.0,15250.0,,,,,,,,,,,,,,,False,,33000.0,111.67415009621553,2,20260414,매수,58.42,-1.88,202603,34.4,77.02,,,,,False,True,True,True,True
020000,한섬,KOSPI,섬유·의류,22150.0,4757.0,21476994.0,10.75,0.33,2061.0,66913.0,3.08011896044117,28750.0,14180.0,,,,,,,,,,,,,,,False,,35571.0,60.591422121896166,5,20260709,BUY,67.7,7.9,202603,-17.79,-31.64,,,,,False,True,True,True,True
009410,태영건설,KOSPI,건설,1586.0,4720.0,297590078.0,7.34,0.78,216.0,2037.0,10.603829160530191,2860.0,1510.0,,,,,,,,,,,,,,,False,,,,0,,,14.28,-44.15,202603,155.73,51.91,,,,,False,True,True,True,True
284740,쿠쿠홈시스,KOSPI,일반서비스,21050.0,4723.0,22437330.0,3.95,0.44,5327.0,48373.0,11.01234159551816,31650.0,20150.0,,,,,,,,,,,,,,,False,,,,0,,,-7.92,0.71,202603,-0.36,12.58,,,,,False,True,True,True,True
348370,엔켐,KOSDAQ,화학,19940.0,4369.0,21910993.0,-6.33,0.93,-3152.0,21543.0,-14.631202710857355,105000.0,19200.0,,,,,,,,,,,,,,,False,,,,0,,,0.0,23.29,202603,0.0,-27.32,,,,,False,True,True,True,True
389470,인벤티지랩,KOSDAQ,일반서비스,33000.0,4392.0,13307708.0,-43.19,6.39,-764.0,5163.0,-14.797598295564592,101700.0,28550.0,,,,,,,,,,,,,,,False,,,,0,,,0.0,132.27,202603,0.0,0.0,,,,,False,True,True,True,True
001530,DI동일,KOSPI,유통,23950.0,4961.0,20715621.0,-51.84,0.96,-462.0,25027.0,-1.8460063131817634,44050.0,15730.0,,,,,,,,,,,,,,,False,,40000.0,67.01461377870564,1,20251230,BUY,-56.87,4.48,202603,0.0,-20.67,,,,,False,True,True,True,True
002240,고려제강,KOSPI,금속,16910.0,4566.0,27000000.0,47.5,0.25,356.0,67342.0,0.5286448278934395,28300.0,16550.0,,,,,,,,,,,,,,,False,,,,0,,,-14.79,-2.26,202603,55.98,-18.49,,,,,False,True,True,True,True
451060,1Q 200액티브,KOSPI,ETF(Active/수익증권),35095.0,4317.0,12300000.0,0.0,0.0,0.0,0.0,,49020.0,13625.0,,,,,,,,,,,,,,,False,,,,0,,,,,,,,,,,,False,True,True,True,True
035890,서희건설,KOSDAQ,건설,2025.0,4654.0,229808457.0,3.82,0.35,530.0,5846.0,9.066028053369827,4000.0,1547.0,,,,,,,,,,,,,,,False,,,,0,,,-79.45,-33.21,202603,-38.75,-8.23,,,,,False,True,True,True,True
082270,젬백스,KOSDAQ,기계·장비,10390.0,4600.0,44269203.0,-38.06,7.69,-273.0,1351.0,-20.207253886010363,61000.0,10000.0,,,,,,,,,,,,,,,False,,,,0,,,0.0,47.56,202603,0.0,0.0,,,,,False,True,True,True,True
377740,바이오노트,KOSPI,제약,4580.0,4666.0,101886048.0,-5.34,0.3,-857.0,15047.0,-5.6954874725858975,6320.0,4240.0,,,,,,,,,,,,,,,False,,,,0,,,35.16,14.49,202603,36.76,12.25,,,,,False,True,True,True,True
145990,삼양사,KOSPI,음식료·담배,43800.0,4517.0,10313449.0,-1.49,0.27,-29380.0,160501.0,-18.305181899178198,59500.0,40750.0,,,,,,,,,,,,,,,False,,,,0,,,-12.55,-1.89,202603,-16.33,13.21,,,,,False,True,True,True,True
249420,일동제약,KOSPI,제약,13670.0,4325.0,31638252.0,14.67,1.75,932.0,7821.0,11.916634701444828,45050.0,13150.0,,,,,,,,,,,,,,,False,,38000.0,177.98098024871982,2,20260528,매수,119.97,4.43,202603,48.47,16.16,,,,,False,True,True,True,True
056080,유진로봇,KOSDAQ,기계·장비,12220.0,4672.0,38235486.0,-143.76,12.84,-85.0,952.0,-8.928571428571429,49450.0,9650.0,,,,,,,,,,,,,,,False,,,,0,,,0.0,35.12,202412,0.0,0.0,,,,,False,True,True,True,True
034950,한국기업평가,KOSDAQ,일반서비스,100500.0,4563.0,4540514.0,18.09,3.39,5556.0,29647.0,18.740513374034474,115000.0,92400.0,,,,,,,,,,,,,,,False,,,,0,,,-1.41,2.84,202603,5.08,5.96,,,,,False,True,True,True,True
124500,아이티센글로벌,KOSDAQ,IT 서비스,20000.0,4641.0,23204527.0,9.95,3.7,2010.0,5404.0,37.19467061435973,75500.0,13990.0,,,,,,,,,,,,,,,False,,,,0,,,193.07,100.92,202603,377.98,156.71,,,,,False,True,True,True,True
005250,녹십자홀딩스,KOSPI,일반서비스,9540.0,4486.0,47028210.0,-6.8,0.48,-1403.0,19826.0,-7.076566125290023,18010.0,9410.0,,,,,,,,,,,,,,,False,,,,0,,,0.0,8.13,202603,0.0,0.0,,,,,False,True,True,True,True
015750,성우하이텍,KOSDAQ,운송장비·부품,5650.0,4520.0,80000000.0,2.68,0.27,2110.0,21208.0,9.949075820445115,11990.0,5390.0,,,,,,,,,,,,,,,False,,,,0,,,-6.45,1.97,202603,17.88,49.27,,,,,False,True,True,True,True
027360,아주IB투자,KOSDAQ,금융,3425.0,4149.0,121145406.0,49.64,1.54,69.0,2227.0,3.0983385720700496,19950.0,1913.0,,,,,,,,,,,,,,,False,,,,0,,,943.48,9.8,202603,41.75,84.98,,,,,False,True,True,True,True
174900,앱클론,KOSDAQ,제약,21400.0,4270.0,19952129.0,0.0,0.0,0.0,0.0,,95800.0,9770.0,,,,,,,,,,,,,,,False,,,,0,,,0.0,0.0,202509,0.0,0.0,,,,,False,True,True,True,True
372320,큐로셀,KOSDAQ,일반서비스,22700.0,3456.0,15225918.0,-7.02,65.23,-3232.0,348.0,-928.735632183908,66000.0,22050.0,,,,,,,,,,,,,,,False,,80000.0,252.42290748898677,1,20260430,매수,0.0,0.0,202603,0.0,0.0,,,,,False,True,True,True,True
170920,엘티씨,KOSDAQ,화학,55500.0,5863.0,10564126.0,115.62,4.44,480.0,12514.0,3.835704011507112,60700.0,10400.0,,,,,,,,,,,,,,,False,,60000.0,8.108108108108109,1,20260602,매수,92.04,30.27,202603,22.52,7.51,,,,,False,True,True,True,True
036810,에프에스티,KOSDAQ,전기·전자,21450.0,4644.0,21649789.0,-38.58,1.83,-556.0,11742.0,-4.735138817918583,51000.0,19370.0,,,,,,,,,,,,,,,False,,,,0,,,-48.42,1.55,202603,0.0,0.0,,,,,False,True,True,True,True
009520,포스코엠텍,KOSDAQ,금속,10700.0,4456.0,41642703.0,764.29,3.98,14.0,2687.0,0.5210271678451805,23100.0,10400.0,,,,,,,,,,,,,,,False,,,,0,,,-68.3,1.53,202412,-68.3,-52.96,,,,,False,True,True,True,True
101160,월덱스,KOSDAQ,전기·전자,28750.0,4747.0,16510993.0,11.58,1.37,2482.0,20992.0,11.823551829268293,35400.0,20050.0,,,,,,,,,,,,,,,False,,,,0,,,-3.27,-6.76,202603,-16.73,6.53,,,,,False,True,True,True,True
033790,피노,KOSDAQ,전기·전자,5770.0,4808.0,83321887.0,-46.91,2.34,-123.0,2462.0,-4.995938261575954,19150.0,3445.0,,,,,,,,,,,,,,,False,,,,0,,,0.0,340.31,202412,0.0,-7.99,,,,,False,True,True,True,True
161000,애경케미칼,KOSPI,화학,9050.0,4403.0,48648709.0,-148.36,0.61,-61.0,14791.0,-0.4124129538232709,19960.0,8430.0,,,,,,,,,,,,,,,False,,,,0,,,66.98,0.16,202603,0.0,-39.43,,,,,False,True,True,True,True
033640,네패스,KOSDAQ,전기·전자,19990.0,4610.0,23059202.0,27.8,3.73,719.0,5360.0,13.414179104477611,41150.0,10500.0,,,,,,,,,,,,,,,False,,36000.0,80.09004502251126,1,20260520,BUY,198.98,3.55,202603,598.49,177.42,,,,,False,True,True,True,True
000070,삼양홀딩스,KOSPI,금융,55400.0,4301.0,7763191.0,-2.39,0.21,-23161.0,261061.0,-8.87187285730155,107100.0,51500.0,,,,,,,,,,,,,,,False,,,,0,,,10.04,0.59,202603,0.68,-4.58,,,,,False,True,True,True,True
200710,에이디테크놀로지,KOSDAQ,전기·전자,29550.0,3978.0,13462007.0,110.26,2.83,268.0,10456.0,2.5631216526396328,62000.0,19880.0,,,,,,,,,,,,,,,False,,62500.0,111.50592216582065,1,20260512,매수,0.0,10.39,202603,0.0,0.0,,,,,False,True,True,True,True
475960,토모큐브,KOSDAQ,의료·정밀기기,34750.0,4651.0,13383274.0,-95.21,11.93,-365.0,2912.0,-12.534340659340659,67800.0,22500.0,,,,,,,,,,,,,,,False,,76000.0,118.70503597122301,1,20260522,BUY,0.0,320.57,202603,0.0,0.0,,,,,False,True,True,True,True
008060,대덕,KOSPI,금융,13980.0,4374.0,31287098.0,138.42,0.79,101.0,17702.0,0.570556999209129,24350.0,7700.0,,,,,,,,,,,,,,,False,,,,0,,,0.0,47.16,202603,34.41,-40.94,,,,,False,True,True,True,True
099190,아이센스,KOSDAQ,의료·정밀기기,14740.0,4239.0,28757309.0,-79.25,1.29,-186.0,11419.0,-1.6288641737455118,27600.0,14000.0,,,,,,,,,,,,,,,False,,32000.0,117.09633649932158,1,20260428,BUY,-71.03,-1.49,202603,196.75,25.42,,,,,False,True,True,True,True
476830,알지노믹스,KOSDAQ,일반서비스,28600.0,4012.0,14027718.0,0.0,0.0,0.0,0.0,,245250.0,26900.0,,,,,,,,,,,,,,,False,,,,0,,,0.0,0.0,202509,0.0,0.0,,,,,False,True,True,True,True
089890,코세스,KOSDAQ,기계·장비,27150.0,4503.0,16584962.0,34.11,5.86,796.0,4635.0,17.173678532901835,51400.0,7890.0,,,,,,,,,,,,,,,False,,,,0,,,-63.07,-32.9,202603,0.0,-2.06,,,,,False,True,True,True,True
365340,성일하이텍,KOSDAQ,화학,31450.0,4064.0,12921115.0,-4.94,3.03,-6364.0,10382.0,-61.29840107879021,85500.0,30450.0,,,,,,,,,,,,,,,False,,86667.0,175.57074721780603,2,20260615,BUY,0.0,82.46,202603,0.0,0.0,,,,,False,True,True,True,True
214430,아이쓰리시스템,KOSDAQ,전기·전자,56900.0,4158.0,7307215.0,27.02,3.69,2106.0,15407.0,13.669111442850651,137900.0,53500.0,,,,,,,,,,,,,,,False,,,,0,,,20.94,-0.69,202412,20.94,146.21,,,,,False,True,True,True,True
462900,KoAct 바이오헬스케어액티브,KOSPI,ETF(Active/수익증권),13705.0,4029.0,29400000.0,0.0,0.0,0.0,0.0,,25685.0,13085.0,,,,,,,,,,,,,,,False,,,,0,,,,,,,,,,,,False,True,True,True,True
425420,티에프이,KOSDAQ,전기·전자,36200.0,4470.0,12347181.0,23.0,3.85,1574.0,9411.0,16.72510891509935,77700.0,29400.0,,,,,,,,,,,,,,,False,,,,0,,,12.01,46.82,202603,334.0,107.74,,,,,False,True,True,True,True
119850,지엔씨에너지,KOSDAQ,전기·전자,30000.0,4935.0,16448909.0,12.36,2.22,2428.0,13535.0,17.938677502770595,46750.0,18350.0,,,,,,,,,,,,,,,False,,,,0,,,-70.62,-16.37,202603,55.73,108.08,,,,,False,True,True,True,True
031430,신세계인터내셔날,KOSPI,유통,11970.0,4188.0,34986000.0,98.93,0.5,121.0,24118.0,0.5016999751223152,17130.0,9550.0,,,,,,,,,,,,,,,False,,20333.0,69.86633249791144,5,20260520,매수,452.59,15.68,202603,0.0,-47.62,,,,,False,True,True,True,True
003030,세아제강지주,KOSPI,금융,98700.0,4088.0,4141657.0,6.46,0.19,15274.0,510476.0,2.9921093254139275,260000.0,98200.0,,,,,,,,,,,,,,,False,,227500.0,130.49645390070924,1,20260622,BUY,-58.97,4.74,202603,-2.73,-20.91,,,,,False,True,True,True,True
014830,유니드,KOSPI,화학,61500.0,4162.0,6767600.0,6.38,0.38,9643.0,162961.0,5.917366731917452,101600.0,60500.0,,,,,,,,,,,,,,,False,,110000.0,78.86178861788618,3,20260423,BUY,-11.02,19.2,202603,-7.9,37.14,,,,,False,True,True,True,True
385720,TIME 코스피액티브,KOSPI,ETF(Active/수익증권),25900.0,3574.0,13800000.0,0.0,0.0,0.0,0.0,,35680.0,11215.0,,,,,,,,,,,,,,,False,,,,0,,,,,,,,,,,,False,True,True,True,True
104830,원익머트리얼즈,KOSDAQ,화학,35600.0,4488.0,12608000.0,9.22,0.85,3863.0,41679.0,9.268456536865088,56100.0,21700.0,,,,,,,,,,,,,,,False,,63500.0,78.37078651685393,2,20260626,BUY,6.35,13.06,202603,8.82,15.64,,,,,False,True,True,True,True
004700,조광피혁,KOSPI,섬유·의류,62300.0,4142.0,6649138.0,32.86,0.74,1896.0,84592.0,2.241346699451485,87600.0,57600.0,,,,,,,,,,,,,,,False,,,,0,,,13.9,-28.7,202412,13.9,356.19,,,,,False,True,True,True,True
079940,가비아,KOSDAQ,IT 서비스,31100.0,4174.0,13420684.0,26.65,2.29,1167.0,13565.0,8.603022484334685,36750.0,22250.0,,,,,,,,,,,,,,,False,,,,0,,,85.71,10.4,202603,15.31,0.37,,,,,False,True,True,True,True
348210,넥스틴,KOSDAQ,기계·장비,36550.0,3829.0,10477005.0,-155.53,2.48,-235.0,14724.0,-1.596033686498234,100400.0,34350.0,262.1951219512195,139.4,-240.0,158.08333333333334,913.0,51.0,14.0,36.5,-536.8000000000001,-12.0,-25.0,669.0,-102.5,-106.4,True,51.0,105000.0,187.27770177838576,2,20260519,Buy,0.0,-53.59,202603,0.0,-2.03,2026.12E,2025.12,20260402,매수,False,True,True,True,True
004690,삼천리,KOSPI,전기·가스,113800.0,4127.0,3626777.0,4.14,0.23,27498.0,491062.0,5.599700241517365,175200.0,107600.0,,,,,,,,,,,,,,,False,,160000.0,40.597539543058,1,20260611,BUY,13.69,-0.25,202603,39.66,32.14,,,,,False,True,True,True,True
148070,KIWOOM 국고채10년,KOSPI,ETF(실물복제/수익증권),103935.0,4153.0,3996000.0,0.0,0.0,0.0,0.0,,117925.0,103390.0,,,,,,,,,,,,,,,False,,,,0,,,,,,,,,,,,False,True,True,True,True
272290,이녹스첨단소재,KOSDAQ,전기·전자,20650.0,4117.0,19937509.0,7.19,0.99,2871.0,20895.0,13.740129217516154,44400.0,19900.0,,,,,,,,,,,,,,,False,,,,0,,,-35.96,-15.91,202603,-5.63,14.55,,,,,False,True,True,True,True
078130,국일제지,KOSDAQ,종이·목재,3920.0,4419.0,112740587.0,-245.0,3.69,-16.0,1063.0,-1.5051740357478833,4575.0,261.0,,,,,,,,,,,,,,,False,,,,0,,,0.0,-10.47,202603,0.0,0.0,,,,,False,True,True,True,True
019170,신풍제약,KOSPI,제약,7940.0,4162.0,52418522.0,49.62,1.51,160.0,5267.0,3.037782418834251,15900.0,7600.0,,,,,,,,,,,,,,,False,,,,0,,,0.0,-1.59,202603,0.0,0.0,,,,,False,True,True,True,True
340570,티앤엘,KOSDAQ,제약,51000.0,4145.0,8128000.0,10.89,2.03,4684.0,25091.0,18.66804830417281,68000.0,43100.0,,,,,,,,,,,,,,,False,,94000.0,84.31372549019608,1,20260518,Buy,-9.68,-12.18,202603,-18.62,30.98,,,,,False,True,True,True,True
253590,네오셈,KOSDAQ,기계·장비,9780.0,4290.0,43869164.0,80.16,3.49,122.0,2805.0,4.349376114081997,21400.0,7610.0,,,,,,,,,,,,,,,False,,,,0,,,-60.74,-2.41,202603,-75.37,8.31,,,,,False,True,True,True,True
072710,농심홀딩스,KOSPI,금융,89700.0,4160.0,4637790.0,3.63,0.31,24706.0,284823.0,8.674159039122543,143500.0,73600.0,,,,,,,,,,,,,,,False,,,,0,,,22.29,38.89,202603,-6.37,17.09,,,,,False,True,True,True,True
219130,타이거일렉,KOSDAQ,전기·전자,75200.0,4748.0,6314290.0,1709.09,8.97,44.0,8388.0,0.5245588936576061,82000.0,12850.0,,,,,,,,,,,,,,,False,,,,0,,,0.0,27.29,202412,0.0,11.73,,,,,False,True,True,True,True
030520,한글과컴퓨터,KOSDAQ,IT 서비스,16430.0,3973.0,24179744.0,11.55,1.07,1422.0,15357.0,9.259621019730416,29500.0,15620.0,,,,,,,,,,,,,,,False,,,,0,,,2.13,4.43,202603,-9.96,14.96,,,,,False,True,True,True,True
034310,NICE,KOSPI,일반서비스,11250.0,4135.0,36757157.0,11.08,0.52,1015.0,21761.0,4.664307706447314,15430.0,10660.0,,,,,,,,,,,,,,,False,,,,0,,,38.56,5.88,202603,13.68,20.04,,,,,False,True,True,True,True
278280,천보,KOSDAQ,화학,34750.0,4258.0,12253025.0,-6.09,0.95,-5710.0,36443.0,-15.668303926680021,80600.0,32500.0,,,,,,,,,,,,,,,False,,46000.0,32.37410071942446,2,20260702,Outperform,0.0,14.67,202603,0.0,0.0,,,,,False,True,True,True,True
215200,메가스터디교육,KOSDAQ,일반서비스,38400.0,3980.0,10365216.0,4.86,0.8,7903.0,48011.0,16.460811064131136,52300.0,35150.0,,,,,,,,,,,,,,,False,,60000.0,56.25,1,20260126,BUY,-0.83,-0.48,202603,-2.11,-3.66,,,,,False,True,True,True,True
001200,유진투자증권,KOSPI,증권,4190.0,4059.0,96866418.0,6.29,0.34,666.0,12331.0,5.401021814937961,6920.0,3105.0,,,,,,,,,,,,,,,False,,,,0,,,1033.08,164.59,202603,44.74,69.9,,,,,False,True,True,True,True
368770,파이버프로,KOSDAQ,의료·정밀기기,11950.0,3926.0,32854225.0,42.23,8.55,283.0,1398.0,20.243204577968527,29950.0,5280.0,,,,,,,,,,,,,,,False,,,,0,,,282.77,100.63,202603,40.39,64.12,,,,,False,True,True,True,True
029530,신도리코,KOSPI,전기·전자,40700.0,3954.0,9715729.0,20.44,0.33,1991.0,124856.0,1.59463702184917,73200.0,38400.0,,,,,,,,,,,,,,,False,,,,0,,,-14.65,7.78,202603,-69.0,-34.02,,,,,False,True,True,True,True
330860,네패스아크,KOSDAQ,일반서비스,37000.0,4508.0,12184045.0,-15.72,2.73,-2354.0,13574.0,-17.3419773095624,63500.0,13350.0,29.531486950275358,1252.9,280.0,347.4642857142857,1303.0,259.0,153.0,14.200000000000001,444.3,48.0,34.0,1141.0,-280.6,-111.9,True,259.0,60875.0,64.52702702702703,2,20260528,Buy,0.0,-2.99,202412,0.0,-37.76,2026.12E,2025.12,20260629,매수,True,True,True,True,True
426020,TIME 미국S&P500액티브,KOSPI,ETF(Active/수익증권),34705.0,4074.0,11740000.0,0.0,0.0,0.0,0.0,,37535.0,22785.0,,,,,,,,,,,,,,,False,,,,0,,,,,,,,,,,,False,True,True,True,True
042000,카페24,KOSDAQ,IT 서비스,16300.0,3941.0,24178169.0,10.12,1.48,1611.0,10998.0,14.648117839607202,47050.0,15940.0,,,,,,,,,,,,,,,False,,32000.0,96.31901840490798,1,20260521,매수,4.65,5.97,202603,25.93,668.02,,,,,False,True,True,True,True
460860,동국제강,KOSPI,금속,8280.0,4108.0,49608017.0,0.0,0.0,0.0,0.0,,17710.0,7760.0,,,,,,,,,,,,,,,False,,17200.0,107.72946859903381,1,20260428,BUY,0.0,0.0,202509,0.0,0.0,,,,,False,True,True,True,True
018290,브이티,KOSDAQ,화학,11660.0,4074.0,34941838.0,6.81,1.67,1713.0,6998.0,24.47842240640183,39350.0,10540.0,,,,,,,,,,,,,,,False,,19000.0,62.95025728987993,1,20260421,BUY,-40.27,13.78,202603,-25.28,70.53,,,,,False,True,True,True,True
290550,디케이티,KOSDAQ,전기·전자,20800.0,4160.0,20001230.0,17.95,2.05,1159.0,10140.0,11.429980276134122,34950.0,5990.0,,,,,,,,,,,,,,,False,,,,0,,,259.83,33.81,202603,-6.55,6.65,,,,,False,True,True,True,True
460930,현대힘스,KOSDAQ,운송장비·부품,10800.0,3835.0,35510671.0,17.88,1.52,604.0,7122.0,8.480763830384722,33450.0,10380.0,,,,,,,,,,,,,,,False,,,,0,,,17.82,10.71,202603,33.48,122.48,,,,,False,True,True,True,True
016590,신대양제지,KOSPI,종이·목재,9520.0,3836.0,40297820.0,16.82,0.47,566.0,20359.0,2.780097254285574,18150.0,8200.0,,,,,,,,,,,,,,,False,,,,0,,,-35.9,-0.5,202603,-24.05,-19.65,,,,,False,True,True,True,True
016610,DB증권,KOSPI,증권,9000.0,3820.0,42446389.0,4.69,0.33,1918.0,27483.0,6.978859658698104,19350.0,7970.0,,,,,,,,,,,,,,,False,,,,0,,,24.87,145.88,202603,88.65,89.5,,,,,False,True,True,True,True
101730,위메이드맥스,KOSDAQ,IT 서비스,5220.0,4375.0,83803286.0,-12.25,0.94,-426.0,5563.0,-7.657738630235484,9230.0,2600.0,,,,,,,,,,,,,,,False,,,,0,,,0.0,-30.63,202603,0.0,-28.37,,,,,False,True,True,True,True
015360,INVENI,KOSPI,일반서비스,14000.0,3815.0,27250000.0,4.78,0.48,2930.0,29078.0,10.07634637870555,88000.0,13350.0,,,,,,,,,,,,,,,False,,,,0,,,227.04,7.4,202603,359.79,457.63,,,,,False,True,True,True,True
439960,코스모로보틱스,KOSDAQ,의료·정밀기기,11440.0,3712.0,32450626.0,-13.57,21.83,-843.0,524.0,-160.87786259541986,68500.0,10530.0,,,,,,,,,,,,,,,False,,,,0,,,0.0,-32.05,202603,0.0,0.0,,,,,False,True,True,True,True
002030,아세아,KOSPI,일반서비스,177900.0,3663.0,2058852.0,11.99,0.25,14837.0,722172.0,2.054496712694483,402000.0,157800.0,,,,,,,,,,,,,,,False,,,,0,,,-7.36,6.07,202603,-35.61,-20.18,,,,,False,True,True,True,True
381970,케이카,KOSPI,유통,7580.0,3701.0,48820848.0,0.0,0.0,0.0,0.0,,17210.0,7540.0,,,,,,,,,,,,,,,False,,14000.0,84.69656992084433,1,20260428,BUY,0.0,0.0,202509,0.0,0.0,,,,,False,True,True,True,True
003000,부광약품,KOSPI,제약,3830.0,3779.0,98664671.0,26.05,1.11,147.0,3452.0,4.258400926998841,9890.0,3200.0,,,,,,,,,,,,,,,False,,,,0,,,-63.36,-0.06,202603,775.57,258.52,,,,,False,True,True,True,True
403550,쏘카,KOSPI,일반서비스,10050.0,3813.0,37939942.0,-17.95,2.0,-560.0,5020.0,-11.155378486055776,21000.0,9870.0,,,,,,,,,,,,,,,False,,,,0,,,-1.84,-26.15,202603,0.0,0.0,,,,,False,True,True,True,True
095660,네오위즈,KOSDAQ,IT 서비스,18050.0,3905.0,21636459.0,7.89,0.67,2287.0,26889.0,8.505336754806798,31550.0,16100.0,,,,,,,,,,,,,,,False,,26500.0,46.81440443213297,8,20260630,BUY,-32.04,13.91,202603,82.2,49.31,,,,,False,True,True,True,True
348340,뉴로메카,KOSDAQ,기계·장비,29500.0,3661.0,12409151.0,-15.08,24.36,-1956.0,1211.0,-161.5194054500413,139000.0,19990.0,,,,,,,,,,,,,,,False,,,,0,,,0.0,-5.7,202603,0.0,0.0,,,,,False,True,True,True,True
486990,노타,KOSDAQ,IT 서비스,16820.0,3590.0,21346230.0,-17.2,13.06,-978.0,1288.0,-75.93167701863354,65300.0,16180.0,,,,,,,,,,,,,,,False,,,,0,,,0.0,5257.3,202603,0.0,0.0,,,,,False,True,True,True,True
327260,RF머트리얼즈,KOSDAQ,전기·전자,45700.0,4111.0,8995135.0,56.28,7.53,812.0,6069.0,13.379469434832755,126600.0,5630.0,31.084206230444835,1470.2,833.1,76.47341255551554,995.0,168.0,130.0,55.300000000000004,127.4,74.0,71.0,641.0,-607.3000000000001,-247.3,True,168.0,135667.0,196.86433260393875,2,20260626,매수,281.87,69.6,202603,0.0,0.0,2026.12E,2025.12,20260626,매수,True,True,True,True,True
003280,흥아해운,KOSPI,운송·창고,1825.0,4388.0,240424899.0,14.37,1.72,127.0,1062.0,11.958568738229754,4795.0,1553.0,,,,,,,,,,,,,,,False,,,,0,,,-76.33,-12.56,202603,-59.06,-21.39,,,,,False,True,True,True,True
039440,에스티아이,KOSDAQ,기계·장비,25550.0,3962.0,15507047.0,26.23,1.36,974.0,18772.0,5.188578734285105,43200.0,17380.0,,,,,,,,,,,,,,,False,,44000.0,72.21135029354208,1,20260519,BUY,-93.04,-12.17,202603,-27.74,-14.97,,,,,False,True,True,True,True
047920,HLB제약,KOSDAQ,일반서비스,6600.0,2165.0,32799356.0,46.81,1.73,141.0,3816.0,3.6949685534591192,22250.0,6000.0,,,,,,,,,,,,,,,False,,,,0,,,-48.02,89.49,202603,-27.83,-9.28,,,,,False,True,True,True,True
025320,시노펙스,KOSDAQ,전기·전자,3925.0,3617.0,92162453.0,49.06,2.1,80.0,1867.0,4.284949116229245,8330.0,3785.0,,,,,,,,,,,,,,,False,,,,0,,,-80.46,-14.9,202603,-68.16,2.54,,,,,False,True,True,True,True
027410,BGF,KOSPI,금융,3860.0,3695.0,95716791.0,6.25,0.21,618.0,18674.0,3.3094141587233588,5420.0,3605.0,,,,,,,,,,,,,,,False,,,,0,,,64.64,-1.0,202603,10.76,0.3,,,,,False,True,True,True,True
452260,한화갤러리아,KOSPI,유통,1961.0,3802.0,193859610.0,115.35,0.47,17.0,4193.0,0.4054376341521584,4120.0,999.0,,,,,,,,,,,,,,,False,,,,0,,,550.76,-2.41,202603,177.72,37.41,,,,,False,True,True,True,True
067630,HLB생명과학,KOSDAQ,제약,1791.0,2184.0,121917058.0,-2.19,0.73,-819.0,2440.0,-33.5655737704918,5650.0,1608.0,,,,,,,,,,,,,,,False,,,,0,,,0.0,61.02,202603,0.0,0.0,,,,,False,True,True,True,True
009900,명신산업,KOSPI,운송장비·부품,6830.0,3584.0,52470133.0,5.25,0.47,1302.0,14406.0,9.037900874635568,14940.0,6600.0,,,,,,,,,,,,,,,False,,13000.0,90.3367496339678,1,20260421,BUY,-31.46,14.57,202603,-30.74,1.5,,,,,False,True,True,True,True
041190,우리기술투자,KOSDAQ,금융,4340.0,3646.0,84000000.0,3.3,0.44,1316.0,9971.0,13.198274997492728,13140.0,4200.0,,,,,,,,,,,,,,,False,,,,0,,,0.38,-18.87,202603,-21.41,-2.43,,,,,False,True,True,True,True
077360,덕산하이메탈,KOSDAQ,전기·전자,9120.0,4144.0,45437002.0,-3.91,2.01,-2333.0,4544.0,-51.342429577464785,21100.0,4090.0,,,,,,,,,,,,,,,False,,22000.0,141.2280701754386,2,20260424,BUY,0.0,55.6,202603,-84.91,-28.3,,,,,False,True,True,True,True
025980,아난티,KOSDAQ,일반서비스,3780.0,3678.0,97300990.0,-8.71,0.49,-434.0,7660.0,-5.66579634464752,10950.0,3695.0,,,,,,,,,,,,,,,False,,,,0,,,0.0,-18.42,202603,939.19,323.75,,,,,False,True,True,True,True
271940,일진하이솔루스,KOSPI,운송장비·부품,9790.0,3555.0,36313190.0,-178.0,1.13,-55.0,8677.0,-0.633859628903999,21200.0,9270.0,,,,,,,,,,,,,,,False,,,,0,,,0.0,148.65,202603,0.0,0.0,,,,,False,True,True,True,True
036620,감성코퍼레이션,KOSDAQ,유통,3925.0,3527.0,89862944.0,12.42,3.24,316.0,1210.0,26.115702479338843,7700.0,3540.0,,,,,,,,,,,,,,,False,,5600.0,42.675159235668794,1,20260707,매수,11.82,23.85,202412,11.82,470.26,,,,,False,True,True,True,True
078020,LS증권,KOSDAQ,금융,6450.0,3579.0,55481190.0,18.86,0.41,342.0,15643.0,2.1862814038227962,9190.0,4660.0,,,,,,,,,,,,,,,False,,,,0,,,133.75,343.22,202603,1.89,-17.65,,,,,False,True,True,True,True
092230,KPX홀딩스,KOSPI,화학,86300.0,3646.0,4224646.0,4.6,0.31,18774.0,279950.0,6.706197535274155,92200.0,63500.0,,,,,,,,,,,,,,,False,,,,0,,,0.11,5.18,202603,-15.98,-6.68,,,,,False,True,True,True,True
024850,HLB이노베이션,KOSDAQ,전기·전자,9200.0,2921.0,31753544.0,-7.96,1.26,-1156.0,7282.0,-15.874759681406205,28100.0,1460.0,,,,,,,,,,,,,,,False,,,,0,,,0.0,25.12,202603,0.0,0.0,,,,,False,True,True,True,True
204620,글로벌텍스프리,KOSDAQ,금융,4780.0,3360.0,70283330.0,9.68,2.4,494.0,1993.0,24.786753637732062,7830.0,3990.0,,,,,,,,,,,,,,,False,,,,0,,,12.8,21.19,202603,34.29,51.42,,,,,False,True,True,True,True
069080,웹젠,KOSDAQ,IT 서비스,11190.0,3465.0,30966575.0,16.15,0.48,693.0,23519.0,2.94655385007866,18010.0,9530.0,,,,,,,,,,,,,,,False,,,,0,,,-39.59,-5.25,202603,-45.51,-25.36,,,,,False,True,True,True,True
003800,에이스침대,KOSDAQ,기타제조,31800.0,3527.0,11090000.0,6.3,0.45,5047.0,70896.0,7.118878357030016,39850.0,26400.0,,,,,,,,,,,,,,,False,,,,0,,,5.84,4.48,202603,-18.34,-4.97,,,,,False,True,True,True,True
013030,하이록코리아,KOSDAQ,금속,30000.0,3530.0,11768144.0,7.24,0.78,4141.0,38609.0,10.725478515372064,48100.0,28400.0,6.536802196365537,4589.400000000001,4211.0,8.985989076228936,2360.0,650.0,540.0,10.0,10.4,589.0,503.0,2146.0,17.5,5.9,True,650.0,,,0,,,23.48,10.42,202603,17.51,13.88,2026.12E,2025.12,20260519,매수,False,True,True,True,True
006220,제주은행,KOSPI,금융,9950.0,3761.0,37798557.0,25.71,0.58,387.0,17124.0,2.2599859845830412,18840.0,9160.0,,,,,,,,,,,,,,,False,,,,0,,,-25.26,2.33,202603,-13.03,77.38,,,,,False,True,True,True,True
130660,한전산업,KOSPI,일반서비스,10510.0,3426.0,32600000.0,84.08,3.32,125.0,3167.0,3.9469529523208084,27800.0,10150.0,,,,,,,,,,,,,,,False,,,,0,,,-15.09,18.76,202603,-59.27,-19.22,,,,,False,True,True,True,True
017810,풀무원,KOSPI,음식료·담배,9030.0,3442.0,38120542.0,19.01,1.07,475.0,8405.0,5.651397977394408,18490.0,8820.0,,,,,,,,,,,,,,,False,,13000.0,43.96456256921373,1,20260609,BUY,68.87,7.17,202603,1.46,61.67,,,,,False,True,True,True,True
001940,KISCO홀딩스,KOSPI,금속,24950.0,3537.0,14176380.0,-19.39,0.27,-1287.0,93049.0,-1.3831422153918904,28250.0,20150.0,,,,,,,,,,,,,,,False,,33000.0,32.26452905811623,1,20260313,BUY,0.0,6.53,202603,0.0,-8.19,,,,,False,True,True,True,True
089590,제주항공,KOSPI,운송·창고,4200.0,3387.0,80640985.0,-2.91,1.23,-1443.0,3415.0,-42.25475841874085,7330.0,4090.0,-7.147719537100068,-587.6,-1490.0,60.56375838926174,19127.0,-112.0,-473.0,21.1,-90.0,-1117.0,-1164.0,15799.0,-239.70000000000002,-635.4000000000001,True,-112.0,5300.0,26.190476190476193,5,20260626,HOLD,0.0,34.18,202603,0.0,-17.65,2026.12E,2025.12,20260615,중립,False,True,True,True,True
002810,삼영무역,KOSPI,유통,19630.0,3625.0,18466948.0,6.18,0.57,3174.0,34228.0,9.273109734720112,23600.0,14510.0,,,,,,,,,,,,,,,False,,,,0,,,-14.31,-5.65,202603,-30.49,-11.61,,,,,False,True,True,True,True
089010,켐트로닉스,KOSDAQ,화학,20900.0,3505.0,16770027.0,34.21,1.49,611.0,14012.0,4.360548101627177,48900.0,19960.0,,,,,,,,,,,,,,,False,,48000.0,129.66507177033492,2,20260519,매수,3.95,16.91,202603,-37.83,14.17,,,,,False,True,True,True,True
344820,KCC글라스,KOSPI,비금속,23050.0,3681.0,15970512.0,-4.4,0.27,-5237.0,86505.0,-6.053985318767701,34400.0,21000.0,,,,,,,,,,,,,,,False,,,,0,,,0.0,4.0,202603,0.0,-20.04,,,,,False,True,True,True,True
005420,코스모화학,KOSPI,화학,9250.0,3553.0,38408228.0,-11.71,1.61,-790.0,5730.0,-13.787085514834205,21650.0,9050.0,,,,,,,,,,,,,,,False,,,,0,,,528.7,13.56,202603,0.0,-30.92,,,,,False,True,True,True,True
241770,메카로,KOSDAQ,전기·전자,34300.0,3496.0,10192640.0,27.71,1.67,1238.0,20599.0,6.010000485460459,48000.0,11560.0,,,,,,,,,,,,,,,False,,,,0,,,24.08,18.66,202603,272.98,90.99,,,,,False,True,True,True,True
105630,한세실업,KOSPI,섬유·의류,9120.0,3648.0,40000000.0,6.37,0.49,1431.0,18656.0,7.670454545454546,15540.0,7800.0,,,,,,,,,,,,,,,False,,12389.0,35.844298245614034,7,20260701,BUY,-48.47,-0.01,202603,-41.34,-21.05,,,,,False,True,True,True,True
042520,한스바이오메드,KOSDAQ,제약,24650.0,3515.0,14261367.0,-10.64,9.5,-2317.0,2595.0,-89.28709055876686,57800.0,6970.0,,,,,,,,,,,,,,,False,,55000.0,123.12373225152129,1,20260520,BUY,538.22,47.06,202603,538.22,179.41,,,,,False,True,True,True,True
005610,삼립,KOSPI,음식료·담배,37550.0,3240.0,8629009.0,23.08,0.63,1627.0,59413.0,2.7384579132513087,58600.0,34650.0,,,,,,,,,,,,,,,False,,,,0,,,0.0,-0.32,202603,-59.21,-17.73,,,,,False,True,True,True,True
170900,동아에스티,KOSPI,제약,34750.0,3380.0,9727819.0,-11.93,0.52,-2913.0,66796.0,-4.361039583208575,59200.0,31600.0,,,,,,,,,,,,,,,False,,60000.0,72.66187050359713,3,20260428,BUY,0.0,11.8,202603,0.0,-10.98,,,,,False,True,True,True,True
008730,율촌화학,KOSPI,화학,13320.0,3303.0,24800000.0,79.29,1.13,168.0,11783.0,1.425782907578715,39200.0,13300.0,,,,,,,,,,,,,,,False,,,,0,,,-94.5,-4.23,202603,0.0,0.0,,,,,False,True,True,True,True
060980,HL홀딩스,KOSPI,금융,37250.0,3382.0,9078847.0,16.77,0.32,2221.0,118065.0,1.8811671536865286,54700.0,36500.0,,,,,,,,,,,,,,,False,,55000.0,47.651006711409394,1,20260529,BUY,99.96,-1.02,202603,-1.94,1.18,,,,,False,True,True,True,True
033160,엠케이전자,KOSDAQ,전기·전자,15730.0,3806.0,24194466.0,262.17,0.89,60.0,17625.0,0.3404255319148936,37000.0,7700.0,,,,,,,,,,,,,,,False,,41000.0,160.6484424666243,1,20260518,BUY,0.0,58.69,202603,-74.7,-32.04,,,,,False,True,True,True,True
306200,세아제강,KOSPI,금속,118500.0,3361.0,2836300.0,11.2,0.3,10577.0,395605.0,2.673626470848447,189000.0,112000.0,,,,,,,,,,,,,,,False,,213500.0,80.16877637130801,2,20260518,BUY,-5.76,18.4,202603,-75.56,-26.76,,,,,False,True,True,True,True
009160,SIMPAC,KOSPI,금속,4680.0,3059.0,65370968.0,14.86,0.38,315.0,12180.0,2.586206896551724,6900.0,3725.0,,,,,,,,,,,,,,,False,,,,0,,,65.1,31.3,202603,134.69,20.43,,,,,False,True,True,True,True
183190,아세아시멘트,KOSPI,비금속,9250.0,3328.0,35978272.0,20.46,0.31,452.0,30144.0,1.4994692144373674,15700.0,8520.0,,,,,,,,,,,,,,,False,,15000.0,62.16216216216216,1,20260528,BUY,14.04,9.13,202603,-45.2,-8.29,,,,,False,True,True,True,True
060280,큐렉소,KOSDAQ,유통,8030.0,3313.0,41259790.0,119.85,3.43,67.0,2342.0,2.860802732707088,22550.0,7870.0,,,,,,,,,,,,,,,False,,,,0,,,0.0,-18.34,202603,0.0,0.74,,,,,False,True,True,True,True
005950,이수화학,KOSPI,화학,14000.0,3681.0,26294169.0,-11.23,3.83,-1247.0,3655.0,-34.11764705882353,17990.0,5060.0,,,,,,,,,,,,,,,False,,,,0,,,163349.25,58.72,202603,0.0,0.0,,,,,False,True,True,True,True
145720,덴티움,KOSPI,의료·정밀기기,39550.0,3411.0,8623891.0,26.67,0.61,1483.0,65218.0,2.2739121101536384,71000.0,37550.0,,,,,,,,,,,,,,,False,,75000.0,89.63337547408344,2,20260513,BUY,65.39,-7.09,202603,-34.91,-17.89,,,,,False,True,True,True,True
104700,한국철강,KOSPI,금속,9040.0,3295.0,36450000.0,16.32,0.39,554.0,23132.0,2.394950717620612,11720.0,7610.0,,,,,,,,,,,,,,,False,,12000.0,32.743362831858406,1,20260528,BUY,0.0,0.0,202509,-97.9,-36.34,,,,,False,True,True,True,True
084110,휴온스글로벌,KOSDAQ,제약,25700.0,3254.0,12659812.0,11.27,0.57,2281.0,44802.0,5.091290567385385,76700.0,22150.0,,,,,,,,,,,,,,,False,,,,0,,,-64.15,-1.08,202603,-6.64,3.42,,,,,False,True,True,True,True
287840,인투셀,KOSDAQ,일반서비스,21750.0,3267.0,15021960.0,0.0,0.0,0.0,0.0,,74900.0,20200.0,,,,,,,,,,,,,,,False,,,,0,,,0.0,0.0,202509,0.0,0.0,,,,,False,True,True,True,True
007690,국도화학,KOSPI,화학,35900.0,3325.0,9260832.0,15.25,0.36,2354.0,100377.0,2.345158751506819,44450.0,29050.0,,,,,,,,,,,,,,,False,,,,0,,,-20.15,29.71,202603,109.88,20.64,,,,,False,True,True,True,True
017900,광전자,KOSPI,전기·전자,6060.0,3511.0,57943763.0,83.01,1.27,73.0,4784.0,1.5259197324414715,22450.0,1760.0,,,,,,,,,,,,,,,False,,,,0,,,-63.79,-2.78,202603,-18.22,-6.07,,,,,False,True,True,True,True
011930,신성이엔지,KOSPI,전기·전자,15560.0,3160.0,20306182.0,-45.76,1.36,-340.0,11467.0,-2.9650300863346994,49000.0,1415.0,,,,,,,,,,,,,,,False,,43000.0,176.3496143958869,1,20260519,BUY,0.0,32.15,202603,-74.33,-57.16,,,,,False,True,True,True,True
194370,제이에스코퍼레이션,KOSPI,섬유·의류,11930.0,3462.0,29016758.0,4.43,0.66,2691.0,18174.0,14.806866952789699,16090.0,9500.0,,,,,,,,,,,,,,,False,,21850.0,83.15171835708298,1,20260701,매수,8.66,4.88,202603,15.88,21.1,,,,,False,True,True,True,True
037710,광주신세계,KOSPI,유통,44250.0,3375.0,7627172.0,0.0,0.0,0.0,0.0,,59600.0,29100.0,,,,,,,,,,,,,,,False,,,,0,,,0.0,0.0,202509,0.0,0.0,,,,,False,True,True,True,True
454780,KIWOOM 종합채권(AA-이상)액티브,KOSPI,ETF(Active/수익증권),99185.0,3244.0,3271000.0,0.0,0.0,0.0,0.0,,110330.0,99150.0,,,,,,,,,,,,,,,False,,,,0,,,,,,,,,,,,False,True,True,True,True
004710,한솔테크닉스,KOSPI,전기·전자,8360.0,3397.0,40629517.0,-22.0,0.9,-380.0,9245.0,-4.11032990805841,16430.0,4480.0,,,,,,,,,,,,,,,False,,,,0,,,-26.91,-6.45,202603,-38.79,-27.69,,,,,False,True,True,True,True
114810,한솔아이원스,KOSDAQ,기계·장비,11950.0,3363.0,28143174.0,12.1,1.57,988.0,7613.0,12.977801129646657,19900.0,8130.0,8.16982293019758,1462.7,1029.0,42.14771622934889,2355.0,460.0,404.0,18.400000000000002,38.1,333.0,284.0,1988.0,44.400000000000006,-8.5,True,460.0,23900.0,100.0,2,20260414,BUY,-40.21,0.64,202603,44.44,49.31,2026.12E,2025.12,20260424,매수,False,True,True,True,True
078160,메디포스트,KOSDAQ,제약,8370.0,3281.0,39204603.0,-3.75,1.31,-2230.0,6371.0,-35.002354418458644,29100.0,8000.0,,,,,,,,,,,,,,,False,,,,0,,,0.0,1.24,202603,0.0,0.0,,,,,False,True,True,True,True
356680,엑스게이트,KOSDAQ,IT 서비스,10800.0,3083.0,28543492.0,77.14,6.94,140.0,1557.0,8.991650610147719,30550.0,6100.0,,,,,,,,,,,,,,,False,,,,0,,,-15.05,0.92,202412,-15.05,0.1,,,,,False,True,True,True,True
389650,넥스트바이오메디컬,KOSDAQ,의료·정밀기기,35150.0,2909.0,8277286.0,90.83,6.29,387.0,5588.0,6.92555476020043,101000.0,34000.0,,,,,,,,,,,,,,,False,,,,0,,,0.0,95.46,202412,0.0,0.0,,,,,False,True,True,True,True
097520,엠씨넥스,KOSPI,전기·전자,18000.0,3132.0,17401500.0,6.26,0.76,2877.0,23796.0,12.090267271810388,32500.0,17670.0,,,,,,,,,,,,,,,False,,32333.0,79.62777777777778,3,20260518,매수,-45.44,-12.77,202603,17.19,77.01,,,,,False,True,True,True,True
126560,현대퓨처넷,KOSPI,통신,2895.0,3161.0,109201040.0,42.57,0.43,68.0,6666.0,1.02010201020102,3750.0,2790.0,,,,,,,,,,,,,,,False,,,,0,,,14.35,6.29,202603,-9.15,-12.58,,,,,False,True,True,True,True
471040,KoAct 글로벌AI&로봇액티브,KOSPI,ETF(Active/수익증권),32690.0,3040.0,9300000.0,0.0,0.0,0.0,0.0,,41550.0,15490.0,,,,,,,,,,,,,,,False,,,,0,,,,,,,,,,,,False,True,True,True,True
243070,휴온스,KOSDAQ,제약,26550.0,3181.0,11979665.0,7.46,0.83,3561.0,32090.0,11.096914926768465,41500.0,24350.0,,,,,,,,,,,,,,,False,,,,0,,,0.0,-2.72,202603,14.88,7.6,,,,,False,True,True,True,True
168360,펨트론,KOSDAQ,기계·장비,14450.0,3236.0,22392557.0,-81.18,11.88,-178.0,1216.0,-14.638157894736842,34700.0,9750.0,,,,,,,,,,,,,,,False,,,,0,,,0.0,52.7,202603,0.0,8.97,,,,,False,True,True,True,True
005680,삼영전자,KOSPI,전기·전자,14030.0,2806.0,20000000.0,54.8,0.49,256.0,28401.0,0.9013767120876025,17990.0,10070.0,,,,,,,,,,,,,,,False,,17000.0,21.168923734853884,1,20260318,Buy,-35.61,-2.94,202603,26.56,-6.91,,,,,False,True,True,True,True
236200,슈프리마,KOSDAQ,전기·전자,46950.0,3274.0,6974311.0,10.49,1.21,4474.0,38917.0,11.49626127399337,57000.0,30200.0,,,,,,,,,,,,,,,False,,,,0,,,-5.27,8.07,202603,40.62,24.56,,,,,False,True,True,True,True
110990,디아이티,KOSDAQ,기계·장비,17120.0,3236.0,18900000.0,10.65,1.34,1607.0,12787.0,12.567451317744585,29000.0,11070.0,,,,,,,,,,,,,,,False,,,,0,,,211.55,123.89,202603,-4.27,76.87,,,,,False,True,True,True,True
002310,아세아제지,KOSPI,종이·목재,7740.0,3053.0,39449510.0,10.92,0.35,709.0,22004.0,3.222141428831122,11380.0,6840.0,,,,,,,,,,,,,,,False,,,,0,,,-24.24,2.88,202603,2.45,-29.07,,,,,False,True,True,True,True
016800,퍼시스,KOSPI,제조,26750.0,3076.0,11500000.0,8.65,0.4,3094.0,66786.0,4.632707453657952,50800.0,23500.0,,,,,,,,,,,,,,,False,,,,0,,,0.0,-5.89,202603,-73.29,-34.82,,,,,False,True,True,True,True
078340,컴투스,KOSDAQ,IT 서비스,25850.0,3126.0,12091313.0,9.02,0.3,2865.0,86968.0,3.294315150400147,42200.0,22450.0,28.25136612021858,915.0,3192.0,-71.33458646616542,7135.0,564.0,104.0,2.5,2041.7,26.0,365.0,6964.0,-57.0,-133.9,False,564.0,37500.0,45.06769825918762,2,20260521,HOLD,206.9,-13.85,202603,-57.02,-19.01,2026.12E,2025.12,20260513,중립,True,True,True,True,True
160980,싸이맥스,KOSDAQ,기계·장비,34200.0,3736.0,10924243.0,25.0,1.92,1368.0,17779.0,7.694471005118399,47850.0,11560.0,,,,,,,,,,,,,,,False,,,,0,,,-36.03,-11.57,202603,-0.26,54.13,,,,,False,True,True,True,True
005720,넥센,KOSPI,화학,5970.0,3137.0,52543977.0,3.74,0.22,1596.0,26875.0,5.93860465116279,8090.0,4965.0,,,,,,,,,,,,,,,False,,,,0,,,38.35,8.08,202603,-2.6,-2.58,,,,,False,True,True,True,True
493280,아이엠바이오로직스,KOSDAQ,일반서비스,18720.0,2777.0,14836549.0,0.0,0.0,0.0,0.0,,104000.0,17400.0,,,,,,,,,,,,,,,False,,,,0,,,,,,,,,,,,False,True,True,True,True
199800,툴젠,KOSDAQ,일반서비스,41150.0,3703.0,8997629.0,-9.7,6.61,-4244.0,6229.0,-68.13292663348852,142000.0,26650.0,,,,,,,,,,,,,,,False,,,,0,,,0.0,202.56,202603,0.0,0.0,,,,,False,True,True,True,True
009290,광동제약,KOSPI,제약,5950.0,2963.0,49799808.0,14.88,0.45,400.0,13201.0,3.0300734792818727,12800.0,5150.0,,,,,,,,,,,,,,,False,,,,0,,,127.33,8.81,202603,3.15,-5.1,,,,,False,True,True,True,True
092730,네오팜,KOSDAQ,화학,19130.0,3066.0,16027989.0,11.02,1.53,1736.0,12490.0,13.89911929543635,22650.0,15290.0,,,,,,,,,,,,,,,False,,,,0,,,16.72,11.07,202512,16.72,10.73,,,,,False,True,True,True,True
078350,한양디지텍,KOSDAQ,전기·전자,20400.0,3110.0,15244382.0,20.77,1.75,982.0,11658.0,8.423400240178418,44300.0,8680.0,,,,,,,,,,,,,,,False,,,,0,,,43.12,28.46,202603,-31.88,-4.08,,,,,False,True,True,True,True
126720,수산인더스트리,KOSPI,건설,20700.0,2957.0,14286000.0,6.05,0.53,3423.0,39100.0,8.75447570332481,36400.0,19790.0,,,,,,,,,,,,,,,False,,,,0,,,29.18,8.09,202603,-0.97,-5.03,,,,,False,True,True,True,True
064260,다날,KOSDAQ,IT 서비스,4030.0,3049.0,75645457.0,-4.43,1.0,-910.0,4033.0,-22.563848251921648,11450.0,3880.0,,,,,,,,,,,,,,,False,,,,0,,,-48.4,-3.21,202603,65.95,1.93,,,,,False,True,True,True,True
029460,케이씨,KOSPI,의료·정밀기기,29150.0,3212.0,11020535.0,8.82,0.38,3305.0,77202.0,4.280977176757079,43000.0,20850.0,,,,,,,,,,,,,,,False,,,,0,,,-45.29,-10.23,202603,66.07,-8.73,,,,,False,True,True,True,True
012030,DB,KOSPI,IT 서비스,1485.0,2987.0,201173933.0,6.09,0.63,244.0,2351.0,10.378562313908974,2545.0,1281.0,,,,,,,,,,,,,,,False,,,,0,,,7.95,17.52,202603,40.41,25.75,,,,,False,True,True,True,True
376270,HEM파마,KOSDAQ,일반서비스,40650.0,2928.0,7203187.0,-12.01,58.24,-3384.0,698.0,-484.8137535816619,97500.0,18000.0,,,,,,,,,,,,,,,False,,,,0,,,0.0,40.83,202603,0.0,0.0,,,,,False,True,True,True,True
495230,KoAct 코리아밸류업액티브,KOSPI,ETF(Active/수익증권),32325.0,2780.0,8600000.0,0.0,0.0,0.0,0.0,,43810.0,12105.0,,,,,,,,,,,,,,,False,,,,0,,,,,,,,,,,,False,True,True,True,True
011760,현대코퍼레이션,KOSPI,유통,22300.0,2950.0,13228966.0,3.4,0.39,6561.0,57671.0,11.37660175824938,32850.0,20050.0,,,,,,,,,,,,,,,False,,36500.0,63.67713004484305,2,20260506,BUY,24.88,11.62,202603,4.94,29.34,,,,,False,True,True,True,True
101930,인화정공,KOSDAQ,운송장비·부품,6150.0,2810.0,45694671.0,11.37,0.83,541.0,7394.0,7.316743305382743,64500.0,5800.0,,,,,,,,,,,,,,,False,,,,0,,,56.52,-8.89,202603,51.39,39.8,,,,,False,True,True,True,True
206650,유바이오로직스,KOSDAQ,제약,7860.0,2889.0,36752307.0,15.12,2.17,520.0,3614.0,14.388489208633093,17700.0,7700.0,,,,,,,,,,,,,,,False,,,,0,,,345.78,38.45,202412,345.78,115.26,,,,,False,True,True,True,True
010690,화신,KOSPI,운송장비·부품,8140.0,2843.0,34920410.0,4.26,0.5,1910.0,16443.0,11.61588517910357,16720.0,7500.0,,,,,,,,,,,,,,,False,,,,0,,,-44.27,6.79,202603,56.86,10.23,,,,,False,True,True,True,True
215600,신라젠,KOSDAQ,일반서비스,2030.0,2813.0,138553564.0,-11.6,2.55,-175.0,797.0,-21.9573400250941,5400.0,1974.0,,,,,,,,,,,,,,,False,,,,0,,,0.0,146.45,202603,0.0,0.0,,,,,False,True,True,True,True
265520,AP시스템,KOSDAQ,기계·장비,19510.0,2936.0,15050821.0,12.47,0.79,1565.0,24853.0,6.297026515913571,31100.0,16650.0,,,,,,,,,,,,,,,False,,,,0,,,135.42,60.87,202603,-29.38,-28.15,,,,,False,True,True,True,True
200880,서연이화,KOSPI,운송장비·부품,10650.0,2879.0,27028437.0,4.8,0.25,2220.0,43348.0,5.121343545261603,18310.0,10120.0,,,,,,,,,,,,,,,False,,,,0,,,25.77,12.65,202603,4.79,4.3,,,,,False,True,True,True,True
036890,진성티이씨,KOSDAQ,기계·장비,13360.0,2944.0,22032623.0,9.14,0.9,1461.0,14795.0,9.874957755998647,21100.0,10640.0,,,,,,,,,,,,,,,False,,,,0,,,42.83,27.98,202603,96.15,5.86,,,,,False,True,True,True,True
136480,하림,KOSDAQ,음식료·담배,2740.0,2910.0,106209702.0,7.55,0.89,363.0,3065.0,11.843393148450245,3565.0,2560.0,,,,,,,,,,,,,,,False,,,,0,,,67.82,1.7,202603,67.23,8.04,,,,,False,True,True,True,True
108670,LX하우시스,KOSPI,화학,33300.0,2986.0,8967670.0,-7.59,0.4,-4387.0,83591.0,-5.248172650165688,43000.0,27000.0,,,,,,,,,,,,,,,False,,46800.0,40.54054054054054,5,20260528,BUY,549.73,4.27,202603,-86.6,179.08,,,,,False,True,True,True,True
472920,HK 종합채권(AA-이상)액티브,KOSPI,ETF(Active/수익증권),97890.0,2826.0,2887000.0,0.0,0.0,0.0,0.0,,112445.0,97850.0,,,,,,,,,,,,,,,False,,,,0,,,,,,,,,,,,False,True,True,True,True
200670,휴메딕스,KOSDAQ,제약,25700.0,2886.0,11229930.0,0.0,0.0,0.0,0.0,,77200.0,23800.0,6.787449820409888,3786.4,5017.0,-24.528602750647796,1905.0,446.0,420.0,12.0,5.300000000000001,423.0,518.0,1701.0,-1.9000000000000001,31.900000000000002,False,446.0,47500.0,84.8249027237354,2,20260629,매수,0.0,0.0,202509,0.0,0.0,2026.12E,2025.12,20260629,매수,False,True,True,True,True
018250,애경산업,KOSPI,화학,11140.0,2942.0,26409935.0,19.34,0.7,576.0,15841.0,3.6361340824442903,19230.0,10120.0,,,,,,,,,,,,,,,False,,,,0,,,0.0,5.11,202603,-54.84,-6.86,,,,,False,True,True,True,True
025900,동화기업,KOSDAQ,종이·목재,5760.0,2912.0,50557285.0,-6.36,0.32,-905.0,17795.0,-5.085698229839843,12980.0,5530.0,,,,,,,,,,,,,,,False,,8950.0,55.38194444444444,1,20260702,Hold,0.0,7.79,202603,0.0,0.0,,,,,False,True,True,True,True
004430,송원산업,KOSPI,화학,11850.0,2844.0,24000000.0,122.16,0.37,97.0,31671.0,0.30627387831138897,16730.0,8470.0,,,,,,,,,,,,,,,False,,,,0,,,142.83,-2.38,202603,-65.22,-42.07,,,,,False,True,True,True,True
024720,콜마홀딩스,KOSPI,금융,8250.0,2829.0,34296259.0,12.08,0.46,683.0,17926.0,3.8101082226932945,16390.0,7200.0,,,,,,,,,,,,,,,False,,,,0,,,2654.52,-0.32,202603,-4.52,-22.38,,,,,False,True,True,True,True
482630,삼양엔씨켐,KOSDAQ,화학,13820.0,3025.0,21888280.0,0.0,0.0,0.0,0.0,,42550.0,12490.0,13.362985882807967,1034.2,690.5,49.775524981897185,1653.0,262.0,226.0,31.900000000000002,48.5,176.0,149.0,1254.0,64.0,66.2,True,262.0,27500.0,98.98697539797395,2,20260522,매수,0.0,0.0,202509,0.0,0.0,2026.12E,2025.12,20260629,매수,False,True,True,True,True
091700,파트론,KOSDAQ,전기·전자,5690.0,2845.0,50000000.0,9.61,0.55,592.0,10321.0,5.735878306365662,8730.0,5460.0,,,,,,,,,,,,,,,False,,,,0,,,93.94,37.47,202603,-27.48,-2.02,,,,,False,True,True,True,True
034830,한국토지신탁,KOSPI,금융,1121.0,2830.0,252489230.0,13.51,0.24,83.0,4754.0,1.7458981909970552,1878.0,1039.0,,,,,,,,,,,,,,,False,,1800.0,60.570918822479925,1,20260709,매수,0.0,17.32,202603,0.0,-10.92,,,,,False,True,True,True,True
121440,골프존홀딩스,KOSDAQ,유통,6660.0,2853.0,42836818.0,11.87,0.35,561.0,19283.0,2.9092983456930974,6710.0,4090.0,,,,,,,,,,,,,,,False,,,,0,,,2.54,-0.8,202603,-28.95,-32.87,,,,,False,True,True,True,True
105840,우진,KOSPI,의료·정밀기기,13720.0,2771.0,20197670.0,31.91,1.39,430.0,9841.0,4.369474646885479,31700.0,9270.0,,,,,,,,,,,,,,,False,,32000.0,133.23615160349854,1,20260402,BUY,0.0,36.94,202603,-11.97,7.34,,,,,False,True,True,True,True
001390,KG케미칼,KOSPI,화학,4080.0,2743.0,67233030.0,4.0,0.27,1019.0,14858.0,6.858258177412842,7400.0,3820.0,,,,,,,,,,,,,,,False,,,,0,,,-39.39,12.81,202603,-4.12,-14.59,,,,,False,True,True,True,True
025770,한국정보통신,KOSDAQ,통신,8050.0,3014.0,37444271.0,8.23,0.84,978.0,9544.0,10.247275775356245,16500.0,6915.0,,,,,,,,,,,,,,,False,,,,0,,,8.57,12.35,202603,15.6,18.94,,,,,False,True,True,True,True
478150,TIME 글로벌우주테크&방산액티브,KOSPI,ETF(Active/수익증권),21530.0,2702.0,12550000.0,0.0,0.0,0.0,0.0,,25375.0,17165.0,,,,,,,,,,,,,,,False,,,,0,,,,,,,,,,,,False,True,True,True,True
026890,스틱인베스트먼트,KOSPI,금융,8260.0,3202.0,38770837.0,22.88,1.17,361.0,7052.0,5.119115144639819,13390.0,5990.0,,,,,,,,,,,,,,,False,,,,0,,,0.0,1.73,202603,28.06,62.87,,,,,False,True,True,True,True
393890,더블유씨피,KOSDAQ,전기·전자,8170.0,2765.0,33843144.0,-1.71,0.31,-4789.0,26430.0,-18.119561104805147,21350.0,6010.0,,,,,,,,,,,,,,,False,,25000.0,205.99755201958385,4,20260513,BUY,0.0,162.85,202603,0.0,-6.68,,,,,False,True,True,True,True
058430,포스코스틸리온,KOSPI,금속,4475.0,2685.0,60000000.0,15.76,0.7,284.0,6401.0,4.436806748945477,57300.0,4350.0,,,,,,,,,,,,,,,False,,61800.0,1281.0055865921788,1,20260612,BUY,-46.97,0.76,202603,-52.9,-1.08,,,,,False,True,True,True,True
049070,인탑스,KOSDAQ,전기·전자,16720.0,2753.0,16464607.0,17.75,0.4,942.0,42138.0,2.235511889505909,24950.0,13000.0,,,,,,,,,,,,,,,False,,,,0,,,2395.46,0.9,202603,0.0,-55.47,,,,,False,True,True,True,True
017890,한국알콜,KOSDAQ,화학,13890.0,2955.0,21273506.0,9.71,0.53,1431.0,26443.0,5.411640131603828,14570.0,8840.0,,,,,,,,,,,,,,,False,,,,0,,,62.72,0.61,202603,15.97,9.39,,,,,False,True,True,True,True
036800,나이스정보통신,KOSDAQ,통신,29700.0,2703.0,9100000.0,6.93,0.66,4287.0,45328.0,9.45773032121426,36350.0,20950.0,,,,,,,,,,,,,,,False,,35000.0,17.845117845117844,2,20260515,Buy,54.39,10.99,202603,38.67,7.87,,,,,False,True,True,True,True
079370,제우스,KOSDAQ,기계·장비,9440.0,2928.0,31016990.0,-50.21,0.87,-188.0,10867.0,-1.7300082819545413,20950.0,8600.0,,,,,,,,,,,,,,,False,,,,0,,,0.0,-32.7,202603,0.0,167.89,,,,,False,True,True,True,True
448900,한국피아이엠,KOSDAQ,운송장비·부품,47200.0,2867.0,6074457.0,-5244.44,4.97,-9.0,9488.0,-0.0948566610455312,178400.0,11300.0,,,,,,,,,,,,,,,False,,,,0,,,0.0,-3.74,202603,-59.64,-7.62,,,,,False,True,True,True,True
025860,남해화학,KOSPI,화학,5930.0,2946.0,49678843.0,10.1,0.52,587.0,11459.0,5.122611048084475,12820.0,5490.0,,,,,,,,,,,,,,,False,,,,0,,,0.0,12.63,202603,18.93,54.89,,,,,False,True,True,True,True
394280,오픈엣지테크놀로지,KOSDAQ,IT 서비스,10370.0,2732.0,26346530.0,-8.58,15.18,-1208.0,683.0,-176.86676427525623,22700.0,9920.0,,,,,,,,,,,,,,,False,,28000.0,170.0096432015429,1,20260422,BUY,0.0,-44.31,202603,0.0,0.0,,,,,False,True,True,True,True
272450,진에어,KOSPI,운송·창고,5080.0,2652.0,52200000.0,2.77,1.1,1834.0,4614.0,39.74859124403988,9660.0,5000.0,-20.965744944283944,-242.3,1857.0,-113.0479267635972,13479.0,-240.0,-125.0,-7.800000000000001,-114.7,1631.0,957.0,14613.0,-10.5,-28.5,False,-240.0,7500.0,47.63779527559055,4,20260626,HOLD,-10.46,14.41,202412,-10.46,-3.49,2025.12E,2024.12,20251127,매수,False,True,True,True,True
123890,한국자산신탁,KOSPI,금융,2200.0,2692.0,122373926.0,5.47,0.25,402.0,8853.0,4.540833615723484,3470.0,2040.0,,,,,,,,,,,,,,,False,,,,0,,,-39.17,32.63,202603,-33.88,-36.69,,,,,False,True,True,True,True
017390,서울가스,KOSPI,전기·가스,55000.0,2723.0,4950000.0,8.89,0.19,6187.0,284280.0,2.1763754045307446,84200.0,51800.0,,,,,,,,,,,,,,,False,,,,0,,,-11.3,-2.46,202603,0.0,0.0,,,,,False,True,True,True,True
125490,한라캐스트,KOSDAQ,운송장비·부품,7460.0,2723.0,36502352.0,63.76,2.58,117.0,2892.0,4.045643153526971,25350.0,4355.0,31.88034188034188,234.0,128.0,82.8125,1793.0,145.0,85.0,15.0,41.2,103.0,37.0,1559.0,-16.1,-64.5,True,145.0,20500.0,174.79892761394103,2,20260629,BUY,-65.09,-0.04,202603,-16.15,45.27,2026.12E,2025.12,20260615,매수,False,True,True,True,True
424870,이뮨온시아,KOSDAQ,일반서비스,2910.0,2656.0,91272269.0,0.0,0.0,0.0,0.0,,16110.0,2780.0,,,,,,,,,,,,,,,False,,,,0,,,0.0,0.0,202509,0.0,0.0,,,,,False,True,True,True,True
091810,트리니티항공,KOSPI,운송·창고,624.0,2577.0,412969485.0,-0.47,4.33,-1326.0,144.0,-920.8333333333334,2050.0,612.0,-1.3732394366197183,-454.40000000000003,-1334.0,65.93703148425787,21893.0,-1693.0,-1809.0,21.8,-36.2,-2655.0,-3383.0,17982.0,2063.4,413.5,True,-1693.0,900.0,44.230769230769226,1,20260626,HOLD,0.0,37.05,202603,0.0,0.0,2026.12E,2025.12,20260615,중립,False,True,True,True,True
035810,이지홀딩스,KOSDAQ,음식료·담배,4425.0,2855.0,64516185.0,10.69,0.41,414.0,10821.0,3.8258940948156366,9290.0,3565.0,,,,,,,,,,,,,,,False,,7250.0,63.84180790960452,1,20260223,매수,96.27,1.8,202603,22.65,15.14,,,,,False,True,True,True,True
192650,드림텍,KOSPI,전기·전자,4210.0,2774.0,65886829.0,4210.0,0.75,1.0,5644.0,0.01771793054571226,9120.0,3910.0,,,,,,,,,,,,,,,False,,7333.0,74.18052256532066,3,20260623,매수,-95.85,-23.59,202603,33.2,-20.8,,,,,False,True,True,True,True
096760,JW홀딩스,KOSPI,금융,3815.0,2820.0,73924942.0,4.82,0.99,791.0,3858.0,20.502851218247798,4495.0,3145.0,,,,,,,,,,,,,,,False,,,,0,,,23.28,1.54,202603,14.59,18.68,,,,,False,True,True,True,True
015860,일진홀딩스,KOSPI,금융,5610.0,2768.0,49347483.0,7.87,0.49,713.0,11438.0,6.233607273998951,15430.0,5200.0,,,,,,,,,,,,,,,False,,,,0,,,61.47,13.31,202603,102.26,52.17,,,,,False,True,True,True,True
092790,넥스틸,KOSPI,금속,10810.0,2811.0,26002000.0,7.8,0.61,1386.0,17845.0,7.7668814794059955,23000.0,9030.0,,,,,,,,,,,,,,,False,,,,0,,,-88.35,-35.8,202603,-36.81,-36.62,,,,,False,True,True,True,True
033270,유나이티드제약,KOSPI,제약,17440.0,2775.0,15910775.0,8.77,0.66,1989.0,26532.0,7.496607869742198,22450.0,16460.0,,,,,,,,,,,,,,,False,,26500.0,51.949541284403665,2,20260708,BUY,2.43,3.5,202412,2.43,20.5,,,,,False,True,True,True,True
084690,대상홀딩스,KOSPI,금융,7220.0,2615.0,36212538.0,-2.51,0.43,-2878.0,16654.0,-17.281133661582803,11350.0,7050.0,,,,,,,,,,,,,,,False,,,,0,,,48.26,1.19,202603,8.59,16.28,,,,,False,True,True,True,True
010820,퍼스텍,KOSPI,금속,5560.0,2712.0,48771938.0,24.82,4.25,224.0,1308.0,17.12538226299694,18730.0,3700.0,,,,,,,,,,,,,,,False,,,,0,,,73.37,19.74,202412,73.37,8.58,,,,,False,True,True,True,True
107640,한중엔시에스,KOSDAQ,전기·전자,29400.0,2665.0,9064946.0,66.22,2.85,444.0,10316.0,4.303993796044979,73000.0,25700.0,,,,,,,,,,,,,,,False,,,,0,,,0.0,65.33,202603,-57.95,-19.32,,,,,False,True,True,True,True
023410,유진기업,KOSDAQ,비금속,3400.0,2629.0,77310863.0,-25.76,0.26,-132.0,12870.0,-1.0256410256410255,5200.0,3180.0,,,,,,,,,,,,,,,False,,,,0,,,0.0,18.37,202603,-41.14,-7.23,,,,,False,True,True,True,True
309710,아이티켐,KOSDAQ,제약,21000.0,2684.0,12783001.0,-16.73,4.02,-1255.0,5224.0,-24.02373660030628,55200.0,17470.0,,,,,,,,,,,,,,,False,,,,0,,,0.0,-24.72,202603,0.0,272.18,,,,,False,True,True,True,True
051500,CJ프레시웨이,KOSDAQ,유통,22300.0,2647.0,11871586.0,5.28,0.58,4221.0,38342.0,11.008815398257784,36400.0,19800.0,,,,,,,,,,,,,,,False,,42000.0,88.34080717488789,3,20260713,매수,3.79,4.42,202603,8.11,1.43,,,,,False,True,True,True,True
228760,지노믹트리,KOSDAQ,일반서비스,12030.0,2991.0,24859202.0,-32.6,2.51,-369.0,4790.0,-7.703549060542797,33300.0,10010.0,,,,,,,,,,,,,,,False,,,,0,,,0.0,20.58,202603,0.0,0.0,,,,,False,True,True,True,True
003120,일성아이에스,KOSPI,제약,20050.0,2667.0,13300000.0,20.36,0.54,985.0,36859.0,2.6723459670636753,29300.0,18100.0,,,,,,,,,,,,,,,False,,,,0,,,0.0,-11.58,202412,0.0,0.0,,,,,False,True,True,True,True
084010,대한제강,KOSPI,금속,7330.0,2519.0,34371596.0,17.45,0.26,420.0,27815.0,1.5099766313140393,23250.0,7150.0,,,,,,,,,,,,,,,False,,13400.0,82.81036834924966,2,20260528,BUY,-96.55,5.53,202603,0.0,-46.53,,,,,False,True,True,True,True
182400,엔케이젠바이오텍코리아,KOSDAQ,제약,3670.0,2655.0,72342431.0,-22.94,37.07,-160.0,99.0,-161.6161616161616,3685.0,2020.0,,,,,,,,,,,,,,,False,,,,0,,,0.0,10.63,202603,0.0,0.0,,,,,False,True,True,True,True
043150,바텍,KOSDAQ,의료·정밀기기,17470.0,2595.0,14854256.0,6.47,0.52,2701.0,33371.0,8.093853945042103,27350.0,16970.0,,,,,,,,,,,,,,,False,,28000.0,60.27475672581568,1,20260515,BUY,-16.74,3.83,202603,1.51,-11.27,,,,,False,True,True,True,True
003960,사조대림,KOSPI,음식료·담배,29150.0,2671.0,9164467.0,-3.4,0.4,-8577.0,72933.0,-11.760108592818067,45700.0,23200.0,,,,,,,,,,,,,,,False,,,,0,,,55.88,3.82,202603,-28.82,2.11,,,,,False,True,True,True,True
080580,오킨스전자,KOSDAQ,전기·전자,13010.0,2744.0,21090955.0,31.5,5.19,413.0,2506.0,16.480446927374302,27500.0,5800.0,,,,,,,,,,,,,,,False,,,,0,,,118.07,35.65,202603,482.13,160.71,,,,,False,True,True,True,True
484870,엠앤씨솔루션,KOSPI,기계·장비,23400.0,2142.0,9153900.0,6.96,1.3,3360.0,18067.0,18.597442851607905,230000.0,21500.0,,,,,,,,,,,,,,,False,,40000.0,70.94017094017094,1,20260701,BUY,71.5,54.15,202412,71.5,25.14,,,,,False,True,True,True,True
092190,서울바이오시스,KOSDAQ,전기·전자,5590.0,2564.0,45868383.0,-16.64,3.25,-336.0,1721.0,-19.523532829750145,19270.0,2135.0,,,,,,,,,,,,,,,False,,,,0,,,0.0,11.91,202603,-93.53,-31.18,,,,,False,True,True,True,True
439090,마녀공장,KOSDAQ,화학,16460.0,2698.0,16393260.0,29.55,2.2,557.0,7488.0,7.438568376068376,19760.0,11060.0,,,,,,,,,,,,,,,False,,,,0,,,326.41,0.17,202603,-43.66,-20.64,,,,,False,True,True,True,True
054950,제이브이엠,KOSDAQ,기계·장비,21500.0,2599.0,12089892.0,9.17,1.06,2345.0,20312.0,11.544899566758566,34500.0,19930.0,,,,,,,,,,,,,,,False,,,,0,,,4.81,6.22,202603,8.48,15.63,,,,,False,True,True,True,True
151860,KG에코솔루션,KOSDAQ,운송장비·부품,5290.0,2518.0,47603002.0,3.08,0.15,1717.0,34152.0,5.0275240103068635,7730.0,4745.0,,,,,,,,,,,,,,,False,,,,0,,,-56.53,12.69,202603,-15.57,-18.49,,,,,False,True,True,True,True
495060,TIME 코리아밸류업액티브,KOSPI,ETF(Active/수익증권),30700.0,2364.0,7700000.0,0.0,0.0,0.0,0.0,,42890.0,11550.0,,,,,,,,,,,,,,,False,,,,0,,,,,,,,,,,,False,True,True,True,True
352480,씨앤씨인터내셔널,KOSDAQ,화학,19320.0,2633.0,13629901.0,14.56,0.74,1327.0,26036.0,5.096789061299739,48900.0,18300.0,,,,,,,,,,,,,,,False,,30000.0,55.27950310559007,1,20260220,HOLD,-46.59,7.36,202603,-23.45,16.89,,,,,False,True,True,True,True
001230,동국홀딩스,KOSPI,금융,1672.0,2600.0,155507715.0,16.55,0.12,101.0,14474.0,0.6978029570263922,11950.0,1588.0,,,,,,,,,,,,,,,False,,14400.0,761.2440191387559,1,20260528,BUY,-58.41,21.42,202603,-31.98,-22.06,,,,,False,True,True,True,True
117730,티로보틱스,KOSDAQ,기계·장비,10980.0,2477.0,22558043.0,-4.92,4.77,-2230.0,2304.0,-96.78819444444444,30900.0,9820.0,,,,,,,,,,,,,,,False,,,,0,,,0.0,-35.69,202603,0.0,0.0,,,,,False,True,True,True,True
187660,페니트리움바이오,KOSDAQ,일반서비스,4345.0,2410.0,55466253.0,-9.43,26.99,-461.0,161.0,-286.3354037267081,21500.0,1370.0,,,,,,,,,,,,,,,False,,,,0,,,0.0,-29.33,202412,0.0,0.0,,,,,False,True,True,True,True
001750,한양증권,KOSPI,증권,19760.0,2515.0,12728534.0,6.75,0.51,2927.0,38947.0,7.515341361337202,31500.0,16490.0,,,,,,,,,,,,,,,False,,,,0,,,49.53,3.86,202503,17.61,-8.64,,,,,False,True,True,True,True
035600,KG이니시스,KOSDAQ,IT 서비스,9380.0,2585.0,27554434.0,5.42,0.5,1732.0,18729.0,9.24769074696994,12950.0,8940.0,,,,,,,,,,,,,,,False,,13100.0,39.6588486140725,1,20260204,HOLD,4.7,16.16,202603,61.59,6.25,,,,,False,True,True,True,True
286940,롯데이노베이트,KOSPI,IT 서비스,16380.0,2478.0,15129367.0,24.93,0.58,657.0,28166.0,2.332599588155933,25400.0,16210.0,,,,,,,,,,,,,,,False,,27125.0,65.5982905982906,4,20260414,BUY,39.92,-1.28,202603,22.04,11.16,,,,,False,True,True,True,True
121800,비덴트,KOSDAQ,전기·전자,3320.0,2563.0,77201611.0,29.12,0.4,114.0,8348.0,1.3655965500718734,3320.0,3320.0,,,,,,,,,,,,,,,False,,,,0,,,0.0,37.39,202603,0.0,0.0,,,,,False,True,True,True,True
064820,케이프,KOSDAQ,운송장비·부품,8200.0,2531.0,30860215.0,4.27,0.84,1922.0,9768.0,19.676494676494677,17500.0,6430.0,,,,,,,,,,,,,,,False,,,,0,,,552.74,46.38,202603,28.14,553.32,,,,,False,True,True,True,True
463050,TIME K바이오액티브,KOSPI,ETF(Active/수익증권),12025.0,2411.0,20050000.0,0.0,0.0,0.0,0.0,,21970.0,11645.0,,,,,,,,,,,,,,,False,,,,0,,,,,,,,,,,,False,True,True,True,True
332570,PS일렉트로닉스,KOSDAQ,전기·전자,5810.0,2714.0,46711563.0,16.55,2.19,351.0,2656.0,13.215361445783133,14990.0,2805.0,,,,,,,,,,,,,,,False,,,,0,,,-97.1,-0.98,202603,-63.71,17.5,,,,,False,True,True,True,True
036200,유니셈,KOSDAQ,기계·장비,8410.0,2579.0,30664223.0,28.7,1.02,293.0,8275.0,3.540785498489426,14390.0,6680.0,,,,,,,,,,,,,,,False,,,,0,,,7.23,23.67,202603,9.3,-24.49,,,,,False,True,True,True,True
138080,오이솔루션,KOSDAQ,전기·전자,19550.0,2420.0,12377758.0,-7.81,3.39,-2504.0,5774.0,-43.36681676480776,57900.0,8600.0,,,,,,,,,,,,,,,False,,,,0,,,0.0,28.13,202603,0.0,0.0,,,,,False,True,True,True,True
267980,매일유업,KOSDAQ,음식료·담배,33350.0,2556.0,7663638.0,4.62,0.39,7212.0,86122.0,8.374166879542974,41650.0,31100.0,,,,,,,,,,,,,,,False,,,,0,,,44.59,2.41,202603,-14.66,0.58,,,,,False,True,True,True,True
468530,프로티나,KOSDAQ,일반서비스,22450.0,2477.0,11035208.0,-24.62,13.16,-912.0,1706.0,-53.458382180539274,120100.0,13560.0,,,,,,,,,,,,,,,False,,,,0,,,0.0,297.96,202412,0.0,0.0,,,,,False,True,True,True,True
377460,큐에이드,KOSDAQ,일반서비스,4080.0,2532.0,62055687.0,-0.14,0.33,-29746.0,12346.0,-240.93633565527296,4080.0,1691.0,,,,,,,,,,,,,,,False,,,,0,,,0.0,-20.68,202509,0.0,-11.79,,,,,False,True,True,True,True
002900,TYM,KOSPI,기계·장비,6400.0,2650.0,41400000.0,7.12,0.6,899.0,10601.0,8.480332044146778,9900.0,4800.0,,,,,,,,,,,,,,,False,,,,0,,,131.46,28.32,202603,298.51,60.73,,,,,False,True,True,True,True
314930,바이오다인,KOSDAQ,의료·정밀기기,8000.0,2381.0,29764103.0,275.86,5.35,29.0,1495.0,1.939799331103679,16860.0,7540.0,,,,,,,,,,,,,,,False,,,,0,,,0.0,-5.4,202603,0.0,0.0,,,,,False,True,True,True,True
078520,에이블씨엔씨,KOSPI,화학,10030.0,2609.0,26014161.0,18.47,2.91,543.0,3450.0,15.739130434782608,16790.0,8550.0,,,,,,,,,,,,,,,False,,,,0,,,91.12,10.18,202603,-1.33,24.15,,,,,False,True,True,True,True
217590,티엠씨,KOSPI,전기·전자,10550.0,2542.0,24094225.0,-479.55,2.27,-22.0,4647.0,-0.4734237142242307,38700.0,10200.0,,,,,,,,,,,,,,,False,,,,0,,,-79.91,-1.21,202603,-40.83,-16.72,,,,,False,True,True,True,True
441270,파인엠텍,KOSDAQ,전기·전자,6050.0,2544.0,42044047.0,-15.39,1.36,-393.0,4459.0,-8.813635344247588,14060.0,5340.0,,,,,,,,,,,,,,,False,,,,0,,,0.0,5.72,202603,0.0,91.2,,,,,False,True,True,True,True
001340,PKC,KOSPI,화학,5200.0,2341.0,45028089.0,23.11,1.03,225.0,5057.0,4.449278228198537,8200.0,5110.0,,,,,,,,,,,,,,,False,,,,0,,,50.62,8.77,202603,24.64,-19.22,,,,,False,True,True,True,True
005430,한국공항,KOSPI,운송·창고,79700.0,2524.0,3166355.0,6.22,0.6,12805.0,132482.0,9.665463987560575,95900.0,54200.0,,,,,,,,,,,,,,,False,,,,0,,,35.51,13.46,202603,4.46,415.74,,,,,False,True,True,True,True
098070,한텍,KOSDAQ,금속,23050.0,2563.0,11121141.0,8.01,1.58,2879.0,14605.0,19.71242725094146,62200.0,21850.0,,,,,,,,,,,,,,,False,,,,0,,,257.73,39.37,202603,127.72,71.93,,,,,False,True,True,True,True
065680,우주일렉트로,KOSDAQ,전기·전자,29800.0,2754.0,9240471.0,12.83,0.91,2322.0,32705.0,7.099831829995414,51700.0,23100.0,,,,,,,,,,,,,,,False,,,,0,,,-31.07,-0.42,202603,8.37,32.83,,,,,False,True,True,True,True
455900,엔젤로보틱스,KOSDAQ,기계·장비,16150.0,2483.0,15373581.0,-23.54,6.0,-686.0,2690.0,-25.50185873605948,43950.0,15700.0,,,,,,,,,,,,,,,False,,,,0,,,0.0,-18.17,202412,0.0,0.0,,,,,False,True,True,True,True
419530,SAMG엔터,KOSDAQ,오락·문화,26600.0,2715.0,10207337.0,8.05,3.01,3306.0,8830.0,37.440543601359,86100.0,20000.0,,,,,,,,,,,,,,,False,,50000.0,87.96992481203007,1,20260519,BUY,-38.21,5.49,202603,0.0,0.0,,,,,False,True,True,True,True
003920,남양유업,KOSPI,음식료·담배,42500.0,2550.0,6000000.0,48.79,0.35,871.0,120319.0,0.7239089420623509,67400.0,39500.0,,,,,,,,,,,,,,,False,,,,0,,,572.23,4.44,202603,0.0,0.0,,,,,False,True,True,True,True
002320,한진,KOSPI,운송·창고,15200.0,2359.0,15518616.0,-147.57,0.16,-103.0,94858.0,-0.1085833561744924,23850.0,14840.0,21.276595744680847,714.4000000000001,-296.0,341.3513513513514,30831.0,1255.0,104.0,2.2,25.400000000000002,1001.0,-43.0,30155.0,-18.3,-116.4,True,1255.0,,,0,,,-27.36,6.84,202603,12.1,0.27,2025.12E,2024.12,20260526,중립,False,True,True,True,True
052710,아모텍,KOSDAQ,전기·전자,15820.0,2312.0,14612546.0,29.19,1.48,542.0,10688.0,5.071107784431137,36250.0,8240.0,,,,,,,,,,,,,,,False,,35500.0,124.39949431099873,2,20260527,매수,-85.35,-27.45,202603,0.0,0.0,,,,,False,True,True,True,True
215000,골프존,KOSDAQ,IT 서비스,39350.0,2469.0,6275415.0,9.63,0.54,4085.0,73255.0,5.576411166473278,76400.0,36200.0,,,,,,,,,,,,,,,False,,71500.0,81.70266836086404,2,20260506,BUY,-47.45,-13.87,202603,-28.97,-22.76,,,,,False,True,True,True,True
200130,콜마비앤에이치,KOSDAQ,제약,8150.0,2397.0,29415558.0,-10.57,0.65,-771.0,12503.0,-6.166520035191554,20300.0,7640.0,,,,,,,,,,,,,,,False,,,,0,,,188.55,0.12,202603,8.22,-20.3,,,,,False,True,True,True,True
475040,스트라드비젼,KOSDAQ,IT 서비스,3435.0,1829.0,53255138.0,-2.41,6.27,-1428.0,548.0,-260.5839416058394,11080.0,3285.0,,,,,,,,,,,,,,,False,,,,0,,,0.0,2.43,202603,0.0,0.0,,,,,False,True,True,True,True
001790,대한제당,KOSPI,음식료·담배,2730.0,2354.0,86241915.0,-4.35,0.52,-628.0,5203.0,-12.069959638669998,3410.0,2150.0,,,,,,,,,,,,,,,False,,,,0,,,-33.61,-4.32,202603,52.87,18.44,,,,,False,True,True,True,True
000430,대원강업,KOSPI,운송장비·부품,3665.0,2272.0,62000000.0,6.24,0.4,587.0,9057.0,6.481174781936623,6200.0,3545.0,,,,,,,,,,,,,,,False,,,,0,,,26.6,13.31,202603,108.32,71.57,,,,,False,True,True,True,True
064850,에프앤가이드,KOSDAQ,IT 서비스,21050.0,2402.0,11410332.0,24.31,3.48,866.0,6042.0,14.333002317113538,37000.0,7700.0,,,,,,,,,,,,,,,False,,,,0,,,123.96,16.46,202603,39.42,21.8,,,,,False,True,True,True,True
298000,효성화학,KOSPI,화학,59900.0,2271.0,3791811.0,0.58,0.61,103670.0,98013.0,105.7716833481273,87500.0,38900.0,,,,,,,,,,,,,,,False,,,,0,,,0.0,2.46,202603,0.0,0.0,,,,,False,True,True,True,True
099430,바이오플러스,KOSDAQ,제약,3760.0,2318.0,61640722.0,15.35,1.32,245.0,2841.0,8.623724040830695,8350.0,3640.0,,,,,,,,,,,,,,,False,,,,0,,,-20.36,15.35,202603,-36.6,-13.75,,,,,False,True,True,True,True
484590,삼양컴텍,KOSDAQ,금속,5740.0,2365.0,41210450.0,11.15,3.31,515.0,1735.0,29.68299711815562,22650.0,5600.0,,,,,,,,,,,,,,,False,,,,0,,,161.14,70.52,202412,161.14,39.08,,,,,False,True,True,True,True
498270,KIWOOM 미국양자컴퓨팅,KOSPI,ETF(실물복제/수익증권),15645.0,2347.0,15000000.0,0.0,0.0,0.0,0.0,,19225.0,10525.0,,,,,,,,,,,,,,,False,,,,0,,,,,,,,,,,,False,True,True,True,True
298690,에어부산,KOSPI,운송·창고,1462.0,2382.0,162914872.0,69.62,1.22,21.0,1199.0,1.7514595496246872,2260.0,1400.0,,,,,,,,,,,,,,,False,,,,0,,,-8.43,13.06,202412,-8.43,-2.81,,,,,False,True,True,True,True
122900,아이마켓코리아,KOSPI,유통,7280.0,2434.0,33428840.0,11.61,0.62,627.0,11758.0,5.332539547542099,10330.0,6990.0,,,,,,,,,,,,,,,False,,13000.0,78.57142857142857,1,20260527,매수,70.34,12.7,202603,-54.63,-25.41,,,,,False,True,True,True,True
206640,바디텍메드,KOSDAQ,제약,11110.0,2434.0,21907921.0,10.98,1.03,1012.0,10825.0,9.348729792147806,15000.0,9580.0,,,,,,,,,,,,,,,False,,,,0,,,-15.79,9.58,202603,10.67,5.98,,,,,False,True,True,True,True
004360,세방,KOSPI,운송·창고,12580.0,2405.0,19115603.0,4.39,0.23,2865.0,54806.0,5.227529832500092,17110.0,11700.0,,,,,,,,,,,,,,,False,,,,0,,,-35.46,-7.89,202603,11.45,-13.2,,,,,False,True,True,True,True
094360,칩스앤미디어,KOSDAQ,전기·전자,10530.0,2249.0,21355274.0,37.61,2.56,280.0,4120.0,6.796116504854369,21150.0,9990.0,,,,,,,,,,,,,,,False,,24000.0,127.92022792022793,1,20260514,BUY,-11.12,7.64,202603,31.87,2.09,,,,,False,True,True,True,True
092460,한라IMS,KOSDAQ,운송장비·부품,15350.0,2626.0,17109680.0,10.3,1.32,1490.0,11613.0,12.830448635150264,22150.0,8730.0,,,,,,,,,,,,,,,False,,,,0,,,7.6,48.21,202603,39.52,65.97,,,,,False,True,True,True,True
051360,토비스,KOSDAQ,전기·전자,16090.0,2400.0,14917843.0,5.98,0.86,2691.0,18607.0,14.462299134734241,20950.0,13610.0,,,,,,,,,,,,,,,False,,,,0,,,28.57,10.4,202603,-2.02,129.98,,,,,False,True,True,True,True
194700,노바렉스,KOSDAQ,음식료·담배,13710.0,2503.0,18254848.0,7.26,0.96,1888.0,14257.0,13.242617661499615,22100.0,10990.0,,,,,,,,,,,,,,,False,,,,0,,,85.65,35.78,202512,85.65,25.95,,,,,False,True,True,True,True
003650,미창석유,KOSPI,화학,138200.0,2404.0,1739672.0,4.57,0.56,30250.0,246893.0,12.252271226806755,169000.0,102100.0,,,,,,,,,,,,,,,False,,,,0,,,-4.9,5.55,202412,-4.9,9.43,,,,,False,True,True,True,True
005500,삼진제약,KOSPI,제약,18200.0,2424.0,13320000.0,0.0,0.0,0.0,0.0,,25900.0,16990.0,,,,,,,,,,,,,,,False,,,,0,,,0.0,0.0,202509,0.0,-10.54,,,,,False,True,True,True,True
234340,헥토파이낸셜,KOSDAQ,금융,16980.0,2372.0,13970656.0,25.57,1.35,664.0,12613.0,5.26440973598668,45000.0,14330.0,,,,,,,,,,,,,,,False,,53000.0,212.1319199057715,1,20260507,매수,149.83,24.96,202603,17.19,6.93,,,,,False,True,True,True,True
003200,일신방직,KOSPI,섬유·의류,9980.0,2291.0,22960000.0,6.91,0.23,1445.0,42508.0,3.3993601204479154,17800.0,9360.0,,,,,,,,,,,,,,,False,,,,0,,,6.52,2.99,202603,36.89,12.3,,,,,False,True,True,True,True
450950,아스테라시스,KOSDAQ,의료·정밀기기,6250.0,2352.0,37627592.0,25.0,5.01,250.0,1247.0,20.04811547714515,17480.0,5600.0,20.938023450586265,298.5,250.0,19.400000000000002,497.0,126.0,112.0,31.1,20.900000000000002,104.0,92.0,379.0,55.900000000000006,72.10000000000001,True,126.0,13000.0,108.0,1,20260605,BUY,0.0,11.67,202603,55.94,123.93,2026.12E,2025.12,20260515,매수,False,True,True,True,True
003070,코오롱글로벌,KOSPI,건설,9260.0,2354.0,25423959.0,-0.98,0.34,-9461.0,26910.0,-35.15793385358602,13570.0,8560.0,,,,,,,,,,,,,,,False,,,,0,,,129.35,-1.99,202603,0.0,-31.81,,,,,False,True,True,True,True
378340,필에너지,KOSDAQ,기계·장비,10890.0,2357.0,21643882.0,-15.21,1.85,-716.0,5893.0,-12.150008484642797,22850.0,10290.0,,,,,,,,,,,,,,,False,,,,0,,,0.0,81.4,202603,0.0,-5.39,,,,,False,True,True,True,True
180400,DXVX,KOSDAQ,일반서비스,2200.0,2165.0,98429432.0,-3.75,2.31,-587.0,954.0,-61.530398322851156,5360.0,1319.0,,,,,,,,,,,,,,,False,,,,0,,,0.0,-11.6,202603,0.0,0.0,,,,,False,True,True,True,True
417840,저스템,KOSDAQ,기계·장비,12140.0,2776.0,22869381.0,74.94,4.92,162.0,2465.0,6.572008113590264,22250.0,4790.0,,,,,,,,,,,,,,,False,,23500.0,93.57495881383855,1,20260514,BUY,147.39,66.65,202603,0.0,-31.88,,,,,False,True,True,True,True
043370,피에이치에이,KOSDAQ,운송장비·부품,10970.0,2304.0,21000000.0,4.98,0.25,2204.0,43257.0,5.095129112051229,15600.0,10320.0,,,,,,,,,,,,,,,False,,,,0,,,-21.92,1.87,202603,-5.9,37.28,,,,,False,True,True,True,True
217730,강스템바이오텍,KOSDAQ,제약,2315.0,2177.0,94054149.0,-16.54,3.17,-140.0,730.0,-19.17808219178082,4690.0,1080.0,,,,,,,,,,,,,,,False,,,,0,,,0.0,-15.65,202603,0.0,0.0,,,,,False,True,True,True,True
462350,이노스페이스,KOSDAQ,운송장비·부품,6460.0,2174.0,33650526.0,-2.01,3.65,-3216.0,1772.0,-181.48984198645599,26700.0,5950.0,,,,,,,,,,,,,,,False,,,,0,,,0.0,482.13,202603,0.0,0.0,,,,,False,True,True,True,True
304360,에스바이오메딕스,KOSDAQ,제약,17810.0,2206.0,12385128.0,-26.04,25.08,-684.0,710.0,-96.3380281690141,42600.0,17100.0,,,,,,,,,,,,,,,False,,,,0,,,0.0,-1.45,202603,0.0,0.0,,,,,False,True,True,True,True
002710,TCC스틸,KOSPI,금속,8750.0,2294.0,26213697.0,-30.81,0.94,-284.0,9346.0,-3.038733147870747,22950.0,8520.0,,,,,,,,,,,,,,,False,,,,0,,,0.0,12.21,202603,0.0,-21.78,,,,,False,True,True,True,True
244920,에이플러스에셋,KOSPI,금융,11330.0,2561.0,22607693.0,11.57,1.51,979.0,7506.0,13.042899014122037,14990.0,5600.0,,,,,,,,,,,,,,,False,,11500.0,1.500441306266549,1,20260415,Trading BUY,114.89,17.89,202603,-7.09,323.41,,,,,False,True,True,True,True
000480,CR홀딩스,KOSPI,비금속,4885.0,2291.0,46890490.0,-8.35,0.36,-585.0,13605.0,-4.299889746416759,5650.0,4520.0,,,,,,,,,,,,,,,False,,,,0,,,52.1,1.21,202603,59.55,26.07,,,,,False,True,True,True,True
013120,동원개발,KOSDAQ,건설,2315.0,2102.0,90808100.0,8.04,0.2,288.0,11867.0,2.4268981208393026,3630.0,2045.0,,,,,,,,,,,,,,,False,,,,0,,,20.62,-18.0,202603,-18.63,-37.62,,,,,False,True,True,True,True
007160,사조산업,KOSPI,음식료·담배,47700.0,2385.0,5000000.0,-8.2,0.45,-5820.0,106906.0,-5.444034946588592,72800.0,39150.0,,,,,,,,,,,,,,,False,,,,0,,,-57.18,-7.56,202603,0.0,0.0,,,,,False,True,True,True,True
011560,세보엠이씨,KOSDAQ,건설,22000.0,2219.0,10084872.0,6.51,0.79,3377.0,27833.0,12.133079438077104,29300.0,11600.0,,,,,,,,,,,,,,,False,,36000.0,63.63636363636363,1,20260701,매수,55.76,40.94,202603,41.08,14.49,,,,,False,True,True,True,True
200470,에이팩트,KOSDAQ,전기·전자,5040.0,2135.0,42362093.0,-4.21,3.87,-1197.0,1304.0,-91.79447852760735,13100.0,2220.0,,,,,,,,,,,,,,,False,,,,0,,,0.0,-7.49,202412,0.0,4.7,,,,,False,True,True,True,True
254490,미래반도체,KOSDAQ,유통,14810.0,2138.0,14438000.0,35.35,2.49,419.0,5948.0,7.044384667114996,47850.0,14130.0,,,,,,,,,,,,,,,False,,,,0,,,8.79,28.15,202412,8.79,-11.97,,,,,False,True,True,True,True
060720,KH바텍,KOSDAQ,전기·전자,9370.0,2219.0,23677442.0,10.88,0.75,861.0,12563.0,6.853458568813181,19960.0,8870.0,,,,,,,,,,,,,,,False,,17000.0,81.43009605122732,2,20260617,매수,-54.74,-10.47,202603,45.27,1.82,,,,,False,True,True,True,True
008490,서흥,KOSPI,화학,20750.0,2401.0,11569113.0,5.52,0.47,3759.0,43883.0,8.56595948317116,32600.0,16000.0,,,,,,,,,,,,,,,False,,,,0,,,83.79,11.45,202603,48.35,-1.19,,,,,False,True,True,True,True
018000,유니슨,KOSDAQ,기계·장비,870.0,2258.0,259498284.0,-8.13,2.02,-107.0,431.0,-24.825986078886313,1794.0,850.0,,,,,,,,,,,,,,,False,,,,0,,,0.0,-38.01,202603,0.0,0.0,,,,,False,True,True,True,True
365270,큐라클,KOSDAQ,일반서비스,8490.0,1881.0,22156992.0,0.0,0.0,0.0,0.0,,20750.0,3600.0,,,,,,,,,,,,,,,False,,,,0,,,0.0,0.0,202509,0.0,0.0,,,,,False,True,True,True,True
000650,천일고속,KOSPI,운송·창고,156800.0,2241.0,1429220.0,-53.39,15.83,-2937.0,9908.0,-29.64271295922487,518000.0,36800.0,,,,,,,,,,,,,,,False,,,,0,,,0.0,1.63,202412,0.0,0.0,,,,,False,True,True,True,True
053030,바이넥스,KOSDAQ,제약,6700.0,2190.0,32684188.0,-67.68,1.14,-99.0,5881.0,-1.6833871790511818,19200.0,6580.0,,,,,,,,,,,,,,,False,,18000.0,168.65671641791045,1,20260528,BUY,0.0,-11.24,202603,0.0,-31.31,,,,,False,True,True,True,True
034120,SBS,KOSPI,오락·문화,12060.0,2237.0,18551238.0,27.85,0.17,433.0,69877.0,0.6196602601714442,23400.0,10600.0,,,,,,,,,,,,,,,False,,18667.0,54.78441127694859,3,20260708,BUY,0.0,-7.7,202603,0.0,-22.86,,,,,False,True,True,True,True
095500,미래나노텍,KOSDAQ,화학,7360.0,2282.0,31009999.0,16.5,0.7,446.0,10551.0,4.227087479859729,14160.0,6400.0,,,,,,,,,,,,,,,False,,,,0,,,-24.99,-26.22,202603,-15.81,35.62,,,,,False,True,True,True,True
065710,서호전기,KOSDAQ,전기·전자,42150.0,2171.0,5150000.0,10.47,2.33,4026.0,18120.0,22.218543046357617,59900.0,34750.0,,,,,,,,,,,,,,,False,,,,0,,,-19.11,-23.67,202603,1439.0,451.94,,,,,False,True,True,True,True
019010,베뉴지,KOSDAQ,유통,4200.0,2024.0,48200000.0,2.16,0.43,1945.0,9718.0,20.014406256431364,7300.0,2200.0,,,,,,,,,,,,,,,False,,,,0,,,-10.29,13.93,202603,-18.38,21.09,,,,,False,True,True,True,True
061970,LB세미콘,KOSDAQ,전기·전자,4040.0,2347.0,58083006.0,-1.52,0.88,-2656.0,4579.0,-58.003930989298965,7120.0,3505.0,,,,,,,,,,,,,,,False,,,,0,,,0.0,14.93,202603,0.0,0.0,,,,,False,True,True,True,True
452430,사피엔반도체,KOSDAQ,전기·전자,27700.0,2287.0,8255421.0,0.0,0.0,0.0,0.0,,56000.0,23050.0,,,,,,,,,,,,,,,False,,47000.0,69.67509025270758,1,20260619,BUY,0.0,0.0,202509,0.0,0.0,,,,,False,True,True,True,True
389500,에스비비테크,KOSDAQ,기계·장비,31250.0,2082.0,6663472.0,0.0,0.0,0.0,0.0,,115000.0,18600.0,,,,,,,,,,,,,,,False,,80500.0,157.6,2,20260701,매수,0.0,0.0,202509,0.0,0.0,,,,,False,True,True,True,True
028100,동아지질,KOSPI,건설,14750.0,1975.0,13389502.0,10.55,0.79,1398.0,18566.0,7.529893353441776,19240.0,13200.0,,,,,,,,,,,,,,,False,,,,0,,,43.62,19.16,202603,87.99,37.64,,,,,False,True,True,True,True
389260,대명에너지,KOSDAQ,건설,12920.0,2315.0,17916325.0,16.01,1.41,807.0,9190.0,8.781284004352557,27600.0,11910.0,,,,,,,,,,,,,,,False,,,,0,,,215.5,60.79,202603,73.09,-1.17,,,,,False,True,True,True,True
159010,아스플로,KOSDAQ,기계·장비,13230.0,1764.0,13334739.0,-17.76,3.69,-745.0,3589.0,-20.75787127333519,24000.0,3415.0,,,,,,,,,,,,,,,False,,,,0,,,0.0,8.9,202603,0.0,-13.17,,,,,False,True,True,True,True
445090,에이직랜드,KOSDAQ,전기·전자,20600.0,2251.0,10925658.0,-8.43,4.05,-2443.0,5085.0,-48.0432645034415,34950.0,17250.0,,,,,,,,,,,,,,,False,,,,0,,,0.0,242.42,202603,0.0,-22.1,,,,,False,True,True,True,True
000680,LS네트웍스,KOSPI,유통,2805.0,2210.0,78803016.0,-6.93,0.25,-405.0,11323.0,-3.5767906031970322,4965.0,2560.0,,,,,,,,,,,,,,,False,,,,0,,,124.02,283.81,202603,-26.17,59.53,,,,,False,True,True,True,True
025000,KPX케미칼,KOSPI,화학,50500.0,2211.0,4378709.0,4.79,0.32,10548.0,158214.0,6.666919488793659,57000.0,45000.0,,,,,,,,,,,,,,,False,,,,0,,,-36.71,-6.03,202603,-29.64,-12.47,,,,,False,True,True,True,True
000050,경방,KOSPI,유통,8000.0,2193.0,27415270.0,4.63,0.26,1728.0,31241.0,5.531192983579271,15210.0,6200.0,,,,,,,,,,,,,,,False,,,,0,,,64.58,8.55,202603,37.5,32.35,,,,,False,True,True,True,True
452280,한선엔지니어링,KOSDAQ,금속,9960.0,1917.0,19247670.0,40.82,2.9,244.0,3440.0,7.093023255813953,37300.0,6550.0,,,,,,,,,,,,,,,False,,,,0,,,-20.5,1.65,202412,-20.5,38.05,,,,,False,True,True,True,True
123330,제닉,KOSDAQ,화학,23900.0,1905.0,7968680.0,10.08,4.56,2370.0,5246.0,45.17727792603889,42000.0,15570.0,,,,,,,,,,,,,,,False,,,,0,,,-9.31,64.66,202603,148.58,49.53,,,,,False,True,True,True,True
089980,상아프론테크,KOSDAQ,화학,13400.0,2143.0,15989037.0,31.75,1.03,422.0,13001.0,3.245904161218368,30050.0,13020.0,,,,,,,,,,,,,,,False,,,,0,,,7.69,19.15,202603,14.75,-16.85,,,,,False,True,True,True,True
018310,삼목에스폼,KOSDAQ,금속,14500.0,2132.0,14700000.0,20.83,0.32,696.0,45420.0,1.5323645970937911,23500.0,12760.0,,,,,,,,,,,,,,,False,,,,0,,,0.0,-6.45,202603,-91.44,-16.16,,,,,False,True,True,True,True
114190,강원에너지,KOSDAQ,전기·전자,8490.0,2218.0,26123038.0,-36.28,6.43,-234.0,1321.0,-17.713853141559426,20250.0,7320.0,,,,,,,,,,,,,,,False,,,,0,,,0.0,-2.57,202603,0.0,54.11,,,,,False,True,True,True,True
226320,잇츠한불,KOSPI,화학,9960.0,2184.0,21929315.0,13.07,0.45,762.0,22121.0,3.4446905655259705,14870.0,8670.0,,,,,,,,,,,,,,,False,,,,0,,,22.4,17.51,202603,7.44,66.69,,,,,False,True,True,True,True
472850,폰드그룹,KOSDAQ,유통,3680.0,2119.0,57571652.0,6.13,0.9,600.0,4071.0,14.738393515106853,13440.0,3560.0,,,,,,,,,,,,,,,False,,,,0,,,17.64,9.74,202603,38.85,2042.79,,,,,False,True,True,True,True
241520,DSC인베스트먼트,KOSDAQ,금융,7620.0,2027.0,26600000.0,11.96,1.56,637.0,4874.0,13.069347558473531,19700.0,5900.0,,,,,,,,,,,,,,,False,,,,0,,,0.0,89.91,202603,49.38,9.24,,,,,False,True,True,True,True
023760,한국캐피탈,KOSDAQ,금융,698.0,2203.0,315609576.0,2.19,0.29,319.0,2410.0,13.236514522821578,1250.0,612.0,,,,,,,,,,,,,,,False,,,,0,,,0.2,10.77,202603,32.06,14.14,,,,,False,True,True,True,True
001460,BYC,KOSPI,섬유·의류,32500.0,2030.0,6246150.0,13.94,0.47,2331.0,68788.0,3.388672442867942,71500.0,31150.0,,,,,,,,,,,,,,,False,,,,0,,,32.98,2.74,202603,11.5,2.25,,,,,False,True,True,True,True
044450,KSS해운,KOSPI,운송·창고,9460.0,2184.0,23085880.0,5.97,0.39,1584.0,24109.0,6.570160520967273,14400.0,8540.0,,,,,,,,,,,,,,,False,,,,0,,,-27.32,1.56,202603,6.01,16.97,,,,,False,True,True,True,True
036030,케이티알파,KOSDAQ,유통,4445.0,2179.0,49019141.0,0.0,0.0,0.0,0.0,,6100.0,4220.0,,,,,,,,,,,,,,,False,,,,0,,,0.0,0.0,202509,0.0,0.0,,,,,False,True,True,True,True
456010,아이씨티케이,KOSDAQ,전기·전자,15200.0,2204.0,14502350.0,-30.46,4.81,-499.0,3161.0,-15.78614362543499,39950.0,10460.0,,,,,,,,,,,,,,,False,,50000.0,228.9473684210526,1,20260527,BUY,0.0,45.98,202603,0.0,0.0,,,,,False,True,True,True,True
004980,성신양회,KOSPI,비금속,8540.0,2094.0,24516073.0,8.3,0.36,1029.0,23623.0,4.355924311052788,15310.0,7500.0,,,,,,,,,,,,,,,False,,,,0,,,0.0,24.68,202603,-18.0,1284.65,,,,,False,True,True,True,True
033920,무학,KOSPI,음식료·담배,7530.0,2146.0,28500000.0,4.26,0.33,1766.0,22743.0,7.765026601591699,10490.0,7080.0,,,,,,,,,,,,,,,False,,,,0,,,-78.05,-4.55,202603,-39.35,-10.54,,,,,False,True,True,True,True
009680,모토닉,KOSPI,운송장비·부품,9720.0,2112.0,21733094.0,10.27,0.44,946.0,22319.0,4.238541153277477,11980.0,9290.0,,,,,,,,,,,,,,,False,,,,0,,,-4.9,-4.3,202603,-22.05,14.94,,,,,False,True,True,True,True
136490,선진,KOSPI,음식료·담배,10010.0,2380.0,23779604.0,2.0,0.42,5002.0,23678.0,21.125095024917645,15150.0,8370.0,,,,,,,,,,,,,,,False,,,,0,,,9.26,16.83,202603,44.41,36.59,,,,,False,True,True,True,True
481070,에이유브랜즈,KOSDAQ,유통,16050.0,2300.0,14330250.0,26.1,3.32,615.0,4838.0,12.711864406779661,28700.0,10450.0,,,,,,,,,,,,,,,False,,,,0,,,154.01,136.1,202603,-18.89,37.21,,,,,False,True,True,True,True
475560,더본코리아,KOSPI,유통,14530.0,2155.0,14827970.0,-12.32,0.87,-1179.0,16648.0,-7.081931763575204,28850.0,13610.0,,,,,,,,,,,,,,,False,,,,0,,,0.0,-28.1,202603,0.0,13.37,,,,,False,True,True,True,True
000320,노루홀딩스,KOSPI,금융,16100.0,2140.0,13291151.0,6.72,0.34,2395.0,47919.0,4.998017487844071,37150.0,15150.0,,,,,,,,,,,,,,,False,,,,0,,,32.48,3.42,202603,-11.09,41.62,,,,,False,True,True,True,True
003520,영진약품,KOSPI,제약,1172.0,2144.0,182892731.0,167.43,2.39,7.0,491.0,1.4256619144602851,2335.0,1081.0,,,,,,,,,,,,,,,False,,,,0,,,179.78,7.3,202412,179.78,59.93,,,,,False,True,True,True,True
298830,슈어소프트테크,KOSDAQ,IT 서비스,3770.0,2015.0,53458499.0,23.13,1.87,163.0,2019.0,8.073303615651312,10880.0,3655.0,,,,,,,,,,,,,,,False,,,,0,,,0.0,19.55,202603,59.69,15.71,,,,,False,True,True,True,True
203650,드림시큐리티,KOSDAQ,IT 서비스,2070.0,2105.0,101704484.0,24.64,1.66,84.0,1244.0,6.752411575562702,4810.0,1400.0,,,,,,,,,,,,,,,False,,,,0,,,-36.63,46.13,202603,-12.32,-1.15,,,,,False,True,True,True,True
025560,미래산업,KOSPI,의료·정밀기기,41750.0,2125.0,5090828.0,17.46,1.52,2391.0,27450.0,8.710382513661202,67000.0,665.0,,,,,,,,,,,,,,,False,,,,0,,,1572.08,336.71,202603,-24.57,-8.19,,,,,False,True,True,True,True
461300,아이스크림미디어,KOSDAQ,IT 서비스,15360.0,2047.0,13323933.0,5.66,1.05,2712.0,14615.0,18.556277796784126,27550.0,14130.0,,,,,,,,,,,,,,,False,,,,0,,,35.41,23.67,202412,35.41,53.47,,,,,False,True,True,True,True
086390,유니테스트,KOSDAQ,기계·장비,9990.0,2111.0,21134126.0,-10.15,2.09,-984.0,4773.0,-20.615964802011312,23700.0,9550.0,,,,,,,,,,,,,,,False,,26500.0,165.26526526526527,2,20260526,BUY,0.0,0.01,202603,0.0,0.0,,,,,False,True,True,True,True
067390,아스트,KOSDAQ,운송장비·부품,486.0,2047.0,421157579.0,-21.13,0.64,-23.0,761.0,-3.0223390275952693,1039.0,480.0,,,,,,,,,,,,,,,False,,,,0,,,0.0,48.43,202512,0.0,0.0,,,,,False,True,True,True,True
001250,GS글로벌,KOSPI,유통,2545.0,2100.0,82533764.0,10.56,0.39,241.0,6576.0,3.6648418491484183,5690.0,2200.0,,,,,,,,,,,,,,,False,,,,0,,,-19.46,7.57,202603,-32.85,-7.49,,,,,False,True,True,True,True
230240,에치에프알,KOSDAQ,전기·전자,15890.0,2115.0,13309000.0,-690.87,1.45,-23.0,10988.0,-0.20931925737167817,39700.0,11420.0,,,,,,,,,,,,,,,False,,51000.0,220.9565764631844,2,20260522,매수,0.0,-39.34,202603,0.0,0.0,,,,,False,True,True,True,True
134380,미원화학,KOSPI,화학,10020.0,2204.0,21992680.0,0.0,0.0,0.0,0.0,,125500.0,9610.0,,,,,,,,,,,,,,,False,,,,0,,,0.0,0.0,202509,0.0,0.0,,,,,False,True,True,True,True
042370,비츠로테크,KOSDAQ,금융,7920.0,2075.0,26200025.0,31.3,0.8,253.0,9877.0,2.5615065303229727,23800.0,7500.0,,,,,,,,,,,,,,,False,,,,0,,,16.49,8.07,202603,8.95,24.81,,,,,False,True,True,True,True
476450,KIWOOM 머니마켓액티브,KOSPI,ETF(Active/수익증권),52520.0,2102.0,4002000.0,0.0,0.0,0.0,0.0,,53190.0,51685.0,,,,,,,,,,,,,,,False,,,,0,,,,,,,,,,,,False,True,True,True,True
290690,소룩스,KOSDAQ,전기·전자,5010.0,2635.0,52599610.0,-5.3,3.05,-946.0,1643.0,-57.57760194765672,7170.0,2700.0,,,,,,,,,,,,,,,False,,,,0,,,0.0,-15.27,202412,0.0,0.0,,,,,False,True,True,True,True
039830,오로라,KOSDAQ,일반서비스,19900.0,2142.0,10762890.0,9.84,1.1,2023.0,18082.0,11.18792169007853,26400.0,9040.0,,,,,,,,,,,,,,,False,,,,0,,,45.93,22.21,202603,43.62,35.83,,,,,False,True,True,True,True
005010,휴스틸,KOSPI,금속,3695.0,2076.0,56188075.0,-13.79,0.2,-268.0,18820.0,-1.4240170031880977,7300.0,3555.0,,,,,,,,,,,,,,,False,,,,0,,,0.0,-3.95,202603,-79.57,-74.37,,,,,False,True,True,True,True
488900,비츠로넥스텍,KOSDAQ,운송장비·부품,7290.0,2112.0,28976443.0,-11.53,4.97,-632.0,1466.0,-43.11050477489768,31100.0,6930.0,,,,,,,,,,,,,,,False,,,,0,,,0.0,-33.27,202412,0.0,0.0,,,,,False,True,True,True,True
144510,지씨셀,KOSDAQ,일반서비스,13010.0,2056.0,15800344.0,-0.75,1.05,-17269.0,12404.0,-139.22121896162528,28450.0,12430.0,,,,,,,,,,,,,,,False,,,,0,,,0.0,-5.5,202603,0.0,-30.26,,,,,False,True,True,True,True
005710,대원산업,KOSDAQ,운송장비·부품,10180.0,2040.0,20037600.0,2.65,0.35,3836.0,29170.0,13.150497086047308,18930.0,9510.0,,,,,,,,,,,,,,,False,,,,0,,,-46.2,-9.25,202603,-5.64,34.52,,,,,False,True,True,True,True
210980,SK디앤디,KOSPI,부동산,7850.0,1461.0,18617382.0,20.6,0.26,381.0,30636.0,1.2436349392871133,13810.0,7740.0,,,,,,,,,,,,,,,False,,,,0,,,0.0,-22.44,202603,-29.58,25.55,,,,,False,True,True,True,True
037270,YG PLUS,KOSPI,IT 서비스,3230.0,2056.0,63663110.0,9.15,1.09,353.0,2963.0,11.9136010799865,11400.0,3045.0,,,,,,,,,,,,,,,False,,,,0,,,-14.3,-9.41,202603,948.35,324.9,,,,,False,True,True,True,True
380540,옵티코어,KOSDAQ,전기·전자,8450.0,2067.0,24456583.0,-8.2,8.94,-1031.0,945.0,-109.1005291005291,8450.0,1247.0,,,,,,,,,,,,,,,False,,,,0,,,0.0,280.71,202603,0.0,0.0,,,,,False,True,True,True,True
317330,덕산테코피아,KOSDAQ,화학,9860.0,2019.0,20476584.0,-2.63,1.75,-3746.0,5642.0,-66.39489542715349,33000.0,9460.0,,,,,,,,,,,,,,,False,,,,0,,,0.0,61.41,202603,0.0,0.0,,,,,False,True,True,True,True
100120,뷰웍스,KOSDAQ,의료·정밀기기,22350.0,2005.0,8971411.0,9.93,0.8,2251.0,27823.0,8.090428781942997,34900.0,18010.0,,,,,,,,,,,,,,,False,,39500.0,76.7337807606264,2,20260507,Buy,329.47,6.93,202603,-4.08,-13.99,,,,,False,True,True,True,True
030210,다올투자증권,KOSPI,증권,3365.0,2050.0,60911106.0,5.8,0.35,580.0,9654.0,6.007872384503832,5740.0,3105.0,,,,,,,,,,,,,,,False,,,,0,,,52.7,75.92,202603,0.0,0.0,,,,,False,True,True,True,True
035150,백산,KOSPI,화학,9750.0,1928.0,19771079.0,6.13,0.77,1590.0,12669.0,12.550319677954061,15760.0,9050.0,,,,,,,,,,,,,,,False,,,,0,,,-33.36,-3.06,202603,-29.96,6.57,,,,,False,True,True,True,True
052330,코텍,KOSDAQ,전기·전자,11910.0,2115.0,17761589.0,7.2,0.43,1655.0,27942.0,5.922983322596808,14500.0,8430.0,,,,,,,,,,,,,,,False,,,,0,,,44.53,38.53,202603,60.46,123.02,,,,,False,True,True,True,True
194480,데브시스터즈,KOSDAQ,IT 서비스,16700.0,2026.0,12129150.0,19.35,1.1,863.0,15161.0,5.692236659850933,58200.0,13100.0,,,,,,,,,,,,,,,False,,48500.0,190.4191616766467,2,20260130,BUY,0.0,-34.36,202603,-76.64,-25.55,,,,,False,True,True,True,True
061090,세나테크놀로지,KOSDAQ,전기·전자,41150.0,2250.0,5467550.0,12.56,1.3,3277.0,31550.0,10.386687797147385,176400.0,27000.0,,,,,,,,,,,,,,,False,,75000.0,82.26002430133657,1,20260529,BUY,-36.83,-4.31,202603,-24.43,7.56,,,,,False,True,True,True,True
053210,스카이라이프,KOSPI,오락·문화,4130.0,1963.0,47522955.0,28.29,0.36,146.0,11465.0,1.2734409071085913,5510.0,4000.0,,,,,,,,,,,,,,,False,,5150.0,24.69733656174334,2,20260511,Hold,16.24,-1.61,202603,0.0,-25.91,,,,,False,True,True,True,True
237880,클리오,KOSDAQ,화학,10600.0,1916.0,18071353.0,14.11,0.76,751.0,13864.0,5.416907097518753,16750.0,8800.0,,,,,,,,,,,,,,,False,,14000.0,32.075471698113205,1,20260605,BUY,404.16,-4.84,202603,-33.2,9.55,,,,,False,True,True,True,True
034810,해성산업,KOSDAQ,금융,6390.0,2018.0,31580152.0,-9.03,0.28,-708.0,23076.0,-3.068122724908996,9090.0,5350.0,,,,,,,,,,,,,,,False,,,,0,,,179.5,9.87,202603,-41.41,-41.23,,,,,False,True,True,True,True
000540,흥국화재,KOSPI,보험,3155.0,2027.0,64242645.0,1.93,0.27,1638.0,11857.0,13.814624272581597,7480.0,2915.0,,,,,,,,,,,,,,,False,,,,0,,,-60.95,1.51,202412,-60.95,75.03,,,,,False,True,True,True,True
093520,매커스,KOSDAQ,유통,18360.0,2185.0,11901837.0,12.2,1.27,1505.0,14459.0,10.408741960024898,33850.0,16000.0,,,,,,,,,,,,,,,False,,,,0,,,-6.12,-16.56,202603,8.21,-1.99,,,,,False,True,True,True,True
039570,HDC랩스,KOSPI,건설,7670.0,1991.0,25957601.0,16.25,0.66,472.0,11616.0,4.0633608815427,10100.0,7300.0,,,,,,,,,,,,,,,False,,,,0,,,142.24,-8.88,202603,66.16,4.15,,,,,False,True,True,True,True
272110,케이엔제이,KOSDAQ,전기·전자,28550.0,2291.0,8025395.0,8.96,2.31,3185.0,12376.0,25.735294117647058,44600.0,15300.0,,,,,,,,,,,,,,,False,,,,0,,,35.45,80.78,202603,57.2,23.7,,,,,False,True,True,True,True
425040,티이엠씨,KOSDAQ,화학,9330.0,2045.0,21922898.0,12.47,0.99,748.0,9438.0,7.925407925407925,30300.0,6570.0,,,,,,,,,,,,,,,False,,,,0,,,-97.9,-21.44,202603,26.07,-13.67,,,,,False,True,True,True,True
017860,DS단석,KOSPI,화학,11900.0,2113.0,17759139.0,-17.58,0.78,-677.0,15301.0,-4.42454741520162,28400.0,10670.0,,,,,,,,,,,,,,,False,,,,0,,,-51.11,12.1,202603,-34.51,-38.49,,,,,False,True,True,True,True
494120,큐리오시스,KOSDAQ,의료·정밀기기,25550.0,1949.0,7629882.0,-21.27,6.9,-1201.0,3703.0,-32.43316230083716,96400.0,22050.0,,,,,,,,,,,,,,,False,,,,0,,,0.0,-25.46,202603,0.0,0.0,,,,,False,True,True,True,True
014940,오리엔탈정공,KOSDAQ,기계·장비,4275.0,1948.0,45573661.0,10.18,1.55,420.0,2752.0,15.261627906976743,12990.0,4020.0,,,,,,,,,,,,,,,False,,,,0,,,-2.64,10.59,202603,-2.37,43.83,,,,,False,True,True,True,True
046970,우리로,KOSDAQ,유통,4455.0,1952.0,43824999.0,-247.5,4.93,-18.0,903.0,-1.9933554817275747,16200.0,1206.0,,,,,,,,,,,,,,,False,,,,0,,,0.0,63.46,202603,0.0,0.0,,,,,False,True,True,True,True
092870,엑시콘,KOSDAQ,기계·장비,15750.0,2056.0,13050797.0,22.93,1.04,687.0,15111.0,4.546356958507048,41700.0,9350.0,,,,,,,,,,,,,,,False,,,,0,,,0.0,411.9,202603,0.0,-28.57,,,,,False,True,True,True,True
318060,그래피,KOSDAQ,화학,18300.0,2045.0,11173177.0,-15.39,9.67,-1189.0,1893.0,-62.81035393555203,69000.0,8210.0,,,,,,,,,,,,,,,False,,40000.0,118.5792349726776,1,20260701,BUY,0.0,47.49,202603,0.0,0.0,,,,,False,True,True,True,True
068930,디지털대성,KOSDAQ,일반서비스,7200.0,1993.0,27675342.0,9.52,1.35,756.0,5341.0,14.154652686762779,9180.0,6760.0,,,,,,,,,,,,,,,False,,,,0,,,95.92,15.56,202603,33.14,5.34,,,,,False,True,True,True,True
448280,에코아이,KOSDAQ,일반서비스,7120.0,2110.0,29631129.0,118.67,1.68,60.0,4227.0,1.4194464158977997,15700.0,6330.0,,,,,,,,,,,,,,,False,,,,0,,,0.0,51.72,202603,379.37,90.49,,,,,False,True,True,True,True
085910,네오티스,KOSDAQ,운송장비·부품,17750.0,2449.0,13794818.0,58.2,4.27,305.0,4154.0,7.342320654790563,36300.0,3090.0,,,,,,,,,,,,,,,False,,39500.0,122.53521126760563,1,20260529,BUY,36.38,3.36,202603,144.76,48.25,,,,,False,True,True,True,True
353810,이지바이오,KOSDAQ,음식료·담배,6240.0,2064.0,33081920.0,7.48,1.93,834.0,3240.0,25.74074074074074,8560.0,5100.0,,,,,,,,,,,,,,,False,,,,0,,,45.17,11.77,202603,38.9,41.21,,,,,False,True,True,True,True
084850,아이티엠반도체,KOSDAQ,전기·전자,8250.0,1871.0,22682934.0,-2.0,1.8,-4125.0,4571.0,-90.24283526580616,19620.0,8010.0,,,,,,,,,,,,,,,False,,,,0,,,0.0,-4.29,202603,0.0,0.0,,,,,False,True,True,True,True
220100,퓨쳐켐,KOSDAQ,제약,8750.0,1962.0,22427420.0,-17.43,3.6,-502.0,2432.0,-20.641447368421055,35050.0,8500.0,,,,,,,,,,,,,,,False,,,,0,,,0.0,25.29,202603,0.0,0.0,,,,,False,True,True,True,True
001630,종근당홀딩스,KOSPI,제약,39400.0,1974.0,5009861.0,4.88,0.29,8070.0,133813.0,6.030804181955415,59300.0,36400.0,,,,,,,,,,,,,,,False,,,,0,,,61.98,-2.58,202603,64.24,57.64,,,,,False,True,True,True,True
100250,진양홀딩스,KOSPI,화학,3030.0,1936.0,63900000.0,9.68,0.47,313.0,6479.0,4.830992437104491,3580.0,2790.0,,,,,,,,,,,,,,,False,,,,0,,,2.16,4.42,202603,17.7,8.23,,,,,False,True,True,True,True
036190,금화피에스시,KOSDAQ,건설,31600.0,1896.0,6000000.0,6.2,0.48,5099.0,65215.0,7.818753354289658,42500.0,28350.0,,,,,,,,,,,,,,,False,,,,0,,,-79.44,-2.36,202603,21.0,20.02,,,,,False,True,True,True,True
000490,대동,KOSPI,기계·장비,6680.0,1926.0,28826865.0,-10.44,0.37,-640.0,17840.0,-3.587443946188341,13640.0,6520.0,,,,,,,,,,,,,,,False,,,,0,,,-72.27,-2.34,202603,69.18,-9.5,,,,,False,True,True,True,True
013890,지누스,KOSPI,제조,8610.0,1888.0,21925813.0,-10.35,0.29,-832.0,29617.0,-2.8091974204004457,22150.0,8300.0,,,,,,,,,,,,,,,False,,,,0,,,0.0,-44.16,202603,0.0,-24.01,,,,,False,True,True,True,True
069540,빛과전자,KOSDAQ,전기·전자,2490.0,2806.0,112691897.0,-6.55,2.63,-380.0,947.0,-40.12671594508976,8100.0,592.0,,,,,,,,,,,,,,,False,,,,0,,,0.0,-16.47,202603,0.0,0.0,,,,,False,True,True,True,True
003720,삼영,KOSPI,화학,5740.0,1952.0,34000000.0,14.83,2.21,387.0,2595.0,14.913294797687863,13980.0,3815.0,,,,,,,,,,,,,,,False,,,,0,,,165.34,54.52,202603,63.94,77.67,,,,,False,True,True,True,True
308430,셀비온,KOSDAQ,제약,12770.0,1648.0,12905251.0,-19.8,5.53,-645.0,2310.0,-27.92207792207792,42200.0,12260.0,,,,,,,,,,,,,,,False,,,,0,,,0.0,55.64,202412,0.0,0.0,,,,,False,True,True,True,True
475400,씨메스로보틱스,KOSDAQ,기계·장비,15250.0,1801.0,11806894.0,-10.6,3.03,-1439.0,5040.0,-28.5515873015873,46950.0,14310.0,,,,,,,,,,,,,,,False,,,,0,,,0.0,562.04,202603,0.0,0.0,,,,,False,True,True,True,True
491610,1Q CD금리액티브(합성),KOSPI,ETF,104440.0,1914.0,1833000.0,0.0,0.0,0.0,0.0,,104455.0,102465.0,,,,,,,,,,,,,,,False,,,,0,,,,,,,,,,,,False,True,True,True,True
494220,UNICORN SK하이닉스밸류체인액티브,KOSPI,ETF(Active/수익증권),50950.0,1860.0,3650000.0,0.0,0.0,0.0,0.0,,70450.0,10965.0,,,,,,,,,,,,,,,False,,,,0,,,,,,,,,,,,False,True,True,True,True
115450,HLB테라퓨틱스,KOSDAQ,유통,1520.0,1346.0,88580109.0,-14.62,0.89,-104.0,1704.0,-6.103286384976526,4195.0,1342.0,,,,,,,,,,,,,,,False,,,,0,,,0.0,-13.3,202603,0.0,0.0,,,,,False,True,True,True,True
095570,AJ네트웍스,KOSPI,일반서비스,4270.0,1932.0,45252759.0,6.8,0.42,628.0,10216.0,6.1472200469851215,5570.0,3825.0,,,,,,,,,,,,,,,False,,6750.0,58.07962529274005,2,20260227,BUY,26.28,14.67,202603,-6.17,-2.1,,,,,False,True,True,True,True
117580,대성에너지,KOSPI,전기·가스,6970.0,1917.0,27500000.0,11.1,0.58,628.0,12094.0,5.192657516123698,16150.0,6400.0,,,,,,,,,,,,,,,False,,,,0,,,134.02,5.24,202509,0.41,659.51,,,,,False,True,True,True,True
000140,하이트진로홀딩스,KOSPI,금융,8350.0,1938.0,23206765.0,-76.61,0.33,-109.0,25367.0,-0.4296921196830528,11950.0,7310.0,,,,,,,,,,,,,,,False,,,,0,,,-13.81,-3.5,202603,-17.38,3.81,,,,,False,True,True,True,True
357550,석경에이티,KOSDAQ,화학,35850.0,1956.0,5455000.0,51.51,4.42,696.0,8109.0,8.583055863854975,75300.0,32800.0,,,,,,,,,,,,,,,False,,,,0,,,-37.71,-7.85,202603,93.04,8.36,,,,,False,True,True,True,True
094480,갤럭시아머니트리,KOSDAQ,IT 서비스,4720.0,1852.0,39229838.0,22.26,1.56,212.0,3035.0,6.985172981878089,12250.0,4545.0,,,,,,,,,,,,,,,False,,,,0,,,1.3,12.48,202603,39.13,29.89,,,,,False,True,True,True,True
462520,조선내화,KOSPI,비금속,14010.0,1661.0,11855168.0,74.52,0.75,188.0,18686.0,1.0061008241464198,18800.0,13080.0,,,,,,,,,,,,,,,False,,,,0,,,54.27,0.83,202603,19.19,-5.99,,,,,False,True,True,True,True
011500,한농화성,KOSPI,화학,11900.0,1861.0,15637042.0,41.46,1.12,287.0,10587.0,2.710871823935015,29450.0,11300.0,,,,,,,,,,,,,,,False,,,,0,,,0.0,16.52,202412,0.0,-24.92,,,,,False,True,True,True,True
241590,화승엔터프라이즈,KOSPI,섬유·의류,3030.0,1836.0,60589276.0,-6.35,0.4,-477.0,7621.0,-6.2590211258365045,8380.0,2800.0,,,,,,,,,,,,,,,False,,7200.0,137.6237623762376,1,20260413,BUY,0.0,-17.13,202603,-56.77,134.93,,,,,False,True,True,True,True
001130,대한제분,KOSPI,음식료·담배,10760.0,1818.0,16900000.0,-7.2,0.18,-1495.0,61093.0,-2.44708886451803,170900.0,10500.0,,,,,,,,,,,,,,,False,,,,0,,,-55.2,-1.88,202603,-13.9,14.89,,,,,False,True,True,True,True
016790,현대사료,KOSDAQ,음식료·담배,994.0,1873.0,188471729.0,43.22,2.45,23.0,406.0,5.665024630541872,994.0,994.0,,,,,,,,,,,,,,,False,,,,0,,,-87.99,8.05,202603,87.92,29.31,,,,,False,True,True,True,True
112290,와이씨켐,KOSDAQ,화학,9510.0,1923.0,20221090.0,-6.02,2.16,-1581.0,4401.0,-35.92365371506476,28800.0,8970.0,,,,,,,,,,,,,,,False,,,,0,,,0.0,12.9,202412,0.0,45.89,,,,,False,True,True,True,True
446540,메가터치,KOSDAQ,전기·전자,6570.0,1910.0,29079111.0,0.0,0.0,0.0,0.0,,10990.0,3245.0,,,,,,,,,,,,,,,False,,,,0,,,0.0,0.0,202509,0.0,0.0,,,,,False,True,True,True,True
001080,만호제강,KOSPI,금속,4115.0,1708.0,41500000.0,0.0,0.0,0.0,0.0,,56500.0,3695.0,,,,,,,,,,,,,,,False,,,,0,,,0.0,0.0,202509,0.0,0.0,,,,,False,True,True,True,True
128820,대성산업,KOSPI,유통,4115.0,1861.0,45235478.0,-3.06,0.25,-1346.0,16698.0,-8.060845610252725,13140.0,3750.0,,,,,,,,,,,,,,,False,,,,0,,,53.5,-0.94,202603,-50.27,-38.45,,,,,False,True,True,True,True
058970,엠로,KOSDAQ,IT 서비스,14290.0,1767.0,12362794.0,60.04,1.85,238.0,7728.0,3.0797101449275366,51000.0,13790.0,,,,,,,,,,,,,,,False,,43000.0,200.90972708187542,1,20260529,매수,-89.43,5.69,202512,-89.43,-10.98,,,,,False,True,True,True,True
126600,BGF에코머티리얼즈,KOSDAQ,화학,2875.0,1805.0,62766899.0,12.89,0.43,223.0,6634.0,3.361471208923726,6520.0,2650.0,,,,,,,,,,,,,,,False,,,,0,,,-32.95,-6.25,202603,23.81,4.42,,,,,False,True,True,True,True
339770,교촌에프앤비,KOSPI,유통,3605.0,1801.0,49965080.0,10.27,0.95,351.0,3776.0,9.295550847457628,6030.0,3500.0,,,,,,,,,,,,,,,False,,,,0,,,-50.6,-0.99,202603,126.97,90.02,,,,,False,True,True,True,True
044820,코스맥스비티아이,KOSPI,금융,20650.0,1983.0,9603921.0,6.79,0.72,3041.0,28837.0,10.545479765578945,24900.0,11810.0,,,,,,,,,,,,,,,False,,,,0,,,150.91,32.97,202603,60.68,179.71,,,,,False,True,True,True,True
317400,자이에스앤디,KOSPI,부동산,4570.0,1772.0,38782520.0,6.29,0.39,727.0,11817.0,6.152153676906153,5230.0,3050.0,,,,,,,,,,,,,,,False,,6800.0,48.796498905908095,1,20260224,BUY,0.0,-13.57,202603,426.28,97.27,,,,,False,True,True,True,True
071200,인피니트헬스케어,KOSDAQ,IT 서비스,8920.0,2176.0,24396458.0,8.24,1.13,1082.0,7866.0,13.75540300025426,9290.0,5250.0,,,,,,,,,,,,,,,False,,,,0,,,232.68,31.13,202603,84.06,43.75,,,,,False,True,True,True,True
403790,MIDAS 코스피액티브,KOSPI,ETF(Active/수익증권),57835.0,1692.0,2925000.0,0.0,0.0,0.0,0.0,,77630.0,25600.0,,,,,,,,,,,,,,,False,,,,0,,,,,,,,,,,,False,True,True,True,True
053690,한미글로벌,KOSPI,일반서비스,15600.0,1709.0,10957550.0,9.22,0.73,1692.0,21462.0,7.883701425775789,34750.0,15030.0,,,,,,,,,,,,,,,False,,32500.0,108.33333333333333,2,20260619,BUY,-69.56,-8.56,202603,-9.74,0.46,,,,,False,True,True,True,True
200250,KIWOOM 인도Nifty50(합성),KOSPI,ETF(합성복제/수익증권),23040.0,1820.0,7900000.0,0.0,0.0,0.0,0.0,,27030.0,22025.0,,,,,,,,,,,,,,,False,,,,0,,,,,,,,,,,,False,True,True,True,True
099440,스맥,KOSDAQ,기계·장비,2550.0,1740.0,68243394.0,-6.78,1.78,-376.0,1435.0,-26.202090592334493,8340.0,2415.0,,,,,,,,,,,,,,,False,,,,0,,,0.0,-31.07,202603,0.0,32.11,,,,,False,True,True,True,True
108860,셀바스AI,KOSDAQ,IT 서비스,6550.0,1763.0,26914790.0,-29.37,1.6,-223.0,4090.0,-5.452322738386308,17580.0,6270.0,,,,,,,,,,,,,,,False,,,,0,,,0.0,0.76,202603,85.27,-5.29,,,,,False,True,True,True,True
045390,대아티아이,KOSDAQ,전기·전자,2505.0,1765.0,70473377.0,8.64,1.14,290.0,2189.0,13.24805847418913,5860.0,2445.0,,,,,,,,,,,,,,,False,,,,0,,,-60.36,-27.57,202603,-3.08,17.74,,,,,False,True,True,True,True
102460,이연제약,KOSPI,제약,10320.0,1918.0,18586811.0,-6.47,0.86,-1594.0,12010.0,-13.272273105745214,13200.0,9100.0,,,,,,,,,,,,,,,False,,,,0,,,0.0,-1.92,202603,0.0,-20.05,,,,,False,True,True,True,True
091580,상신이디피,KOSDAQ,전기·전자,14680.0,1957.0,13328219.0,97.22,1.22,151.0,12012.0,1.257076257076257,31550.0,7530.0,,,,,,,,,,,,,,,False,,35000.0,138.41961852861036,1,20260518,BUY,0.0,26.87,202603,0.0,-2.6,,,,,False,True,True,True,True
036560,KZ정밀,KOSDAQ,기계·장비,11510.0,1813.0,15750000.0,9.44,0.38,1219.0,30627.0,3.980148235217292,19130.0,11110.0,,,,,,,,,,,,,,,False,,,,0,,,-26.94,-18.74,202412,-26.94,29.06,,,,,False,True,True,True,True
192440,슈피겐코리아,KOSDAQ,기타제조,28450.0,1769.0,6216363.0,6.09,0.31,4669.0,91806.0,5.085724244602749,34950.0,21000.0,,,,,,,,,,,,,,,False,,,,0,,,21.49,3.9,202603,52.71,-5.93,,,,,False,True,True,True,True
234080,JW생명과학,KOSPI,제약,11150.0,1766.0,15834554.0,6.17,0.78,1807.0,14245.0,12.685152685152683,15580.0,10600.0,,,,,,,,,,,,,,,False,,,,0,,,1.31,-7.44,202603,-7.29,7.61,,,,,False,True,True,True,True
016580,환인제약,KOSPI,제약,9730.0,1810.0,18600070.0,13.31,0.43,731.0,22777.0,3.2093778811959432,13200.0,9160.0,,,,,,,,,,,,,,,False,,17000.0,74.71736896197328,1,20260429,Buy,77.69,18.23,202603,-39.44,-22.33,,,,,False,True,True,True,True
294570,쿠콘,KOSDAQ,IT 서비스,17060.0,1722.0,10091732.0,0.0,0.0,0.0,0.0,,51400.0,16530.0,,,,,,,,,,,,,,,False,,,,0,,,0.0,0.0,202509,0.0,0.61,,,,,False,True,True,True,True
013580,계룡건설,KOSPI,건설,18880.0,1686.0,8930907.0,1.69,0.18,11193.0,106029.0,10.556545850663497,33300.0,16340.0,,,,,,,,,,,,,,,False,,,,0,,,31.08,0.32,202603,91.49,17.95,,,,,False,True,True,True,True
002100,경농,KOSPI,화학,9090.0,1775.0,19522575.0,9.52,0.62,955.0,14751.0,6.474137346620568,11900.0,8550.0,,,,,,,,,,,,,,,False,,,,0,,,-3.77,12.26,202603,7.4,-8.36,,,,,False,True,True,True,True
394800,쓰리빌리언,KOSDAQ,일반서비스,5430.0,1728.0,31822553.0,-31.75,7.31,-171.0,743.0,-23.014804845222073,20100.0,5310.0,,,,,,,,,,,,,,,False,,,,0,,,0.0,67.79,202603,0.0,0.0,,,,,False,True,True,True,True
007860,서연,KOSPI,금융,7400.0,1738.0,23479844.0,3.11,0.18,2380.0,40447.0,5.884243578015675,12470.0,7270.0,,,,,,,,,,,,,,,False,,,,0,,,-2.14,10.07,202603,-17.5,4.3,,,,,False,True,True,True,True
066620,국보디자인,KOSDAQ,건설,24800.0,1860.0,7500000.0,4.69,0.52,5293.0,47874.0,11.056105610561056,26750.0,19660.0,,,,,,,,,,,,,,,False,,,,0,,,-9.58,0.24,202603,9.74,17.03,,,,,False,True,True,True,True
003350,한국화장품제조,KOSPI,화학,7680.0,1740.0,22660000.0,0.0,0.0,0.0,0.0,,71300.0,6750.0,,,,,,,,,,,,,,,False,,,,0,,,0.0,0.0,202509,0.0,0.0,,,,,False,True,True,True,True
003220,대원제약,KOSPI,제약,7560.0,1696.0,22427583.0,-121.94,0.61,-62.0,12407.0,-0.499717901184815,13670.0,7200.0,,,,,,,,,,,,,,,False,,15000.0,98.4126984126984,1,20260128,BUY,-53.43,0.14,202603,-87.66,-41.72,,,,,False,True,True,True,True
458210,KIWOOM CD금리액티브(합성),KOSPI,ETF,110170.0,1777.0,1613000.0,0.0,0.0,0.0,0.0,,110170.0,107280.0,,,,,,,,,,,,,,,False,,,,0,,,,,,,,,,,,False,True,True,True,True
049430,코메론,KOSDAQ,의료·정밀기기,19180.0,1735.0,9048000.0,7.69,0.68,2493.0,28066.0,8.882633791776527,23650.0,10180.0,,,,,,,,,,,,,,,False,,,,0,,,0.3,-0.46,202603,-9.76,23.62,,,,,False,True,True,True,True
138610,나이벡,KOSDAQ,제약,14530.0,1652.0,11367793.0,0.0,0.0,0.0,0.0,,54300.0,14250.0,,,,,,,,,,,,,,,False,,,,0,,,0.0,0.0,202509,0.0,0.0,,,,,False,True,True,True,True
377450,리파인,KOSDAQ,IT 서비스,9980.0,1730.0,17330000.0,8.39,0.87,1190.0,11535.0,10.316428261811877,19020.0,8420.0,,,,,,,,,,,,,,,False,,,,0,,,-9.08,2.05,202412,-9.08,0.68,,,,,False,True,True,True,True
078150,HB테크놀러지,KOSDAQ,기계·장비,1899.0,1761.0,92715916.0,6.21,0.59,306.0,3208.0,9.53865336658354,6140.0,1701.0,,,,,,,,,,,,,,,False,,,,0,,,0.0,21.03,202603,0.0,0.0,,,,,False,True,True,True,True
187870,디바이스,KOSDAQ,기계·장비,12730.0,1753.0,13770060.0,10.36,1.06,1229.0,11958.0,10.277638401070414,41000.0,10730.0,,,,,,,,,,,,,,,False,,,,0,,,0.0,259.95,202603,310.55,80.29,,,,,False,True,True,True,True
036710,심텍홀딩스,KOSDAQ,일반서비스,3370.0,1780.0,52827754.0,-4.64,6.95,-727.0,485.0,-149.89690721649484,6500.0,1463.0,,,,,,,,,,,,,,,False,,,,0,,,0.0,36.63,202603,0.0,0.0,,,,,False,True,True,True,True
003460,유화증권,KOSPI,증권,3025.0,1715.0,56702415.0,12.6,0.41,240.0,7363.0,3.259540947983159,4940.0,2620.0,,,,,,,,,,,,,,,False,,,,0,,,0.0,16.49,202412,0.0,0.0,,,,,False,True,True,True,True
216080,제테마,KOSDAQ,제약,4515.0,1684.0,37287099.0,-24.54,2.48,-184.0,1818.0,-10.121012101210122,11280.0,4040.0,,,,,,,,,,,,,,,False,,,,0,,,0.0,1.08,202603,-7.1,4.91,,,,,False,True,True,True,True
010580,에스엠벡셀,KOSPI,운송장비·부품,1595.0,1774.0,111251760.0,159.5,2.63,10.0,606.0,1.65016501650165,3495.0,1474.0,,,,,,,,,,,,,,,False,,,,0,,,-44.92,-14.88,202412,-44.92,43.89,,,,,False,True,True,True,True
098120,마이크로컨텍솔,KOSDAQ,전기·전자,22000.0,1829.0,8312766.0,10.83,2.25,2031.0,9781.0,20.76474798077906,40550.0,15500.0,,,,,,,,,,,,,,,False,,,,0,,,7.99,8.9,202603,73.9,35.12,,,,,False,True,True,True,True
102260,동성케미컬,KOSPI,화학,3435.0,1741.0,50669591.0,5.24,0.37,656.0,9162.0,7.160008731717965,4817.0,3300.0,,,,,,,,,,,,,,,False,,,,0,,,19.88,0.57,202603,23.08,26.58,,,,,False,True,True,True,True
073490,LIG아큐버,KOSDAQ,전기·전자,23900.0,1817.0,7603846.0,-151.27,1.09,-158.0,21991.0,-0.7184757400754854,62500.0,18280.0,,,,,,,,,,,,,,,False,,80000.0,234.72803347280333,1,20260421,BUY,0.0,19.99,202603,0.0,-34.86,,,,,False,True,True,True,True
000300,DH오토넥스,KOSPI,운송장비·부품,4200.0,1740.0,41437055.0,37.5,4.81,112.0,874.0,12.814645308924485,4200.0,1984.0,,,,,,,,,,,,,,,False,,,,0,,,83.4,46.9,202603,0.0,0.0,,,,,False,True,True,True,True
041920,메디아나,KOSDAQ,의료·정밀기기,9190.0,1709.0,18598223.0,32.36,1.25,284.0,7340.0,3.8692098092643055,29600.0,4850.0,,,,,,,,,,,,,,,False,,,,0,,,28.08,6.99,202603,354.5,85.68,,,,,False,True,True,True,True
035510,신세계 I&C,KOSPI,IT 서비스,12140.0,1697.0,13980900.0,6.17,0.37,1968.0,32954.0,5.971960915215148,29300.0,11900.0,,,,,,,,,,,,,,,False,,,,0,,,16.7,3.78,202603,32.91,10.62,,,,,False,True,True,True,True
036170,에이치엠넥스,KOSDAQ,전기·전자,2880.0,1767.0,61365626.0,16.18,1.29,178.0,2239.0,7.949977668602054,10240.0,801.0,,,,,,,,,,,,,,,False,,,,0,,,2700.65,202.95,202603,644.14,916.88,,,,,False,True,True,True,True
016450,한세예스24홀딩스,KOSPI,섬유·의류,4210.0,1684.0,40000000.0,-5.09,0.36,-827.0,11650.0,-7.098712446351932,5040.0,3750.0,,,,,,,,,,,,,,,False,,,,0,,,2.18,0.97,202603,-57.0,-26.13,,,,,False,True,True,True,True
092130,이크레더블,KOSDAQ,IT 서비스,14100.0,1698.0,12043600.0,13.19,3.98,1069.0,3547.0,30.138144911192555,18490.0,13320.0,,,,,,,,,,,,,,,False,,,,0,,,10.27,13.4,202603,4.14,-3.94,,,,,False,True,True,True,True
214180,헥토이노베이션,KOSDAQ,IT 서비스,13290.0,1727.0,12993367.0,5.71,0.75,2329.0,17664.0,13.185009057971014,25700.0,12550.0,,,,,,,,,,,,,,,False,,28000.0,110.68472535741158,1,20260507,매수,24.14,25.41,202603,2.71,12.63,,,,,False,True,True,True,True
119610,인터로조,KOSDAQ,의료·정밀기기,14920.0,1703.0,11413747.0,14.96,1.21,997.0,12312.0,8.09779077322937,23100.0,14700.0,,,,,,,,,,,,,,,False,,,,0,,,185.91,32.82,202603,234.97,56.16,,,,,False,True,True,True,True
039840,디오,KOSDAQ,의료·정밀기기,12200.0,1637.0,13415828.0,-131.18,0.85,-93.0,14316.0,-0.6496227996647108,19640.0,11420.0,,,,,,,,,,,,,,,False,,,,0,,,172.46,15.41,202603,0.0,0.0,,,,,False,True,True,True,True
042420,네오위즈홀딩스,KOSDAQ,IT 서비스,21950.0,1787.0,8142283.0,5.56,0.39,3946.0,56817.0,6.94510445817273,31000.0,18640.0,,,,,,,,,,,,,,,False,,,,0,,,-33.93,13.75,202603,170.64,112.05,,,,,False,True,True,True,True
002150,도화엔지니어링,KOSPI,일반서비스,4870.0,1642.0,33720000.0,22.44,0.64,217.0,7625.0,2.8459016393442624,7650.0,4635.0,,,,,,,,,,,,,,,False,,,,0,,,0.0,-1.3,202603,0.0,27.78,,,,,False,True,True,True,True
243840,신흥에스이씨,KOSDAQ,전기·전자,4310.0,1662.0,38558235.0,-33.67,0.55,-128.0,7821.0,-1.6366193581383457,12290.0,3890.0,,,,,,,,,,,,,,,False,,11350.0,163.34106728538282,2,20260518,BUY,0.0,19.5,202603,-55.0,-28.03,,,,,False,True,True,True,True
143240,사람인,KOSDAQ,IT 서비스,15620.0,1676.0,10732731.0,1.99,0.61,7852.0,25433.0,30.873274879094094,18400.0,12570.0,,,,,,,,,,,,,,,False,,,,0,,,117.38,0.86,202603,-21.11,-24.9,,,,,False,True,True,True,True
024840,KBI메탈,KOSDAQ,금속,4555.0,1891.0,41524419.0,-4555.0,1.31,-1.0,3484.0,-0.02870264064293915,11760.0,1620.0,,,,,,,,,,,,,,,False,,,,0,,,202.32,14.22,202603,39.15,69.6,,,,,False,True,True,True,True
054210,이랜텍,KOSDAQ,전기·전자,6960.0,1760.0,25291210.0,7.6,0.65,916.0,10776.0,8.5003711952487,14490.0,6510.0,,,,,,,,,,,,,,,False,,18000.0,158.6206896551724,1,20260325,매수,0.0,94.18,202603,168.1,19.72,,,,,False,True,True,True,True
416180,신성에스티,KOSDAQ,운송장비·부품,18100.0,1636.0,9039778.0,296.72,1.55,61.0,11704.0,0.5211893369788106,52500.0,17110.0,,,,,,,,,,,,,,,False,,,,0,,,0.0,70.78,202603,-74.21,-20.99,,,,,False,True,True,True,True
053300,한국정보인증,KOSDAQ,IT 서비스,4150.0,1685.0,40591096.0,6.73,0.81,617.0,5107.0,12.081456823967104,8480.0,4000.0,,,,,,,,,,,,,,,False,,,,0,,,45.39,5.68,202603,43.49,22.47,,,,,False,True,True,True,True
084990,헬릭스미스,KOSDAQ,일반서비스,3390.0,1563.0,46092797.0,-376.67,1.1,-9.0,3083.0,-0.2919234511839118,9960.0,2795.0,,,,,,,,,,,,,,,False,,,,0,,,0.0,-40.36,202603,0.0,0.0,,,,,False,True,True,True,True
204610,티쓰리,KOSDAQ,IT 서비스,2960.0,1643.0,55521220.0,10.76,1.61,275.0,1837.0,14.97005988023952,3795.0,1660.0,,,,,,,,,,,,,,,False,,,,0,,,69.85,37.8,202603,61.68,19.95,,,,,False,True,True,True,True
176750,듀켐바이오,KOSDAQ,제약,5890.0,1678.0,28488720.0,25.83,3.39,228.0,1737.0,13.126079447322972,12770.0,5530.0,,,,,,,,,,,,,,,False,,,,0,,,87.53,14.72,202603,46.64,93.74,,,,,False,True,True,True,True
245620,EDGC,KOSDAQ,일반서비스,741.0,1671.0,225531114.0,0.61,-0.76,1224.0,-980.0,-124.89795918367348,741.0,415.0,,,,,,,,,,,,,,,False,,,,0,,,0.0,-67.44,202603,0.0,0.0,,,,,False,True,True,True,True
038390,레드캡투어,KOSDAQ,일반서비스,9960.0,1665.0,16720822.0,7.03,0.83,1416.0,12037.0,11.763728503780012,13500.0,9270.0,,,,,,,,,,,,,,,False,,,,0,,,0.35,-12.26,202603,7.37,8.83,,,,,False,True,True,True,True
190510,나무가,KOSDAQ,전기·전자,12380.0,1744.0,14085317.0,7.28,1.01,1700.0,12226.0,13.904793063962048,28600.0,11500.0,,,,,,,,,,,,,,,False,,,,0,,,-58.79,-30.33,202603,34.54,-1.03,,,,,False,True,True,True,True
256840,한국비엔씨,KOSDAQ,제약,2320.0,1587.0,68394886.0,55.24,0.68,42.0,3417.0,1.2291483757682178,6180.0,2230.0,,,,,,,,,,,,,,,False,,,,0,,,0.0,-18.45,202603,-84.77,-2.57,,,,,False,True,True,True,True
153890,져스텍,KOSDAQ,전기·전자,8410.0,1013.0,12050305.0,-57.21,8.37,-147.0,1005.0,-14.626865671641792,42500.0,7800.0,,,,,,,,,,,,,,,False,,,,0,,,0.0,30.92,202603,0.0,-1.21,,,,,False,True,True,True,True
002170,SYTS,KOSPI,섬유·의류,55700.0,1671.0,3000000.0,6.98,0.32,7984.0,171777.0,4.647886504013925,62700.0,49050.0,,,,,,,,,,,,,,,False,,,,0,,,-57.12,-14.78,202603,-7.75,4.28,,,,,False,True,True,True,True
012860,모베이스전자,KOSDAQ,운송장비·부품,2225.0,1629.0,73233457.0,8.18,0.66,272.0,3346.0,8.12910938433951,7070.0,1262.0,,,,,,,,,,,,,,,False,,,,0,,,-8.17,0.36,202603,6.98,-1.97,,,,,False,True,True,True,True
354320,알멕,KOSDAQ,금속,28400.0,1815.0,6391381.0,-138.54,1.21,-205.0,23535.0,-0.8710431272572764,104000.0,18900.0,,,,,,,,,,,,,,,False,,,,0,,,61.1,0.14,202603,0.0,13.53,,,,,False,True,True,True,True
484120,도우인시스,KOSDAQ,전기·전자,15170.0,1662.0,10957422.0,309.59,0.98,49.0,15451.0,0.3171315772441913,59000.0,13470.0,,,,,,,,,,,,,,,False,,,,0,,,0.0,61.26,202603,-65.09,-24.01,,,,,False,True,True,True,True
003610,방림,KOSPI,섬유·의류,5150.0,1654.0,32110778.0,31.4,0.92,164.0,5603.0,2.927003391040514,6280.0,4250.0,,,,,,,,,,,,,,,False,,,,0,,,0.0,6.34,202603,0.0,0.0,,,,,False,True,True,True,True
005960,동부건설,KOSPI,건설,6790.0,1558.0,22946663.0,3.02,0.28,2251.0,24189.0,9.305882839307122,10610.0,5180.0,,,,,,,,,,,,,,,False,,,,0,,,-32.63,4.41,202603,0.0,-8.93,,,,,False,True,True,True,True
322310,오로스테크놀로지,KOSDAQ,기계·장비,18000.0,1686.0,9366542.0,-26.24,2.62,-686.0,6873.0,-9.981085406663755,52000.0,16670.0,,,,,,,,,,,,,,,False,,,,0,,,0.0,-59.64,202603,0.0,52.24,,,,,False,True,True,True,True
459510,나우로보틱스,KOSDAQ,기계·장비,11890.0,1543.0,12978382.0,0.0,0.0,0.0,0.0,,38250.0,11350.0,,,,,,,,,,,,,,,False,,,,0,,,0.0,165.64,202603,0.0,0.0,,,,,False,True,True,True,True
004560,현대비앤지스틸,KOSPI,금속,10920.0,1647.0,15078811.0,11.19,0.32,976.0,34303.0,2.8452321954348014,25500.0,10450.0,,,,,,,,,,,,,,,False,,,,0,,,238.87,6.54,202603,-15.46,-5.15,,,,,False,True,True,True,True
123860,아나패스,KOSDAQ,전기·전자,13100.0,1588.0,12123415.0,8.4,2.18,1559.0,5997.0,25.996331499082874,22900.0,12820.0,,,,,,,,,,,,,,,False,,,,0,,,348.44,154.96,202412,348.44,116.15,,,,,False,True,True,True,True
064550,바이오니아,KOSDAQ,제약,6050.0,1562.0,25810291.0,-55.5,0.74,-109.0,8124.0,-1.3417035942885278,17200.0,5890.0,,,,,,,,,,,,,,,False,,,,0,,,0.0,10.69,202603,0.0,-31.05,,,,,False,True,True,True,True
033530,SJG세종,KOSPI,운송장비·부품,5880.0,1636.0,27820961.0,2.38,0.3,2471.0,19312.0,12.795153272576638,12640.0,4220.0,,,,,,,,,,,,,,,False,,,,0,,,63.33,6.88,202603,40.89,38.88,,,,,False,True,True,True,True
032580,피델릭스,KOSDAQ,전기·전자,4810.0,1594.0,33132064.0,-71.79,3.34,-67.0,1438.0,-4.659248956884562,9790.0,850.0,,,,,,,,,,,,,,,False,,,,0,,,0.0,-15.11,202412,0.0,-7.98,,,,,False,True,True,True,True
487570,HS효성,KOSPI,금융,42850.0,1597.0,3725927.0,8.14,0.31,5263.0,139520.0,3.7722190366972477,81000.0,41450.0,,,,,,,,,,,,,,,False,,,,0,,,3.83,-0.73,202603,117.14,58.57,,,,,False,True,True,True,True
464080,에스오에스랩,KOSDAQ,의료·정밀기기,7900.0,1418.0,17947045.0,-10.97,4.37,-720.0,1808.0,-39.823008849557525,28700.0,7590.0,,,,,,,,,,,,,,,False,,,,0,,,0.0,20.29,202412,0.0,0.0,,,,,False,True,True,True,True
101530,해태제과식품,KOSPI,음식료·담배,5610.0,1633.0,29116822.0,7.01,0.48,800.0,11639.0,6.873442735630208,8080.0,5350.0,,,,,,,,,,,,,,,False,,,,0,,,-20.66,-0.78,202603,-13.74,30.3,,,,,False,True,True,True,True
046120,오르비텍,KOSDAQ,일반서비스,4525.0,1532.0,33855433.0,156.03,1.98,29.0,2282.0,1.2708150744960562,16410.0,3240.0,,,,,,,,,,,,,,,False,,,,0,,,0.0,62.95,202603,0.0,0.0,,,,,False,True,True,True,True
000860,강남제비스코,KOSPI,화학,13500.0,1755.0,13000000.0,-65.22,0.28,-207.0,47663.0,-0.43429914189203367,18880.0,11110.0,,,,,,,,,,,,,,,False,,,,0,,,23.34,4.19,202603,-59.6,118.31,,,,,False,True,True,True,True
015230,대창단조,KOSPI,운송장비·부품,5890.0,1599.0,27143620.0,5.85,0.46,1007.0,12806.0,7.863501483679524,7490.0,5370.0,,,,,,,,,,,,,,,False,,,,0,,,2.31,12.76,202603,26.47,-5.21,,,,,False,True,True,True,True
000390,SP삼화,KOSPI,화학,5950.0,1619.0,27203469.0,21.1,0.47,282.0,12683.0,2.223448710872822,14300.0,5570.0,,,,,,,,,,,,,,,False,,,,0,,,0.0,8.28,202603,-49.69,-15.37,,,,,False,True,True,True,True
067080,대화제약,KOSDAQ,제약,10150.0,1890.0,18616650.0,114.04,2.4,89.0,4229.0,2.104516434145188,24900.0,8390.0,,,,,,,,,,,,,,,False,,,,0,,,-59.81,0.99,202603,-52.89,40.84,,,,,False,True,True,True,True
251370,와이엠티,KOSDAQ,화학,9250.0,1666.0,18013213.0,-91.58,0.84,-101.0,10953.0,-0.9221217931160413,23500.0,8710.0,,,,,,,,,,,,,,,False,,,,0,,,67.66,0.05,202603,259.59,86.53,,,,,False,True,True,True,True
143160,아이디스,KOSDAQ,전기·전자,14960.0,1603.0,10716390.0,9.4,0.61,1591.0,24487.0,6.497325111283538,20750.0,13670.0,,,,,,,,,,,,,,,False,,,,0,,,-22.91,-2.33,202603,32.05,-5.19,,,,,False,True,True,True,True
338840,와이바이오로직스,KOSDAQ,일반서비스,9760.0,1500.0,15366681.0,-22.59,7.94,-432.0,1229.0,-35.15052888527258,38000.0,9000.0,,,,,,,,,,,,,,,False,,,,0,,,0.0,65.64,202412,0.0,0.0,,,,,False,True,True,True,True
314130,지놈앤컴퍼니,KOSDAQ,제약,3590.0,1622.0,45178153.0,-20.87,1.49,-172.0,2402.0,-7.160699417152373,10180.0,2440.0,,,,,,,,,,,,,,,False,,,,0,,,0.0,-8.99,202603,0.0,0.0,,,,,False,True,True,True,True
122990,와이솔,KOSDAQ,전기·전자,5950.0,1585.0,26639081.0,-3.96,0.54,-1504.0,11034.0,-13.630596338589813,9340.0,5370.0,,,,,,,,,,,,,,,False,,,,0,,,0.0,13.81,202603,0.0,-32.19,,,,,False,True,True,True,True
066410,버킷스튜디오,KOSDAQ,통신,1153.0,1596.0,138453818.0,-3.57,1.21,-323.0,950.0,-34.0,1153.0,1153.0,,,,,,,,,,,,,,,False,,,,0,,,0.0,15.18,202603,0.0,0.0,,,,,False,True,True,True,True
004380,삼익THK,KOSPI,기계·장비,7520.0,1557.0,20700000.0,-3.5,0.99,-2146.0,7604.0,-28.221988427143607,14650.0,7380.0,,,,,,,,,,,,,,,False,,,,0,,,0.0,10.19,202603,0.0,-52.75,,,,,False,True,True,True,True
046070,코다코,KOSDAQ,운송장비·부품,10280.0,1592.0,15486089.0,-25.01,11.62,-411.0,885.0,-46.440677966101696,10280.0,10280.0,,,,,,,,,,,,,,,False,,,,0,,,-2.73,-12.08,202603,0.0,0.0,,,,,False,True,True,True,True
009470,삼화전기,KOSPI,전기·전자,23100.0,1528.0,6613820.0,16.19,1.62,1427.0,14219.0,10.035867501230749,59500.0,22250.0,,,,,,,,,,,,,,,False,,,,0,,,190.09,-6.9,202603,-51.44,40.85,,,,,False,True,True,True,True
199820,제일일렉트릭,KOSDAQ,전기·전자,6970.0,1549.0,22220000.0,23.39,0.99,298.0,7066.0,4.217378998018681,22300.0,6530.0,,,,,,,,,,,,,,,False,,,,0,,,-6.24,1.9,202603,32.11,17.33,,,,,False,True,True,True,True
255220,SG,KOSDAQ,비금속,1371.0,1502.0,109563302.0,-62.32,1.21,-22.0,1130.0,-1.9469026548672566,3630.0,1336.0,,,,,,,,,,,,,,,False,,,,0,,,0.0,-37.28,202603,0.0,0.0,,,,,False,True,True,True,True
024060,흥구석유,KOSDAQ,유통,12680.0,1902.0,15000000.0,309.27,2.39,41.0,5307.0,0.7725645374034295,36200.0,8920.0,,,,,,,,,,,,,,,False,,,,0,,,0.0,-7.77,202412,0.0,-31.61,,,,,False,True,True,True,True
007570,일양약품,KOSPI,제약,8230.0,1571.0,19085664.0,23.25,0.64,354.0,12934.0,2.7369723210143806,16240.0,7290.0,,,,,,,,,,,,,,,False,,,,0,,,0.0,4.99,202603,-48.43,-24.91,,,,,False,True,True,True,True
040350,크레오에스지,KOSDAQ,IT 서비스,8220.0,1605.0,19520532.0,-18.64,3.38,-441.0,2430.0,-18.14814814814815,12800.0,236.0,,,,,,,,,,,,,,,False,,,,0,,,0.0,30.49,202603,0.0,0.0,,,,,False,True,True,True,True
213500,한솔제지,KOSPI,종이·목재,6880.0,1637.0,23800576.0,42.21,0.23,163.0,29322.0,0.5558965964122502,9390.0,5930.0,,,,,,,,,,,,,,,False,,,,0,,,-44.73,-2.74,202603,127.05,3.29,,,,,False,True,True,True,True
024800,유성티엔에스,KOSDAQ,운송·창고,4145.0,1536.0,37051812.0,2.8,0.26,1480.0,15883.0,9.318138890637789,5980.0,2110.0,,,,,,,,,,,,,,,False,,,,0,,,223.47,-41.96,202603,-75.12,12.6,,,,,False,True,True,True,True
125020,티씨머티리얼즈,KOSDAQ,전기·전자,4960.0,1738.0,35038550.0,26.67,2.98,186.0,1664.0,11.177884615384617,10410.0,2990.0,,,,,,,,,,,,,,,False,,,,0,,,25.76,20.56,202412,25.76,145.39,,,,,False,True,True,True,True
108380,대양전기공업,KOSDAQ,운송장비·부품,16360.0,1565.0,9567333.0,6.31,0.56,2591.0,29042.0,8.921561875903864,36650.0,15430.0,6.102428289007423,2680.9,2120.0,26.457547169811324,2301.0,271.0,248.0,17.2,72.5,157.0,196.0,1963.0,320.0,133.9,True,271.0,35000.0,113.93643031784842,1,20260619,Buy,9.86,-8.53,202603,72.51,130.85,2025.12E,2024.12,20260327,매수,False,True,True,True,True
072870,메가스터디,KOSDAQ,오락·문화,13070.0,1558.0,11920959.0,5.71,0.44,2290.0,29432.0,7.780646914922533,13710.0,10680.0,,,,,,,,,,,,,,,False,,,,0,,,-8.12,-4.3,202603,-13.61,33.65,,,,,False,True,True,True,True
464240,KIWOOM 26-09회사채(AA-이상)액티브,KOSPI,ETF(Active/수익증권),52190.0,1566.0,3000000.0,0.0,0.0,0.0,0.0,,54305.0,51470.0,,,,,,,,,,,,,,,False,,,,0,,,,,,,,,,,,False,True,True,True,True
080160,모두투어,KOSDAQ,일반서비스,8210.0,1552.0,18900000.0,10.7,1.62,767.0,5081.0,15.09545365085613,17500.0,7690.0,,,,,,,,,,,,,,,False,,11000.0,33.982947624847746,1,20260710,BUY,-64.39,-6.05,202603,52.13,-1.85,,,,,False,True,True,True,True
082800,비보존 제약,KOSDAQ,제약,2380.0,1445.0,60719666.0,-3.91,1.73,-609.0,1379.0,-44.16243654822335,8800.0,2150.0,,,,,,,,,,,,,,,False,,,,0,,,0.0,-24.1,202603,0.0,3.45,,,,,False,True,True,True,True
051370,인터플렉스,KOSDAQ,전기·전자,6670.0,1556.0,23327472.0,4.73,0.5,1410.0,13306.0,10.596723282729597,14670.0,6140.0,,,,,,,,,,,,,,,False,,12000.0,79.91004497751123,1,20260618,BUY,-38.35,-2.09,202603,-16.66,8.38,,,,,False,True,True,True,True
307180,아이엘,KOSDAQ,전기·전자,4120.0,1521.0,36915676.0,-10.43,6.39,-395.0,645.0,-61.240310077519375,10400.0,2400.0,,,,,,,,,,,,,,,False,,,,0,,,-92.01,-0.99,202603,0.0,0.0,,,,,False,True,True,True,True
031440,신세계푸드,KOSPI,일반서비스,39900.0,1545.0,3872480.0,2.0,0.4,19939.0,98997.0,20.141014374172954,58800.0,35250.0,,,,,,,,,,,,,,,False,,,,0,,,-20.29,3.51,202603,4475.7,1468.17,,,,,False,True,True,True,True
007330,푸른저축은행,KOSDAQ,금융,10130.0,1528.0,15082800.0,0.0,0.0,0.0,0.0,,14050.0,9330.0,,,,,,,,,,,,,,,False,,,,0,,,0.0,0.0,202509,0.0,0.0,,,,,False,True,True,True,True
394420,리센스메디컬,KOSDAQ,의료·정밀기기,12740.0,1393.0,10934938.0,-6.19,17.17,-2058.0,742.0,-277.35849056603774,39900.0,12420.0,,,,,,,,,,,,,,,False,,40000.0,213.97174254317113,1,20260527,BUY,0.0,-54.68,202603,0.0,0.0,,,,,False,True,True,True,True
079960,동양이엔피,KOSDAQ,전기·전자,19860.0,1561.0,7860000.0,3.16,0.34,6293.0,58388.0,10.777899568404466,38050.0,17750.0,,,,,,,,,,,,,,,False,,,,0,,,-59.0,-24.84,202603,3.87,26.28,,,,,False,True,True,True,True
023910,대한약품,KOSDAQ,제약,25300.0,1518.0,6000000.0,0.0,0.0,0.0,0.0,,33800.0,24000.0,,,,,,,,,,,,,,,False,,,,0,,,0.0,0.0,202509,0.0,0.0,,,,,False,True,True,True,True
092200,디아이씨,KOSPI,운송장비·부품,4030.0,1567.0,38888569.0,-14.87,1.1,-271.0,3657.0,-7.410445720535959,15150.0,3850.0,,,,,,,,,,,,,,,False,,,,0,,,-66.05,-14.47,202603,-15.03,-13.05,,,,,False,True,True,True,True
011040,경동제약,KOSDAQ,제약,4960.0,1526.0,30768766.0,17.91,0.6,277.0,8234.0,3.3641000728685935,6890.0,4700.0,,,,,,,,,,,,,,,False,,,,0,,,57.57,4.37,202603,192.2,64.07,,,,,False,True,True,True,True
001780,알루코,KOSPI,금속,1606.0,1555.0,96830132.0,10.04,0.48,160.0,3371.0,4.746366063482646,3495.0,1566.0,,,,,,,,,,,,,,,False,,,,0,,,-39.75,-15.85,202603,-8.29,0.56,,,,,False,True,True,True,True
222040,코스맥스엔비티,KOSDAQ,음식료·담배,7940.0,1638.0,20628000.0,-10.89,3.69,-729.0,2152.0,-33.87546468401487,9200.0,2860.0,,,,,,,,,,,,,,,False,,,,0,,,1080.07,29.21,202603,-59.59,119.23,,,,,False,True,True,True,True
093190,빅솔론,KOSDAQ,전기·전자,8030.0,1545.0,19238905.0,8.43,0.59,952.0,13716.0,6.9407990667833195,9870.0,5290.0,,,,,,,,,,,,,,,False,,,,0,,,390.53,35.31,202603,68.84,2.46,,,,,False,True,True,True,True
014710,사조씨푸드,KOSPI,음식료·담배,9310.0,1603.0,17218543.0,-5.69,0.78,-1637.0,11978.0,-13.666722324261146,10800.0,6480.0,,,,,,,,,,,,,,,False,,,,0,,,-36.32,42.76,202603,27.88,9.29,,,,,False,True,True,True,True
365660,레몬헬스케어,KOSDAQ,IT 서비스,7100.0,948.0,13351559.0,0.0,0.0,0.0,0.0,,20300.0,6940.0,,,,,,,,,,,,,,,False,,,,0,,,,,,,,,,,,False,True,True,True,True
060150,인선이엔티,KOSDAQ,일반서비스,3115.0,1419.0,45563612.0,-13.26,0.44,-235.0,7036.0,-3.339965889710063,6050.0,2885.0,,,,,,,,,,,,,,,False,,,,0,,,-13.09,-1.97,202603,-21.36,-17.96,,,,,False,True,True,True,True
495330,1Q 코리아밸류업,KOSPI,ETF(실물복제/수익증권),32640.0,1404.0,4300000.0,0.0,0.0,0.0,0.0,,42780.0,11990.0,,,,,,,,,,,,,,,False,,,,0,,,,,,,,,,,,False,True,True,True,True
123410,코리아에프티,KOSDAQ,운송장비·부품,5120.0,1425.0,27841064.0,3.25,0.55,1577.0,9358.0,16.85189142979269,9550.0,4630.0,,,,,,,,,,,,,,,False,,,,0,,,1.94,7.62,202603,20.99,35.36,,,,,False,True,True,True,True
054450,텔레칩스,KOSDAQ,전기·전자,9900.0,1499.0,15144233.0,-2.43,1.02,-4070.0,9686.0,-42.01940945694817,19530.0,9320.0,,,,,,,,,,,,,,,False,,,,0,,,0.0,46.18,202603,0.0,3.93,,,,,False,True,True,True,True
083310,엘오티베큠,KOSDAQ,기계·장비,8290.0,1476.0,17810033.0,-18.59,0.54,-446.0,15352.0,-2.905158936946326,17940.0,7990.0,,,,,,,,,,,,,,,False,,,,0,,,0.0,12.67,202603,0.0,41.73,,,,,False,True,True,True,True
032620,GC메디아이,KOSDAQ,IT 서비스,2885.0,1506.0,52197139.0,4.07,1.04,708.0,2787.0,25.403659849300325,4470.0,2665.0,,,,,,,,,,,,,,,False,,,,0,,,421.63,10.01,202603,45.71,13.11,,,,,False,True,True,True,True
293480,하나제약,KOSPI,제약,8570.0,1523.0,17772946.0,7.17,0.48,1196.0,18010.0,6.640755136035535,12470.0,8170.0,,,,,,,,,,,,,,,False,,14000.0,63.360560093348894,1,20260507,BUY,-6.94,0.39,202412,-6.94,-11.22,,,,,False,True,True,True,True
046440,KG파이낸셜,KOSDAQ,IT 서비스,4005.0,1522.0,38010802.0,6.58,0.41,609.0,9858.0,6.17772367620207,6380.0,3720.0,,,,,,,,,,,,,,,False,,6200.0,54.80649188514357,1,20260204,HOLD,-9.01,2.13,202603,345.91,83.43,,,,,False,True,True,True,True
004970,신라교역,KOSPI,,9420.0,1507.0,16000000.0,32.48,0.25,290.0,38108.0,0.7609950666526714,10840.0,8580.0,,,,,,,,,,,,,,,False,,,,0,,,28.57,-22.91,202603,0.0,5.69,,,,,False,True,True,True,True
016880,웅진,KOSPI,금융,2000.0,1599.0,79927080.0,1.32,0.87,1511.0,2289.0,66.01135867190912,5200.0,1711.0,,,,,,,,,,,,,,,False,,,,0,,,0.0,29.5,202603,151.3,47.72,,,,,False,True,True,True,True
090350,노루페인트,KOSPI,화학,7400.0,1480.0,20000000.0,9.2,0.36,804.0,20328.0,3.9551357733175916,10570.0,7000.0,,,,,,,,,,,,,,,False,,,,0,,,70.04,2.39,202603,-30.88,12.2,,,,,False,True,True,True,True
083930,아바코,KOSDAQ,기계·장비,10010.0,1469.0,14677249.0,5.16,0.64,1939.0,15534.0,12.48229689712888,17500.0,9730.0,,,,,,,,,,,,,,,False,,,,0,,,0.0,-43.12,202603,69.72,121.63,,,,,False,True,True,True,True
389020,자람테크놀로지,KOSDAQ,전기·전자,21100.0,1457.0,6905082.0,65.94,3.08,320.0,6860.0,4.664723032069971,64900.0,19700.0,,,,,,,,,,,,,,,False,,60000.0,184.3601895734597,1,20260522,매수,0.0,90.74,202412,0.0,-10.16,,,,,False,True,True,True,True
000700,유수홀딩스,KOSPI,일반서비스,5610.0,1461.0,26041812.0,31.88,0.44,176.0,12843.0,1.3703963248462196,7200.0,5000.0,,,,,,,,,,,,,,,False,,,,0,,,53.06,-1.24,202603,15.86,-8.89,,,,,False,True,True,True,True
000970,한국주철관,KOSPI,금속,6570.0,1498.0,22800500.0,8.83,0.39,744.0,16819.0,4.423568583150009,7880.0,6130.0,,,,,,,,,,,,,,,False,,,,0,,,-32.89,0.83,202603,-13.92,2.52,,,,,False,True,True,True,True
403850,더핑크퐁컴퍼니,KOSDAQ,오락·문화,10090.0,1448.0,14351010.0,7.02,0.79,1437.0,12838.0,11.193332294749961,61500.0,9800.0,,,,,,,,,,,,,,,False,,,,0,,,-51.86,-14.43,202603,2.93,127.43,,,,,False,True,True,True,True
101970,우양에이치씨,KOSDAQ,금속,9690.0,1433.0,14790009.0,0.0,0.0,0.0,0.0,,21400.0,7970.0,,,,,,,,,,,,,,,False,,,,0,,,-10.35,3.73,202603,23.02,908.95,,,,,False,True,True,True,True
071840,롯데하이마트,KOSPI,유통,6190.0,1461.0,23607712.0,-0.48,0.15,-12935.0,40082.0,-32.27134374532209,10120.0,5830.0,,,,,,,,,,,,,,,False,,7000.0,13.08562197092084,1,20260703,Hold,-79.07,-9.71,202412,-79.07,-26.36,,,,,False,True,True,True,True
012210,삼미금속,KOSDAQ,금속,6280.0,1448.0,23051579.0,0.0,0.0,0.0,0.0,,20850.0,4110.0,,,,,,,,,,,,,,,False,,,,0,,,0.0,0.0,202509,0.0,0.0,,,,,False,True,True,True,True
212560,네오오토,KOSDAQ,운송장비·부품,10590.0,1428.0,13486348.0,0.0,0.0,0.0,0.0,,16100.0,4995.0,,,,,,,,,,,,,,,False,,,,0,,,0.0,0.0,202509,0.0,0.0,,,,,False,True,True,True,True
119830,아이텍,KOSDAQ,일반서비스,5590.0,1484.0,26538536.0,-26.49,0.75,-211.0,7422.0,-2.842899488008623,9730.0,4990.0,,,,,,,,,,,,,,,False,,,,0,,,0.0,3.96,202603,0.0,0.0,,,,,False,True,True,True,True
048870,시너지이노베이션,KOSDAQ,의료·정밀기기,1599.0,1409.0,88106963.0,45.69,0.67,35.0,2401.0,1.4577259475218658,3100.0,1520.0,,,,,,,,,,,,,,,False,,,,0,,,-20.21,-0.78,202603,18.96,-2.72,,,,,False,True,True,True,True
004310,현대약품,KOSPI,제약,6070.0,1942.0,32000000.0,0.0,0.0,0.0,0.0,,15960.0,3480.0,,,,,,,,,,,,,,,False,,,,0,,,0.0,0.0,202511,0.0,0.0,,,,,False,True,True,True,True
271980,제일약품,KOSPI,제약,9820.0,1444.0,14704872.0,6.18,0.68,1590.0,14485.0,10.976872626855368,19290.0,9100.0,,,,,,,,,,,,,,,False,,,,0,,,-92.62,-20.07,202603,0.0,0.0,,,,,False,True,True,True,True
382900,범한퓨얼셀,KOSDAQ,전기·전자,14740.0,1291.0,8761000.0,80.99,0.78,182.0,18795.0,0.9683426443202979,44200.0,14420.0,,,,,,,,,,,,,,,False,,,,0,,,0.0,-51.62,202603,-64.42,-21.47,,,,,False,True,True,True,True
054800,아이디스홀딩스,KOSDAQ,일반서비스,14050.0,1454.0,10347756.0,3.72,0.33,3775.0,42672.0,8.8465504311961,16980.0,10520.0,,,,,,,,,,,,,,,False,,,,0,,,46.74,20.58,202603,42.13,10.25,,,,,False,True,True,True,True
138360,앤로보틱스,KOSDAQ,기계·장비,1840.0,1417.0,76991722.0,16.43,1.69,112.0,1087.0,10.303587856485741,4980.0,666.0,,,,,,,,,,,,,,,False,,,,0,,,0.0,730.87,202603,0.0,10.31,,,,,False,True,True,True,True
242040,나무기술,KOSDAQ,IT 서비스,4040.0,1398.0,34606264.0,-49.88,3.87,-81.0,1045.0,-7.751196172248803,11100.0,1308.0,,,,,,,,,,,,,,,False,,,,0,,,0.0,117.19,202603,0.0,0.0,,,,,False,True,True,True,True
355150,코스텍시스,KOSDAQ,전기·전자,18460.0,1439.0,7797350.0,-79.57,5.63,-232.0,3277.0,-7.079646017699115,64100.0,9180.0,,,,,,,,,,,,,,,False,,,,0,,,0.0,23.07,202412,0.0,404.25,,,,,False,True,True,True,True
003830,대한화섬,KOSPI,화학,108000.0,1434.0,1328000.0,-57.51,0.2,-1878.0,532233.0,-0.352852979803958,151000.0,101200.0,,,,,,,,,,,,,,,False,,,,0,,,0.0,-7.9,202412,0.0,13.22,,,,,False,True,True,True,True
049630,재영솔루텍,KOSDAQ,의료·정밀기기,5930.0,1386.0,23379512.0,13.45,1.36,441.0,4372.0,10.086916742909423,18890.0,712.0,,,,,,,,,,,,,,,False,,,,0,,,561.56,51.17,202603,7.09,26.61,,,,,False,True,True,True,True
086670,비엠티,KOSDAQ,기계·장비,14980.0,1487.0,9925885.0,7.39,1.0,2027.0,15049.0,13.46933351053226,22200.0,9690.0,,,,,,,,,,,,,,,False,,,,0,,,-36.2,-2.81,202603,136.84,16.54,,,,,False,True,True,True,True
457550,우진엔텍,KOSDAQ,일반서비스,14480.0,1349.0,9318958.0,0.0,0.0,0.0,0.0,,34900.0,14000.0,,,,,,,,,,,,,,,False,,,,0,,,0.0,0.0,202509,0.0,0.0,,,,,False,True,True,True,True
041020,폴라리스오피스,KOSDAQ,IT 서비스,2675.0,1329.0,49683793.0,27.3,1.49,98.0,1798.0,5.450500556173527,6560.0,2570.0,,,,,,,,,,,,,,,False,,,,0,,,18.51,1.5,202603,89.89,114.62,,,,,False,True,True,True,True
304100,솔트룩스,KOSDAQ,IT 서비스,10920.0,1375.0,12593855.0,-12.34,1.95,-885.0,5600.0,-15.803571428571427,46300.0,10500.0,,,,,,,,,,,,,,,False,,,,0,,,0.0,55.13,202603,0.0,0.0,,,,,False,True,True,True,True
092070,디엔에프,KOSDAQ,화학,12500.0,1446.0,11571858.0,0.0,0.0,0.0,0.0,,26000.0,11620.0,,,,,,,,,,,,,,,False,,,,0,,,0.0,0.0,202509,0.0,15.46,,,,,False,True,True,True,True
334970,프레스티지바이오로직스,KOSDAQ,제약,1763.0,1371.0,77752637.0,-4.73,1.01,-373.0,1739.0,-21.449108683151234,4745.0,1650.0,,,,,,,,,,,,,,,False,,,,0,,,0.0,477.83,202506,0.0,0.0,,,,,False,True,True,True,True
382800,지앤비에스 에코,KOSDAQ,기계·장비,4135.0,1316.0,31831041.0,20.78,1.12,199.0,3701.0,5.3769251553634145,10150.0,2550.0,,,,,,,,,,,,,,,False,,,,0,,,2549.24,123.29,202603,-33.41,-15.13,,,,,False,True,True,True,True
260970,에스앤디,KOSDAQ,음식료·담배,47650.0,1378.0,2892754.0,9.12,2.03,5225.0,23526.0,22.209470373204116,135900.0,42100.0,,,,,,,,,,,,,,,False,,,,0,,,56.19,31.56,202412,56.19,31.04,,,,,False,True,True,True,True
004090,한국석유,KOSPI,비금속,11640.0,1478.0,12694120.0,28.32,0.72,411.0,16160.0,2.543316831683168,33575.0,10250.0,,,,,,,,,,,,,,,False,,,,0,,,335.05,7.63,202603,-36.91,-9.63,,,,,False,True,True,True,True
048550,SM C&C,KOSDAQ,일반서비스,1475.0,1427.0,96714620.0,-67.05,1.75,-22.0,843.0,-2.6097271648873073,1900.0,777.0,,,,,,,,,,,,,,,False,,,,0,,,0.0,21.35,202603,0.0,-6.65,,,,,False,True,True,True,True
049960,쎌바이오텍,KOSDAQ,제약,15420.0,1449.0,9400000.0,14.32,0.8,1077.0,19234.0,5.599459290839139,18500.0,11350.0,,,,,,,,,,,,,,,False,,,,0,,,134.0,30.0,202603,16.45,54.1,,,,,False,True,True,True,True
000020,동화약품,KOSPI,제약,5100.0,1425.0,27931470.0,16.4,0.37,311.0,13692.0,2.271399357288928,7110.0,4695.0,,,,,,,,,,,,,,,False,,,,0,,,394.83,3.93,202603,-98.09,-54.63,,,,,False,True,True,True,True
068790,DMS,KOSDAQ,기계·장비,6550.0,1478.0,22570224.0,1.18,0.34,5540.0,19235.0,28.80166363400052,9190.0,4230.0,,,,,,,,,,,,,,,False,,,,0,,,0.0,-58.67,202603,0.0,11.97,,,,,False,True,True,True,True
474650,링크솔루션,KOSDAQ,기계·장비,22500.0,1294.0,5752032.0,-39.4,4.71,-571.0,4774.0,-11.960620025136153,93300.0,17240.0,,,,,,,,,,,,,,,False,,,,0,,,0.0,9.82,202603,0.0,0.0,,,,,False,True,True,True,True
234690,녹십자웰빙,KOSDAQ,제약,7990.0,1435.0,17963290.0,14.17,1.26,564.0,6351.0,8.880491261218705,15890.0,7120.0,,,,,,,,,,,,,,,False,,,,0,,,-3.3,41.34,202603,33.41,19.13,,,,,False,True,True,True,True
460850,동국씨엠,KOSPI,금속,4480.0,1339.0,29898656.0,-2.53,0.14,-1770.0,32899.0,-5.380102738685066,7790.0,4230.0,,,,,,,,,,,,,,,False,,,,0,,,64.05,-7.92,202603,0.0,0.0,,,,,False,True,True,True,True
086820,바이오솔루션,KOSDAQ,제약,5860.0,1519.0,25924085.0,532.73,4.43,11.0,1324.0,0.8308157099697886,13450.0,5240.0,,,,,,,,,,,,,,,False,,,,0,,,0.0,19.87,202603,0.0,0.0,,,,,False,True,True,True,True
037070,파세코,KOSDAQ,전기·전자,7370.0,1474.0,20000000.0,0.0,0.0,0.0,0.0,,9980.0,4990.0,,,,,,,,,,,,,,,False,,,,0,,,0.0,0.0,202509,0.0,0.0,,,,,False,True,True,True,True
179290,엠아이텍,KOSDAQ,의료·정밀기기,4215.0,1364.0,32365678.0,6.71,1.08,628.0,3891.0,16.139809817527627,8340.0,4000.0,,,,,,,,,,,,,,,False,,,,0,,,-26.27,-3.02,202603,17.62,1.9,,,,,False,True,True,True,True
067280,멀티캠퍼스,KOSDAQ,일반서비스,23500.0,1393.0,5926779.0,5.32,0.6,4417.0,38888.0,11.358259617362682,36950.0,21500.0,,,,,,,,,,,,,,,False,,,,0,,,-86.42,6.28,202603,-18.08,-7.76,,,,,False,True,True,True,True
388790,라이콤,KOSDAQ,전기·전자,4140.0,1267.0,30614160.0,0.0,0.0,0.0,0.0,,9330.0,2110.0,,,,,,,,,,,,,,,False,,,,0,,,0.0,0.0,202509,0.0,0.0,,,,,False,True,True,True,True
264450,유비쿼스,KOSDAQ,전기·전자,9340.0,1370.0,14665493.0,5.77,0.7,1618.0,13350.0,12.119850187265918,19000.0,7870.0,,,,,,,,,,,,,,,False,,22000.0,135.54603854389723,1,20260121,BUY,26.98,6.72,202603,86.76,15.9,,,,,False,True,True,True,True
104480,티케이케미칼,KOSDAQ,화학,1495.0,1359.0,90895434.0,-1.21,0.12,-1233.0,12191.0,-10.114018538265935,2915.0,1448.0,,,,,,,,,,,,,,,False,,,,0,,,0.0,-10.44,202412,0.0,-21.84,,,,,False,True,True,True,True
126700,하이비젼시스템,KOSDAQ,의료·정밀기기,9090.0,1358.0,14942112.0,-7.96,0.47,-1142.0,19368.0,-5.896323833126807,21500.0,8870.0,,,,,,,,,,,,,,,False,,,,0,,,0.0,22.57,202603,0.0,29.02,,,,,False,True,True,True,True
065660,안트로젠,KOSDAQ,유통,18050.0,1806.0,10006100.0,-76.48,1.59,-236.0,11325.0,-2.0838852097130243,61800.0,13500.0,,,,,,,,,,,,,,,False,,,,0,,,0.0,6.66,202412,0.0,0.0,,,,,False,True,True,True,True
094280,효성ITX,KOSPI,일반서비스,11940.0,1380.0,11558200.0,9.61,1.89,1243.0,6308.0,19.705136334812938,14000.0,11410.0,,,,,,,,,,,,,,,False,,,,0,,,-9.27,6.73,202603,1.12,-5.07,,,,,False,True,True,True,True
418550,제이오,KOSDAQ,일반서비스,4130.0,1322.0,32017673.0,-17.73,0.72,-233.0,5709.0,-4.081275179541075,15840.0,4055.0,,,,,,,,,,,,,,,False,,,,0,,,0.0,-34.77,202603,0.0,0.0,,,,,False,True,True,True,True
005990,매일홀딩스,KOSDAQ,음식료·담배,10410.0,1384.0,13298304.0,4.35,0.3,2392.0,34904.0,6.853082741233097,13000.0,9690.0,,,,,,,,,,,,,,,False,,,,0,,,52.42,4.25,202603,-18.27,-3.7,,,,,False,True,True,True,True
402030,코난테크놀로지,KOSDAQ,IT 서비스,10400.0,1302.0,12517488.0,-8.93,6.21,-1165.0,1676.0,-69.5107398568019,41450.0,10010.0,,,,,,,,,,,,,,,False,,,,0,,,0.0,7.74,202412,0.0,0.0,,,,,False,True,True,True,True
003480,한진중공업홀딩스,KOSPI,전기·가스,4525.0,1336.0,29529812.0,2.26,0.27,2001.0,17045.0,11.739513053681431,6790.0,4230.0,,,,,,,,,,,,,,,False,,,,0,,,29.14,-1.87,202603,59.68,27.41,,,,,False,True,True,True,True
039860,나노엔텍,KOSDAQ,의료·정밀기기,3520.0,1341.0,38093053.0,74.89,1.46,47.0,2404.0,1.9550748752079867,9390.0,3015.0,,,,,,,,,,,,,,,False,,,,0,,,82.74,31.74,202603,77.42,25.81,,,,,False,True,True,True,True
049720,고려신용정보,KOSDAQ,일반서비스,9500.0,1359.0,14300000.0,10.25,2.16,927.0,4407.0,21.034717494894487,11300.0,9300.0,,,,,,,,,,,,,,,False,,,,0,,,10.84,2.74,202603,9.34,11.83,,,,,False,True,True,True,True
408920,메쎄이상,KOSDAQ,일반서비스,2910.0,1258.0,43232455.0,8.11,1.55,359.0,1878.0,19.116080937167197,4385.0,2385.0,,,,,,,,,,,,,,,False,,,,0,,,50.7,25.76,202603,11.1,31.58,,,,,False,True,True,True,True
462860,더즌,KOSDAQ,통신,1844.0,1323.0,71756523.0,11.67,1.8,158.0,1022.0,15.459882583170254,6480.0,1800.0,,,,,,,,,,,,,,,False,,,,0,,,49.38,1.89,202603,35.97,18.13,,,,,False,True,True,True,True
484810,티엑스알로보틱스,KOSDAQ,기계·장비,8140.0,1258.0,15450915.0,25.05,3.35,325.0,2432.0,13.363486842105262,26500.0,7900.0,,,,,,,,,,,,,,,False,,,,0,,,48.2,72.41,202412,48.2,6.21,,,,,False,True,True,True,True
001540,안국약품,KOSDAQ,제약,11490.0,1499.0,13042420.0,20.02,0.79,574.0,14551.0,3.944746065562504,12730.0,7280.0,,,,,,,,,,,,,,,False,,,,0,,,173.53,30.59,202603,46.58,10.43,,,,,False,True,True,True,True
451760,컨텍,KOSDAQ,IT 서비스,7230.0,1194.0,16507774.0,-14.91,1.28,-485.0,5646.0,-8.590152320226709,26350.0,6890.0,,,,,,,,,,,,,,,False,,26700.0,269.29460580912865,1,20260518,BUY,0.0,-2.99,202603,0.0,0.0,,,,,False,True,True,True,True
015890,태경산업,KOSPI,화학,4620.0,1350.0,29228750.0,8.05,0.44,574.0,10506.0,5.463544641157434,6450.0,4300.0,,,,,,,,,,,,,,,False,,,,0,,,43.43,21.8,202603,-0.45,2.03,,,,,False,True,True,True,True
274090,켄코아에어로스페이스,KOSDAQ,운송장비·부품,9870.0,1360.0,13774207.0,-8.34,0.81,-1183.0,12229.0,-9.673726388093876,39600.0,9320.0,,,,,,,,,,,,,,,False,,,,0,,,106.04,73.09,202603,0.0,-29.67,,,,,False,True,True,True,True
086890,이수앱지스,KOSDAQ,제약,3270.0,1333.0,40774942.0,0.0,0.0,0.0,0.0,,6350.0,3000.0,,,,,,,,,,,,,,,False,,,,0,,,0.0,0.0,202509,0.0,0.0,,,,,False,True,True,True,True
214420,토니모리,KOSPI,화학,5470.0,1316.0,24054799.0,11.81,1.11,463.0,4938.0,9.376265694613203,12430.0,4470.0,,,,,,,,,,,,,,,False,,,,0,,,14.23,6.32,202603,18.7,14.85,,,,,False,True,True,True,True
463290,1Q 단기금융채액티브,KOSPI,ETF(Active/수익증권),108765.0,1854.0,1705000.0,0.0,0.0,0.0,0.0,,108990.0,107190.0,,,,,,,,,,,,,,,False,,,,0,,,,,,,,,,,,False,True,True,True,True
095190,신화프리텍,KOSDAQ,금속,1861.0,1214.0,65260462.0,-18.43,1.09,-101.0,1706.0,-5.920281359906213,2965.0,1648.0,,,,,,,,,,,,,,,False,,,,0,,,147.45,18.11,202412,147.45,49.15,,,,,False,True,True,True,True
078070,유비쿼스홀딩스,KOSDAQ,금융,8120.0,1385.0,17058843.0,7.1,0.51,1143.0,16069.0,7.1130748646462125,21550.0,7560.0,,,,,,,,,,,,,,,False,,,,0,,,28.18,13.39,202603,113.31,25.42,,,,,False,True,True,True,True
023600,삼보판지,KOSDAQ,종이·목재,8250.0,1321.0,16008300.0,4.93,0.22,1673.0,37462.0,4.4658587368533444,11300.0,8080.0,,,,,,,,,,,,,,,False,,,,0,,,-25.08,2.6,202603,-22.77,-21.87,,,,,False,True,True,True,True
189330,씨이랩,KOSDAQ,IT 서비스,9060.0,850.0,9382284.0,-22.71,3.38,-399.0,2678.0,-14.899178491411503,16000.0,3400.0,,,,,,,,,,,,,,,False,,,,0,,,0.0,41.81,202603,0.0,0.0,,,,,False,True,True,True,True
069510,에스텍,KOSDAQ,전기·전자,12440.0,1357.0,10910000.0,3.26,0.45,3815.0,27942.0,13.653281798010164,18450.0,11220.0,,,,,,,,,,,,,,,False,,,,0,,,-55.77,-11.87,202603,4.17,88.27,,,,,False,True,True,True,True
371950,풍원정밀,KOSDAQ,전기·전자,5540.0,1256.0,22662548.0,-5.1,10.22,-1087.0,542.0,-200.55350553505536,19970.0,5410.0,,,,,,,,,,,,,,,False,,,,0,,,0.0,96.73,202603,0.0,0.0,,,,,False,True,True,True,True
146320,비씨엔씨,KOSDAQ,전기·전자,10380.0,1328.0,12797923.0,115.33,1.68,90.0,6182.0,1.455839534131349,19050.0,8860.0,,,,,,,,,,,,,,,False,,21000.0,102.3121387283237,1,20260227,매수,0.0,19.51,202603,0.0,0.0,,,,,False,True,True,True,True
478340,나라스페이스테크놀로지,KOSDAQ,운송장비·부품,10440.0,1208.0,11570133.0,-8.74,-2.28,-1194.0,-4583.0,26.052803840279292,64600.0,9810.0,,,,,,,,,,,,,,,False,,,,0,,,0.0,164.1,202412,0.0,0.0,,,,,False,True,True,True,True
000520,삼일제약,KOSPI,제약,5980.0,1297.0,21691811.0,-3.74,0.95,-1598.0,6277.0,-25.4580213477776,12860.0,5500.0,,,,,,,,,,,,,,,False,,,,0,,,0.0,0.5,202603,0.0,-12.38,,,,,False,True,True,True,True
008350,남선알미늄,KOSPI,금속,1072.0,1384.0,129079090.0,38.29,0.49,28.0,2196.0,1.2750455373406193,3485.0,973.0,,,,,,,,,,,,,,,False,,,,0,,,0.0,-0.88,202603,0.0,-8.38,,,,,False,True,True,True,True
269620,시스웍,KOSDAQ,의료·정밀기기,889.0,1321.0,148582691.0,-26.15,-5.7,-34.0,-156.0,21.794871794871796,889.0,889.0,,,,,,,,,,,,,,,False,,,,0,,,0.0,-24.82,202603,0.0,0.0,,,,,False,True,True,True,True
270660,에브리봇,KOSDAQ,전기·전자,10140.0,1287.0,12690583.0,-9.98,2.07,-1016.0,4906.0,-20.709335507541784,31900.0,9910.0,,,,,,,,,,,,,,,False,,,,0,,,0.0,99.26,202603,0.0,0.0,,,,,False,True,True,True,True
006060,화승인더,KOSPI,유통,2380.0,1317.0,55320000.0,6.8,0.34,350.0,6972.0,5.020080321285141,5230.0,2300.0,,,,,,,,,,,,,,,False,,,,0,,,-64.04,-15.93,202603,-35.23,92.1,,,,,False,True,True,True,True
109740,디에스케이,KOSDAQ,기계·장비,4820.0,1239.0,25710390.0,-7.98,1.15,-604.0,4200.0,-14.38095238095238,9280.0,4005.0,,,,,,,,,,,,,,,False,,,,0,,,0.0,58.34,202603,0.0,0.0,,,,,False,True,True,True,True
086980,쇼박스,KOSDAQ,오락·문화,2105.0,1314.0,62438000.0,-8.77,1.22,-240.0,1721.0,-13.945380592678674,3200.0,1877.0,,,,,,,,,,,,,,,False,,,,0,,,0.0,572.0,202603,0.0,0.0,,,,,False,True,True,True,True
058820,CMG제약,KOSDAQ,제약,842.0,1247.0,148123556.0,-12.03,0.62,-70.0,1363.0,-5.135730007336757,2255.0,798.0,,,,,,,,,,,,,,,False,,,,0,,,0.0,23.71,202603,0.0,-21.51,,,,,False,True,True,True,True
106190,하이텍팜,KOSDAQ,제약,11410.0,1213.0,10633173.0,0.0,0.0,0.0,0.0,,25000.0,10700.0,,,,,,,,,,,,,,,False,,,,0,,,0.0,0.0,202509,0.0,0.0,,,,,False,True,True,True,True
025820,이구산업,KOSPI,금속,3735.0,1249.0,33442000.0,9.91,0.92,377.0,4080.0,9.240196078431373,7170.0,3670.0,,,,,,,,,,,,,,,False,,,,0,,,146.38,8.98,202412,146.38,19.8,,,,,False,True,True,True,True
147830,제룡산업,KOSDAQ,금속,6390.0,1278.0,20000000.0,0.0,0.0,0.0,0.0,,15410.0,5690.0,,,,,,,,,,,,,,,False,,,,0,,,0.0,0.0,202509,0.0,0.0,,,,,False,True,True,True,True
114840,아이패밀리에스씨,KOSDAQ,화학,8060.0,1345.0,16681385.0,6.39,1.31,1261.0,6134.0,20.55754809259863,27000.0,6990.0,,,,,,,,,,,,,,,False,,13750.0,70.5955334987593,2,20260713,BUY,-48.33,0.83,202603,-19.34,57.73,,,,,False,True,True,True,True
025620,차AI헬스케어,KOSPI,화학,5920.0,1078.0,18203973.0,32.71,1.43,181.0,4147.0,4.364600916325054,19780.0,5360.0,,,,,,,,,,,,,,,False,,,,0,,,0.0,10.64,202603,0.0,0.0,,,,,False,True,True,True,True
038290,마크로젠,KOSDAQ,일반서비스,11540.0,1251.0,10841400.0,61.71,0.8,187.0,14505.0,1.2892106170286108,20900.0,11000.0,,,,,,,,,,,,,,,False,,,,0,,,0.0,10.57,202603,0.0,0.0,,,,,False,True,True,True,True
088800,에이스테크,KOSDAQ,전기·전자,1650.0,1246.0,75506434.0,-4.37,1.81,-378.0,914.0,-41.35667396061269,7890.0,1500.0,,,,,,,,,,,,,,,False,,,,0,,,0.0,-37.44,202603,0.0,0.0,,,,,False,True,True,True,True
004080,신흥,KOSPI,유통,13980.0,1300.0,9300000.0,47.07,1.14,297.0,12296.0,2.4154196486662327,14760.0,13150.0,,,,,,,,,,,,,,,False,,,,0,,,10.69,6.52,202603,12.95,-7.73,,,,,False,True,True,True,True
361390,제노코,KOSDAQ,전기·전자,13380.0,1303.0,9736381.0,0.0,0.0,0.0,0.0,,36900.0,11950.0,,,,,,,,,,,,,,,False,,,,0,,,0.0,0.0,202509,0.0,0.0,,,,,False,True,True,True,True
272550,삼양패키징,KOSPI,화학,8470.0,1276.0,15068406.0,7.37,0.33,1149.0,25622.0,4.484427445164312,17540.0,7900.0,,,,,,,,,,,,,,,False,,,,0,,,0.0,1.38,202603,-26.99,4.67,,,,,False,True,True,True,True
405100,큐알티,KOSDAQ,일반서비스,10650.0,1309.0,12289301.0,45.32,1.39,235.0,7641.0,3.07551367622039,24200.0,9950.0,,,,,,,,,,,,,,,False,,30000.0,181.69014084507043,1,20260527,BUY,425.45,32.73,202603,0.33,147.15,,,,,False,True,True,True,True
004960,한신공영,KOSPI,건설,10320.0,1194.0,11570702.0,2.0,0.14,5172.0,72296.0,7.153922761978533,19510.0,7280.0,,,,,,,,,,,,,,,False,,,,0,,,17.5,-17.11,202603,73.19,54.36,,,,,False,True,True,True,True
081000,일진다이아,KOSPI,화학,8820.0,1253.0,14202975.0,18.26,0.3,483.0,29014.0,1.664713586544427,17190.0,8460.0,,,,,,,,,,,,,,,False,,,,0,,,0.0,58.91,202603,0.0,0.0,,,,,False,True,True,True,True
118990,모트렉스,KOSDAQ,운송장비·부품,5090.0,1249.0,24537371.0,17.08,0.5,298.0,10261.0,2.9042003703342756,11570.0,4990.0,,,,,,,,,,,,,,,False,,,,0,,,-40.49,-5.4,202603,-4.18,-10.58,,,,,False,True,True,True,True
226590,엠디바이스,KOSDAQ,전기·전자,11470.0,1229.0,10716784.0,11.1,2.58,1033.0,4452.0,23.20305480682839,38000.0,9090.0,,,,,,,,,,,,,,,False,,,,0,,,37.16,1.88,202603,141.15,47.05,,,,,False,True,True,True,True
102120,어보브반도체,KOSDAQ,전기·전자,7110.0,1264.0,17780753.0,12.5,0.99,569.0,7205.0,7.897293546148508,16850.0,6690.0,,,,,,,,,,,,,,,False,,,,0,,,-24.09,1.28,202603,0.0,0.0,,,,,False,True,True,True,True
445180,퓨릿,KOSDAQ,화학,7420.0,1275.0,17189188.0,0.0,0.0,0.0,0.0,,13400.0,6010.0,,,,,,,,,,,,,,,False,,,,0,,,0.0,0.0,202509,0.0,0.0,,,,,False,True,True,True,True
126640,화신정공,KOSDAQ,운송장비·부품,3925.0,1376.0,35055910.0,54.51,1.31,72.0,2991.0,2.4072216649949847,7880.0,1230.0,,,,,,,,,,,,,,,False,,,,0,,,-84.6,-10.54,202412,-84.6,-6.81,,,,,False,True,True,True,True
101360,에코앤드림,KOSDAQ,전기·전자,6980.0,1241.0,17786114.0,-14.42,0.57,-484.0,12165.0,-3.9786272092067407,26900.0,6830.0,,,,,,,,,,,,,,,False,,,,0,,,0.0,-46.14,202603,0.0,0.0,,,,,False,True,True,True,True
024090,디씨엠,KOSPI,금속,10900.0,1243.0,11400000.0,0.0,0.0,0.0,0.0,,14700.0,10440.0,,,,,,,,,,,,,,,False,,,,0,,,0.0,0.0,202509,0.0,0.0,,,,,False,True,True,True,True
090850,현대이지웰,KOSDAQ,IT 서비스,5930.0,1333.0,22477903.0,5.87,1.22,1011.0,4862.0,20.79391197038256,7300.0,4765.0,,,,,,,,,,,,,,,False,,,,0,,,-13.62,7.91,202603,19.53,9.65,,,,,False,True,True,True,True
402490,그린리소스,KOSDAQ,전기·전자,7100.0,1202.0,16935217.0,11.47,1.68,619.0,4219.0,14.671723157146243,24850.0,6700.0,,,,,,,,,,,,,,,False,,,,0,,,196.06,4.66,202603,462.9,127.77,,,,,False,True,True,True,True
136540,윈스테크넷,KOSDAQ,IT 서비스,10200.0,1253.0,12279746.0,6.8,0.59,1499.0,17215.0,8.707522509439443,14580.0,9880.0,,,,,,,,,,,,,,,False,,,,0,,,-31.36,-2.36,202603,4.0,-0.94,,,,,False,True,True,True,True
036690,코맥스,KOSDAQ,전기·전자,2885.0,1257.0,43567455.0,-3.02,4.56,-955.0,633.0,-150.86887835703,2885.0,2885.0,,,,,,,,,,,,,,,False,,,,0,,,0.0,-15.28,202603,0.0,0.0,,,,,False,True,True,True,True
149950,아바텍,KOSDAQ,전기·전자,8780.0,1200.0,13667703.0,15.4,0.85,570.0,10382.0,5.490271623964555,19490.0,7780.0,,,,,,,,,,,,,,,False,,16000.0,82.23234624145786,1,20260427,BUY,163.52,11.58,202412,163.52,54.51,,,,,False,True,True,True,True
012610,경인양행,KOSPI,화학,2870.0,1194.0,41616365.0,21.1,0.49,136.0,5881.0,2.3125318823329364,6430.0,2750.0,,,,,,,,,,,,,,,False,,,,0,,,22.63,8.47,202603,-32.86,-10.95,,,,,False,True,True,True,True
293580,나우IB,KOSDAQ,금융,1231.0,1169.0,94929950.0,20.18,1.12,61.0,1101.0,5.540417801998183,3350.0,1092.0,,,,,,,,,,,,,,,False,,,,0,,,-96.47,-52.17,202603,-18.97,56.7,,,,,False,True,True,True,True
372170,윤성에프앤씨,KOSDAQ,기계·장비,15360.0,1226.0,7979048.0,-6.4,0.69,-2401.0,22214.0,-10.808499144683532,43900.0,14910.0,,,,,,,,,,,,,,,False,,,,0,,,0.0,-26.46,202603,0.0,1.03,,,,,False,True,True,True,True
092220,KEC,KOSPI,전기·전자,2840.0,1140.0,40152628.0,-4.29,0.35,-662.0,8116.0,-8.156727451946772,8770.0,665.0,,,,,,,,,,,,,,,False,,,,0,,,0.0,1.11,202603,0.0,0.0,,,,,False,True,True,True,True
126730,코칩,KOSDAQ,전기·전자,13440.0,1179.0,8770126.0,40.12,1.91,335.0,7046.0,4.754470621629293,36500.0,11030.0,,,,,,,,,,,,,,,False,,,,0,,,138.45,40.89,202603,-60.71,-45.45,,,,,False,True,True,True,True
107590,미원홀딩스,KOSPI,금융,53600.0,1244.0,2320000.0,4.75,0.43,11280.0,125024.0,9.022267724596878,78200.0,53100.0,,,,,,,,,,,,,,,False,,,,0,,,36.7,15.04,202603,-11.67,1.49,,,,,False,True,True,True,True
005160,동국산업,KOSDAQ,금속,2290.0,1242.0,54244482.0,-12.45,0.32,-184.0,7195.0,-2.5573314801945792,4125.0,2125.0,,,,,,,,,,,,,,,False,,,,0,,,0.0,-18.37,202603,-41.37,-13.79,,,,,False,True,True,True,True
357880,SKAI,KOSDAQ,IT 서비스,2560.0,1355.0,52940048.0,-6.04,9.55,-424.0,268.0,-158.2089552238806,6160.0,1413.0,,,,,,,,,,,,,,,False,,,,0,,,0.0,57.21,202603,0.0,0.0,,,,,False,True,True,True,True
002780,진흥기업,KOSPI,건설,802.0,1167.0,145471745.0,53.47,0.44,15.0,1830.0,0.819672131147541,1645.0,621.0,,,,,,,,,,,,,,,False,,,,0,,,0.0,-4.38,202412,0.0,6.33,,,,,False,True,True,True,True
013520,화승코퍼레이션,KOSPI,운송장비·부품,2475.0,1239.0,50051252.0,1.59,0.41,1559.0,6040.0,25.811258278145694,4000.0,1822.0,,,,,,,,,,,,,,,False,,,,0,,,-13.87,-0.74,202603,-3.17,29.23,,,,,False,True,True,True,True
211270,AP위성,KOSDAQ,전기·전자,7890.0,1190.0,15082304.0,11.42,1.06,691.0,7441.0,9.286386238408815,22400.0,7560.0,,,,,,,,,,,,,,,False,,,,0,,,-27.51,18.61,202412,-27.51,176.74,,,,,False,True,True,True,True
003100,선광,KOSDAQ,운송·창고,19030.0,1256.0,6600000.0,3.17,0.28,5994.0,68798.0,8.712462571586384,30450.0,17280.0,,,,,,,,,,,,,,,False,,,,0,,,6.94,-3.54,202603,13.79,17.64,,,,,False,True,True,True,True
214390,경보제약,KOSPI,제약,5060.0,1210.0,23906860.0,26.08,0.83,194.0,6113.0,3.173564534598397,9300.0,4800.0,,,,,,,,,,,,,,,False,,,,0,,,88.53,10.26,202412,88.53,128.89,,,,,False,True,True,True,True
020120,키다리스튜디오,KOSPI,IT 서비스,3445.0,1277.0,37063766.0,19.25,0.63,179.0,5485.0,3.263445761166819,4545.0,2800.0,,,,,,,,,,,,,,,False,,,,0,,,575.45,20.94,202603,465.68,155.23,,,,,False,True,True,True,True
007540,샘표,KOSPI,금융,42850.0,1232.0,2875800.0,12.65,0.4,3388.0,107294.0,3.157678900963707,73100.0,39750.0,,,,,,,,,,,,,,,False,,,,0,,,444.87,2.86,202603,310.93,87.29,,,,,False,True,True,True,True
037560,LG헬로비전,KOSPI,오락·문화,1515.0,1173.0,77446865.0,65.87,0.26,23.0,5845.0,0.39349871685201027,3660.0,1488.0,,,,,,,,,,,,,,,False,,2650.0,74.91749174917491,2,20260508,Hold,-28.38,-18.54,202603,39.02,-14.84,,,,,False,True,True,True,True
025950,동신건설,KOSDAQ,건설,11400.0,958.0,8400000.0,0.0,0.0,0.0,0.0,,30200.0,9620.0,,,,,,,,,,,,,,,False,,,,0,,,0.0,0.0,202509,0.0,0.0,,,,,False,True,True,True,True
089470,HDC현대EP,KOSPI,화학,3700.0,1180.0,31900000.0,3.56,0.27,1039.0,13772.0,7.54429276793494,6600.0,3580.0,,,,,,,,,,,,,,,False,,,,0,,,-33.38,0.35,202603,52.07,32.48,,,,,False,True,True,True,True
469610,이노테크,KOSDAQ,기계·장비,12860.0,1150.0,8942900.0,11.59,1.85,1110.0,6961.0,15.945984772302829,85000.0,12450.0,,,,,,,,,,,,,,,False,,,,0,,,0.84,14.76,202603,50.67,62.34,,,,,False,True,True,True,True
339950,아이비김영,KOSDAQ,일반서비스,2690.0,1209.0,44946655.0,5.84,1.58,461.0,1702.0,27.08578143360752,2955.0,1790.0,,,,,,,,,,,,,,,False,,,,0,,,0.0,6.26,202603,15.63,96.68,,,,,False,True,True,True,True
122450,KX,KOSDAQ,오락·문화,2650.0,1188.0,44819834.0,6.0,0.31,442.0,8467.0,5.220266918625251,4810.0,2515.0,,,,,,,,,,,,,,,False,,,,0,,,0.0,13.87,202603,-35.7,-20.19,,,,,False,True,True,True,True
037350,성도이엔지,KOSDAQ,일반서비스,8130.0,1237.0,15210000.0,4.47,0.42,1820.0,19295.0,9.432495465146411,14450.0,4465.0,,,,,,,,,,,,,,,False,,,,0,,,-2.71,-27.82,202603,111.38,77.68,,,,,False,True,True,True,True
004150,한솔홀딩스,KOSPI,금융,3030.0,1243.0,41026620.0,-202.0,0.22,-15.0,13574.0,-0.1105053779283925,4695.0,2820.0,,,,,,,,,,,,,,,False,,,,0,,,-4.62,-2.55,202603,202.28,70.09,,,,,False,True,True,True,True
078000,텔코웨어,KOSPI,IT 서비스,12600.0,1164.0,9240077.0,18.86,0.58,668.0,21758.0,3.0701351227134848,27450.0,12170.0,,,,,,,,,,,,,,,False,,,,0,,,0.0,7.06,202603,-2.64,4.95,,,,,False,True,True,True,True
021320,KCC건설,KOSDAQ,건설,5310.0,1136.0,21400000.0,0.0,0.0,0.0,0.0,,7840.0,4450.0,,,,,,,,,,,,,,,False,,,,0,,,0.0,0.0,202509,0.0,0.0,,,,,False,True,True,True,True
001360,삼성제약,KOSPI,제약,1245.0,1172.0,94162079.0,-8.03,1.11,-155.0,1126.0,-13.765541740674955,2320.0,1213.0,,,,,,,,,,,,,,,False,,,,0,,,0.0,-14.75,202412,0.0,0.0,,,,,False,True,True,True,True
011280,태림포장,KOSPI,종이·목재,1635.0,1158.0,70805940.0,-12.39,0.37,-132.0,4398.0,-3.0013642564802185,2830.0,1625.0,,,,,,,,,,,,,,,False,,,,0,,,0.0,1.09,202603,0.0,-9.4,,,,,False,True,True,True,True
263800,데이타솔루션,KOSDAQ,유통,5680.0,922.0,16225380.0,378.67,2.71,15.0,2097.0,0.7153075822603719,8730.0,4115.0,,,,,,,,,,,,,,,False,,,,0,,,-95.38,10.9,202412,-95.38,3.29,,,,,False,True,True,True,True
307750,국전,KOSDAQ,제약,2090.0,1128.0,53986288.0,-24.3,1.09,-86.0,1920.0,-4.479166666666667,6000.0,1934.0,,,,,,,,,,,,,,,False,,,,0,,,2248.94,-9.44,202603,0.0,-3.04,,,,,False,True,True,True,True
311320,지오엘리먼트,KOSDAQ,전기·전자,8970.0,1132.0,12614560.0,20.72,1.92,433.0,4668.0,9.27592116538132,11920.0,6050.0,,,,,,,,,,,,,,,False,,,,0,,,172.88,12.49,202603,-16.65,163.98,,,,,False,True,True,True,True
474170,루미르,KOSDAQ,운송장비·부품,6250.0,1114.0,17817696.0,-83.33,1.82,-75.0,3440.0,-2.1802325581395348,22650.0,5910.0,,,,,,,,,,,,,,,False,,18500.0,196.0,1,20260518,BUY,0.0,17.73,202412,0.0,0.0,,,,,False,True,True,True,True
297890,HB솔루션,KOSDAQ,기계·장비,1637.0,1197.0,73140914.0,4.52,0.49,362.0,3367.0,10.751410751410752,3070.0,1522.0,,,,,,,,,,,,,,,False,,,,0,,,0.0,-27.01,202603,-77.27,11.21,,,,,False,True,True,True,True
293780,압타바이오,KOSDAQ,일반서비스,4090.0,1149.0,28093405.0,-6.74,2.43,-607.0,1680.0,-36.13095238095238,11960.0,3870.0,,,,,,,,,,,,,,,False,,,,0,,,0.0,150.17,202603,0.0,0.0,,,,,False,True,True,True,True
473980,노머스,KOSDAQ,오락·문화,10170.0,1125.0,11059322.0,7.48,1.08,1359.0,9426.0,14.417568427753025,38000.0,9420.0,,,,,,,,,,,,,,,False,,,,0,,,-12.98,-2.94,202603,50.83,16.94,,,,,False,True,True,True,True
077500,유니퀘스트,KOSPI,유통,5460.0,1179.0,21600102.0,5.72,0.48,955.0,11427.0,8.357399142382077,9520.0,5150.0,,,,,,,,,,,,,,,False,,,,0,,,17.12,-4.42,202603,7.47,-6.75,,,,,False,True,True,True,True
285490,노바텍,KOSDAQ,기타제조,11240.0,1189.0,10575831.0,6.71,0.67,1675.0,16898.0,9.91241567049355,31900.0,10850.0,,,,,,,,,,,,,,,False,,,,0,,,0.0,-34.8,202603,-46.87,-33.63,,,,,False,True,True,True,True
001520,동양,KOSPI,비금속,550.0,1178.0,214244064.0,6.55,0.14,84.0,3812.0,2.2035676810073452,1330.0,516.0,,,,,,,,,,,,,,,False,,,,0,,,0.0,-19.76,202603,0.0,78.33,,,,,False,True,True,True,True
267320,나인테크,KOSDAQ,기계·장비,1962.0,1126.0,57415295.0,-6.0,1.23,-327.0,1599.0,-20.45028142589118,4780.0,1930.0,,,,,,,,,,,,,,,False,,,,0,,,0.0,24.5,202603,0.0,0.0,,,,,False,True,True,True,True
264660,씨앤지하이테크,KOSDAQ,기계·장비,12360.0,1202.0,9721172.0,6.15,0.81,2009.0,15198.0,13.218844584813791,26100.0,11630.0,,,,,,,,,,,,,,,False,,,,0,,,0.0,-78.85,202603,91.2,14.29,,,,,False,True,True,True,True
310200,애니플러스,KOSDAQ,오락·문화,2610.0,1361.0,52162836.0,10.61,1.13,246.0,2310.0,10.649350649350648,6430.0,1800.0,,,,,,,,,,,,,,,False,,,,0,,,-53.87,0.83,202603,-9.77,43.56,,,,,False,True,True,True,True
008970,KBI동양철관,KOSPI,금속,1080.0,1121.0,103766907.0,-30.86,0.79,-35.0,1363.0,-2.5678650036683783,3535.0,1037.0,,,,,,,,,,,,,,,False,,,,0,,,0.0,53.53,202603,0.0,44.06,,,,,False,True,True,True,True
240550,동방메디컬,KOSDAQ,의료·정밀기기,6050.0,1267.0,20933940.0,10.58,1.02,572.0,5905.0,9.68670618120237,13060.0,4780.0,9.929427211554241,609.3000000000001,193.0,215.699481865285,1156.0,175.0,125.0,9.9,16.1,150.0,29.0,1051.0,-8.700000000000001,-70.2,True,175.0,,,0,,,41.5,13.9,202603,13.02,67.93,2025.12E,2024.12,20250924,매수,False,True,True,True,True
432720,퀄리타스반도체,KOSDAQ,전기·전자,8180.0,1161.0,14187572.0,0.0,0.0,0.0,0.0,,32150.0,7600.0,,,,,,,,,,,,,,,False,,,,0,,,0.0,0.0,202509,0.0,0.0,,,,,False,True,True,True,True
109610,에스와이,KOSDAQ,금속,2015.0,985.0,48907400.0,-6.97,0.55,-289.0,3640.0,-7.939560439560439,3670.0,1695.0,,,,,,,,,,,,,,,False,,,,0,,,0.0,8.6,202603,0.0,19.51,,,,,False,True,True,True,True
366030,나인앤컴퍼니,KOSDAQ,섬유·의류,4895.0,1109.0,22653850.0,14.88,1.34,329.0,3656.0,8.99890590809628,7100.0,3940.0,,,,,,,,,,,,,,,False,,,,0,,,-29.36,-6.13,202603,-16.02,-12.98,,,,,False,True,True,True,True
489500,엘케이켐,KOSDAQ,화학,19500.0,1246.0,6391238.0,27.5,2.05,709.0,9491.0,7.470234959435254,59500.0,16410.0,,,,,,,,,,,,,,,False,,,,0,,,130.7,79.6,202603,-54.91,14.81,,,,,False,True,True,True,True
089600,KT나스미디어,KOSDAQ,일반서비스,9770.0,1130.0,11568163.0,-17.51,0.55,-558.0,17644.0,-3.162548175017003,17020.0,9040.0,,,,,,,,,,,,,,,False,,15500.0,58.64892528147389,2,20260630,BUY,0.0,0.0,202509,-2.81,-13.4,,,,,False,True,True,True,True
321550,티움바이오,KOSDAQ,일반서비스,3855.0,1158.0,30038475.0,-6.6,2.96,-584.0,1302.0,-44.85407066052227,13700.0,3415.0,,,,,,,,,,,,,,,False,,,,0,,,0.0,40.07,202603,0.0,0.0,,,,,False,True,True,True,True
014280,금강공업,KOSPI,금속,3770.0,1106.0,29329357.0,-2.52,0.3,-1494.0,12448.0,-12.001928020565552,8470.0,3690.0,,,,,,,,,,,,,,,False,,,,0,,,87.47,-0.61,202603,-68.24,-8.29,,,,,False,True,True,True,True
012200,계양전기,KOSPI,기계·장비,4385.0,1194.0,27222829.0,-3.38,5.97,-1299.0,734.0,-176.97547683923707,14270.0,1326.0,,,,,,,,,,,,,,,False,,,,0,,,0.0,5.4,202603,0.0,0.0,,,,,False,True,True,True,True
038540,상상인,KOSDAQ,IT 서비스,2010.0,1112.0,55328313.0,-0.96,0.29,-2100.0,6994.0,-30.025736345438947,2400.0,1601.0,,,,,,,,,,,,,,,False,,,,0,,,0.0,14.09,202603,0.0,0.0,,,,,False,True,True,True,True
009070,KCTC,KOSPI,운송·창고,3815.0,1145.0,30000000.0,5.41,0.36,705.0,10550.0,6.682464454976303,8390.0,3695.0,,,,,,,,,,,,,,,False,,,,0,,,75.26,19.73,202603,-0.44,1.18,,,,,False,True,True,True,True
041590,플래스크,KOSDAQ,건설,2370.0,1161.0,48972158.0,395.0,2.8,6.0,845.0,0.7100591715976331,2370.0,2370.0,,,,,,,,,,,,,,,False,,,,0,,,0.0,13.46,202603,0.0,0.0,,,,,False,True,True,True,True
259630,엠플러스,KOSDAQ,기계·장비,9280.0,1134.0,12222396.0,5.49,1.08,1689.0,8620.0,19.593967517401392,20100.0,8350.0,,,,,,,,,,,,,,,False,,,,0,,,328.13,119.6,202603,143.43,28.56,,,,,False,True,True,True,True
452450,피아이이,KOSDAQ,기계·장비,2995.0,1079.0,36028500.0,-4.78,1.91,-626.0,1566.0,-39.97445721583653,10340.0,2870.0,,,,,,,,,,,,,,,False,,,,0,,,0.0,35.66,202603,0.0,28.44,,,,,False,True,True,True,True
205100,엑셈,KOSDAQ,IT 서비스,1605.0,1135.0,70686423.0,17.45,0.93,92.0,1717.0,5.358182877111241,2590.0,1334.0,,,,,,,,,,,,,,,False,,,,0,,,0.0,15.39,202603,-44.58,-23.75,,,,,False,True,True,True,True
067990,도이치모터스,KOSDAQ,유통,4000.0,1167.0,29181550.0,34.19,0.3,117.0,13187.0,0.8872374308030636,5820.0,3665.0,,,,,,,,,,,,,,,False,,,,0,,,31.55,10.24,202603,62.88,-4.21,,,,,False,True,True,True,True
496090,KIWOOM 코리아밸류업,KOSPI,ETF(실물복제/수익증권),32785.0,1066.0,3250000.0,0.0,0.0,0.0,0.0,,42865.0,12005.0,,,,,,,,,,,,,,,False,,,,0,,,,,,,,,,,,False,True,True,True,True
140670,알에스오토메이션,KOSDAQ,전기·전자,8540.0,1097.0,12839840.0,-21.73,1.87,-393.0,4565.0,-8.608981380065718,28800.0,8150.0,,,,,,,,,,,,,,,False,,,,0,,,0.0,26.71,202603,0.0,0.0,,,,,False,True,True,True,True
256940,킵스파마,KOSDAQ,제약,5390.0,1082.0,20078147.0,-10.8,1.75,-499.0,3088.0,-16.159326424870464,20900.0,5220.0,,,,,,,,,,,,,,,False,,,,0,,,0.0,46.23,202603,-74.67,9.49,,,,,False,True,True,True,True
308080,바이젠셀,KOSDAQ,일반서비스,5190.0,1064.0,20499260.0,-7.1,1.72,-731.0,3012.0,-24.269588313413017,17360.0,2920.0,,,,,,,,,,,,,,,False,,,,0,,,0.0,0.0,202503,0.0,0.0,,,,,False,True,True,True,True
094840,슈프리마에이치큐,KOSDAQ,전기·전자,12460.0,1222.0,9806109.0,9.75,0.51,1278.0,24654.0,5.183743003163787,12790.0,5860.0,,,,,,,,,,,,,,,False,,,,0,,,-22.92,24.92,202603,56.64,18.88,,,,,False,True,True,True,True
079430,현대리바트,KOSPI,제조,5640.0,1134.0,20114202.0,15.62,0.27,361.0,20785.0,1.7368294443108012,9300.0,5420.0,,,,,,,,,,,,,,,False,,,,0,,,-88.93,-18.69,202603,-34.61,-11.54,,,,,False,True,True,True,True
041440,현대에버다임,KOSDAQ,기계·장비,6090.0,1087.0,17841712.0,23.51,0.57,259.0,10745.0,2.4104234527687294,11320.0,5950.0,,,,,,,,,,,,,,,False,,,,0,,,0.0,32.06,202603,-45.65,-28.76,,,,,False,True,True,True,True
009270,신원,KOSPI,섬유·의류,1038.0,1191.0,114770393.0,-43.25,0.41,-24.0,2556.0,-0.9389671361502347,2170.0,928.0,,,,,,,,,,,,,,,False,,,,0,,,1.25,8.2,202603,-25.83,-15.85,,,,,False,True,True,True,True
267290,경동도시가스,KOSPI,전기·가스,19100.0,1126.0,5895406.0,3.43,0.24,5572.0,80675.0,6.906724511930586,24300.0,18370.0,,,,,,,,,,,,,,,False,,,,0,,,9.45,-21.19,202603,22.51,9.94,,,,,False,True,True,True,True
042600,새로닉스,KOSDAQ,전기·전자,8900.0,1106.0,12423574.0,-3.5,1.22,-2540.0,7276.0,-34.909290819131385,23200.0,7710.0,,,,,,,,,,,,,,,False,,,,0,,,0.0,-10.91,202603,0.0,583.95,,,,,False,True,True,True,True
002460,HS화성,KOSPI,건설,10850.0,1101.0,10150000.0,3.99,0.24,2719.0,45678.0,5.952537326502911,15780.0,9580.0,,,,,,,,,,,,,,,False,,,,0,,,-98.2,-54.37,202603,82.21,49.94,,,,,False,True,True,True,True
067900,와이엔텍,KOSDAQ,일반서비스,6080.0,1107.0,18199659.0,3.64,0.32,1672.0,19155.0,8.728791438266772,8190.0,5870.0,,,,,,,,,,,,,,,False,,,,0,,,-4.88,6.91,202603,-13.89,-7.91,,,,,False,True,True,True,True
034590,인천도시가스,KOSPI,전기·가스,26150.0,1144.0,4374754.0,5.94,0.5,4405.0,52514.0,8.388239326655748,28300.0,24750.0,,,,,,,,,,,,,,,False,,,,0,,,17.58,20.77,202412,17.58,91.44,,,,,False,True,True,True,True
027710,팜스토리,KOSDAQ,음식료·담배,1062.0,1183.0,111416600.0,3.93,0.42,270.0,2550.0,10.588235294117647,1656.0,925.0,,,,,,,,,,,,,,,False,,,,0,,,135.9,-2.6,202603,-14.25,8.19,,,,,False,True,True,True,True
282880,코윈테크,KOSDAQ,기계·장비,9410.0,1100.0,11694082.0,64.9,0.63,145.0,15003.0,0.9664733719922682,21150.0,9110.0,,,,,,,,,,,,,,,False,,,,0,,,0.0,50.82,202603,0.0,-9.95,,,,,False,True,True,True,True
264850,이랜시스,KOSDAQ,전기·전자,3705.0,1122.0,30294612.0,26.46,2.08,140.0,1780.0,7.865168539325842,9530.0,3525.0,,,,,,,,,,,,,,,False,,,,0,,,-15.39,2.4,202603,-33.62,-8.85,,,,,False,True,True,True,True
199430,케이엔알시스템,KOSDAQ,의료·정밀기기,9400.0,1053.0,11197043.0,-12.08,4.52,-778.0,2081.0,-37.385872176838056,45300.0,8880.0,,,,,,,,,,,,,,,False,,,,0,,,0.0,-14.14,202512,0.0,0.0,,,,,False,True,True,True,True
004250,NPC,KOSPI,화학,3030.0,1113.0,36720000.0,9.84,0.26,308.0,11789.0,2.6126049707354313,4670.0,2845.0,,,,,,,,,,,,,,,False,,,,0,,,69.25,10.2,202603,124.63,28.67,,,,,False,True,True,True,True
091590,남화토건,KOSDAQ,건설,6950.0,816.0,11740000.0,7.47,0.48,931.0,14580.0,6.385459533607682,12190.0,3200.0,,,,,,,,,,,,,,,False,,,,0,,,0.0,27.71,202603,0.0,0.0,,,,,False,True,True,True,True
418420,라온텍,KOSDAQ,전기·전자,3415.0,1051.0,30774558.0,-15.81,6.23,-216.0,548.0,-39.416058394160586,12500.0,3165.0,,,,,,,,,,,,,,,False,,,,0,,,0.0,-17.14,202412,0.0,0.0,,,,,False,True,True,True,True
198440,강동씨앤엘,KOSDAQ,비금속,1506.0,918.0,60931896.0,-9.07,0.68,-166.0,2206.0,-7.524932003626474,2930.0,911.0,,,,,,,,,,,,,,,False,,,,0,,,0.0,-6.22,202412,0.0,0.0,,,,,False,True,True,True,True
053080,케이엔솔,KOSDAQ,기계·장비,8510.0,1106.0,12999807.0,-2.04,0.89,-4174.0,9562.0,-43.651955657812174,18430.0,8100.0,,,,,,,,,,,,,,,False,,,,0,,,-83.72,-11.06,202603,0.0,9.07,,,,,False,True,True,True,True
079650,서산,KOSDAQ,비금속,5530.0,1106.0,20000000.0,-112.86,1.58,-49.0,3495.0,-1.402002861230329,10300.0,952.0,,,,,,,,,,,,,,,False,,,,0,,,0.0,46.1,202603,0.0,0.0,,,,,False,True,True,True,True
130730,KIWOOM 단기자금,KOSPI,ETF(실물복제/수익증권),102620.0,959.0,935000.0,0.0,0.0,0.0,0.0,,104800.0,99100.0,,,,,,,,,,,,,,,False,,,,0,,,,,,,,,,,,False,True,True,True,True
005800,신영와코루,KOSPI,섬유·의류,12870.0,1158.0,9000000.0,18.46,0.3,697.0,43200.0,1.6134259259259258,22450.0,11400.0,,,,,,,,,,,,,,,False,,,,0,,,-90.9,-4.33,202603,-53.22,-30.95,,,,,False,True,True,True,True
290720,푸드나무,KOSDAQ,유통,3110.0,1103.0,35459751.0,42.03,3.05,74.0,1019.0,7.262021589793916,3980.0,1839.0,,,,,,,,,,,,,,,False,,,,0,,,0.0,-27.77,202603,0.0,0.0,,,,,False,True,True,True,True
018470,조일알미늄,KOSPI,금속,900.0,1140.0,126631721.0,10.34,0.57,87.0,1576.0,5.520304568527918,2235.0,852.0,,,,,,,,,,,,,,,False,,,,0,,,137.31,7.0,202412,137.31,25.81,,,,,False,True,True,True,True
142210,유니트론텍,KOSDAQ,유통,5290.0,1098.0,20751403.0,8.32,0.79,636.0,6717.0,9.46851272889683,9060.0,4905.0,,,,,,,,,,,,,,,False,,,,0,,,84.71,27.67,202603,-10.68,2.11,,,,,False,True,True,True,True
051160,지어소프트,KOSDAQ,IT 서비스,7120.0,1102.0,15474430.0,8.73,0.66,816.0,10737.0,7.5998882369376926,11150.0,6270.0,,,,,,,,,,,,,,,False,,,,0,,,32.82,4.14,202603,-13.63,25.89,,,,,False,True,True,True,True
013990,아가방컴퍼니,KOSDAQ,유통,3455.0,1136.0,32887536.0,9.84,0.54,351.0,6452.0,5.440173589584625,5840.0,3115.0,,,,,,,,,,,,,,,False,,,,0,,,57.69,9.25,202603,-8.02,-0.74,,,,,False,True,True,True,True
232680,라온로보틱스,KOSDAQ,기계·장비,8210.0,1088.0,13257500.0,27.83,2.74,295.0,2998.0,9.839893262174783,23950.0,6610.0,,,,,,,,,,,,,,,False,,,,0,,,15147.65,16.36,202603,58.91,2.16,,,,,False,True,True,True,True
163730,핑거,KOSDAQ,IT 서비스,8430.0,1013.0,12015717.0,263.44,1.7,32.0,4960.0,0.6451612903225806,25650.0,7890.0,,,,,,,,,,,,,,,False,,,,0,,,0.0,-0.74,202603,0.0,-10.68,,,,,False,True,True,True,True
083500,에프엔에스테크,KOSDAQ,기계·장비,14180.0,1178.0,8306377.0,13.98,1.31,1014.0,10847.0,9.348206877477644,24150.0,11250.0,8.55144132191533,1658.2,1125.0,47.39555555555556,774.0,190.0,128.0,5.1000000000000005,83.4,103.0,87.0,737.0,17.5,-37.9,True,190.0,25700.0,81.24118476727786,1,20260610,BUY,197.22,-0.85,202603,17.54,80.88,2026.12E,2025.12,20260514,매수,True,True,True,True,True
011810,STX,KOSPI,유통,3530.0,1095.0,31017927.0,-0.66,-0.96,-5357.0,-3692.0,145.09750812567714,3530.0,3530.0,,,,,,,,,,,,,,,False,,,,0,,,0.0,-66.64,202603,0.0,0.0,,,,,False,True,True,True,True
015590,DKME,KOSPI,기계·장비,1895.0,1012.0,53396308.0,-31.07,0.72,-61.0,2642.0,-2.3088569265707797,4260.0,515.0,,,,,,,,,,,,,,,False,,,,0,,,-64.89,-45.19,202603,5.82,-7.02,,,,,False,True,True,True,True
217270,넵튠,KOSDAQ,IT 서비스,2115.0,988.0,46735643.0,-2.46,0.3,-860.0,7036.0,-12.222853894258101,8340.0,2025.0,,,,,,,,,,,,,,,False,,,,0,,,-27.61,-0.56,202603,-74.05,90.51,,,,,False,True,True,True,True
300080,플리토,KOSDAQ,IT 서비스,6680.0,1103.0,16505451.0,17.08,6.4,391.0,1043.0,37.488015340364335,20200.0,5510.0,,,,,,,,,,,,,,,False,,,,0,,,0.0,13.14,202603,0.0,0.0,,,,,False,True,True,True,True
054050,NH농우바이오,KOSDAQ,,6780.0,1087.0,16030561.0,8.84,0.39,767.0,17324.0,4.42738397598707,9200.0,6400.0,,,,,,,,,,,,,,,False,,,,0,,,-28.97,-2.71,202603,22.86,9.12,,,,,False,True,True,True,True
018120,진로발효,KOSDAQ,음식료·담배,16480.0,1091.0,6621120.0,8.99,1.19,1834.0,13837.0,13.25431813254318,20500.0,16000.0,,,,,,,,,,,,,,,False,,,,0,,,-29.1,-17.86,202603,21.47,59.1,,,,,False,True,True,True,True
263860,지니언스,KOSDAQ,IT 서비스,11800.0,1071.0,9079600.0,14.29,1.64,826.0,7189.0,11.489776046738072,30000.0,11010.0,,,,,,,,,,,,,,,False,,,,0,,,4670.76,25.5,202603,-28.79,5.61,,,,,False,True,True,True,True
008040,사조동아원,KOSPI,음식료·담배,812.0,1146.0,141144600.0,4.72,0.42,172.0,1919.0,8.963001563314227,1536.0,740.0,,,,,,,,,,,,,,,False,,,,0,,,29.47,-0.05,202412,29.47,54.21,,,,,False,True,True,True,True
070960,모나용평,KOSPI,일반서비스,2095.0,1008.0,48133333.0,-3.3,0.28,-635.0,7586.0,-8.37068283680464,5030.0,2055.0,,,,,,,,,,,,,,,False,,,,0,,,-29.65,-32.47,202603,-13.7,430.41,,,,,False,True,True,True,True
080420,모다이노칩,KOSDAQ,유통,1363.0,1087.0,79721622.0,-23.5,0.3,-58.0,4520.0,-1.2831858407079646,2390.0,1301.0,,,,,,,,,,,,,,,False,,,,0,,,-61.91,-8.37,202603,-27.83,26.74,,,,,False,True,True,True,True
002220,한일철강,KOSPI,금속,4395.0,1173.0,26697460.0,-209.29,0.65,-21.0,6789.0,-0.30932390631904555,6470.0,2675.0,,,,,,,,,,,,,,,False,,,,0,,,144.97,24.35,202603,376.65,103.64,,,,,False,True,True,True,True
010100,한국무브넥스,KOSPI,운송장비·부품,3360.0,1023.0,30450420.0,4.91,0.25,685.0,13184.0,5.195691747572815,7950.0,3250.0,,,,,,,,,,,,,,,False,,,,0,,,-44.49,2.99,202603,-42.03,-2.69,,,,,False,True,True,True,True
093640,케이알엠,KOSDAQ,전기·전자,3155.0,1036.0,32843716.0,-7.32,1.46,-431.0,2159.0,-19.96294580824456,6230.0,3010.0,,,,,,,,,,,,,,,False,,,,0,,,0.0,-29.47,202603,0.0,0.0,,,,,False,True,True,True,True
014530,극동유화,KOSPI,화학,3185.0,1111.0,34869420.0,96.52,0.54,33.0,5888.0,0.5604619565217391,6470.0,2950.0,,,,,,,,,,,,,,,False,,,,0,,,5.43,0.73,202603,-32.49,-19.77,,,,,False,True,True,True,True
002390,한독,KOSPI,제약,7900.0,1087.0,13763533.0,-50.64,0.37,-156.0,21292.0,-0.7326695472477927,13460.0,6460.0,,,,,,,,,,,,,,,False,,,,0,,,0.0,12.98,202603,511.22,119.88,,,,,False,True,True,True,True
014580,태경비케이,KOSPI,비금속,3980.0,1098.0,27583100.0,4.6,0.47,866.0,8538.0,10.142890606699462,6570.0,3675.0,,,,,,,,,,,,,,,False,,,,0,,,50.84,48.49,202603,-3.41,9.13,,,,,False,True,True,True,True
016710,대성홀딩스,KOSPI,일반서비스,6690.0,1076.0,16089459.0,6.28,0.23,1066.0,28645.0,3.7214173503229184,11100.0,6580.0,,,,,,,,,,,,,,,False,,,,0,,,-5.6,-7.13,202603,20.46,65.65,,,,,False,True,True,True,True
227840,현대코퍼레이션홀딩스,KOSPI,유통,11750.0,1069.0,9100836.0,2.92,0.32,4028.0,36290.0,11.099476439790577,14720.0,11140.0,,,,,,,,,,,,,,,False,,,,0,,,25.72,29.87,202603,9.56,14.96,,,,,False,True,True,True,True
011690,와이투솔루션,KOSPI,전기·전자,2995.0,1099.0,36704394.0,-11.43,1.11,-262.0,2706.0,-9.682187730968218,9900.0,2560.0,,,,,,,,,,,,,,,False,,,,0,,,2.32,127.64,202603,0.0,2.35,,,,,False,True,True,True,True
012320,경동인베스트,KOSPI,금융,44050.0,1042.0,2365023.0,5.63,0.19,7820.0,227089.0,3.443583793138373,103700.0,42100.0,,,,,,,,,,,,,,,False,,,,0,,,-12.71,-18.39,202603,-22.85,12.32,,,,,False,True,True,True,True
056090,시지메드텍,KOSDAQ,의료·정밀기기,1040.0,1074.0,103259036.0,16.51,1.14,63.0,910.0,6.923076923076923,3555.0,913.0,,,,,,,,,,,,,,,False,,,,0,,,-59.76,10.87,202603,0.0,0.0,,,,,False,True,True,True,True
073010,케이에스피,KOSDAQ,기계·장비,2615.0,1051.0,40191250.0,16.04,1.26,163.0,2074.0,7.8592092574734815,8260.0,2500.0,,,,,,,,,,,,,,,False,,,,0,,,43.32,15.06,202603,-16.44,80.09,,,,,False,True,True,True,True
017550,수산세보틱스,KOSPI,기계·장비,1638.0,1022.0,62399130.0,6.45,0.51,254.0,3199.0,7.939981244138794,4045.0,1562.0,,,,,,,,,,,,,,,False,,,,0,,,-19.04,-2.02,202603,57.15,1.1,,,,,False,True,True,True,True
449770,KIWOOM 미국S&P500,KOSPI,ETF(실물복제/수익증권),22325.0,1072.0,4800000.0,0.0,0.0,0.0,0.0,,25005.0,17160.0,,,,,,,,,,,,,,,False,,,,0,,,,,,,,,,,,False,True,True,True,True
220260,켐트로스,KOSDAQ,화학,3255.0,1044.0,32072055.0,0.0,0.0,0.0,0.0,,9570.0,3095.0,,,,,,,,,,,,,,,False,,,,0,,,0.0,0.0,202509,0.0,0.0,,,,,False,True,True,True,True
148150,세경하이테크,KOSDAQ,전기·전자,2835.0,1008.0,35542818.0,2.89,0.58,980.0,4921.0,19.91465149359886,8950.0,2785.0,,,,,,,,,,,,,,,False,,,,0,,,0.0,13.13,202603,-94.4,81.67,,,,,False,True,True,True,True
049520,유아이엘,KOSDAQ,전기·전자,3520.0,1086.0,30842625.0,5.06,0.55,696.0,6453.0,10.785681078568107,4345.0,2905.0,,,,,,,,,,,,,,,False,,,,0,,,-18.42,-8.73,202603,25.11,73.52,,,,,False,True,True,True,True
115310,인포바인,KOSDAQ,통신,6530.0,1042.0,15964415.0,14.81,0.5,441.0,12978.0,3.3980582524271843,100800.0,6320.0,,,,,,,,,,,,,,,False,,,,0,,,-16.22,-3.45,202603,-17.95,-1.14,,,,,False,True,True,True,True
009780,엠에스씨,KOSDAQ,음식료·담배,6060.0,1067.0,17600000.0,4.64,0.56,1307.0,10750.0,12.15813953488372,13280.0,5740.0,,,,,,,,,,,,,,,False,,,,0,,,-1.15,-0.09,202603,7.76,6.63,,,,,False,True,True,True,True
476850,KoAct 배당성장액티브,KOSPI,ETF(Active/수익증권),21715.0,999.0,4600000.0,0.0,0.0,0.0,0.0,,28150.0,10720.0,,,,,,,,,,,,,,,False,,,,0,,,,,,,,,,,,False,True,True,True,True
340450,지씨지놈,KOSDAQ,일반서비스,4465.0,1056.0,23650793.0,-69.77,2.64,-64.0,1692.0,-3.7825059101654848,9520.0,4225.0,,,,,,,,,,,,,,,False,,,,0,,,0.0,-5.15,202412,0.0,0.0,,,,,False,True,True,True,True
380550,뉴로핏,KOSDAQ,IT 서비스,7930.0,967.0,12198866.0,-3.67,4.74,-2162.0,1672.0,-129.30622009569376,36700.0,7600.0,,,,,,,,,,,,,,,False,,,,0,,,0.0,-9.86,202603,0.0,0.0,,,,,False,True,True,True,True
058730,다스코,KOSPI,금속,4390.0,876.0,19948221.0,-17.15,0.54,-256.0,8064.0,-3.1746031746031744,5800.0,2270.0,,,,,,,,,,,,,,,False,,,,0,,,0.0,19.17,202603,0.0,31.55,,,,,False,True,True,True,True
039340,한국경제TV,KOSDAQ,오락·문화,4805.0,1057.0,22000000.0,39.07,0.53,123.0,9011.0,1.3649983353678836,6450.0,4270.0,,,,,,,,,,,,,,,False,,,,0,,,0.0,47.72,202603,0.0,-39.05,,,,,False,True,True,True,True
267850,아시아나IDT,KOSPI,IT 서비스,9250.0,1027.0,11100000.0,8.73,0.61,1060.0,15201.0,6.973225445694362,12880.0,8690.0,,,,,,,,,,,,,,,False,,,,0,,,1.25,3.01,202412,1.25,10.23,,,,,False,True,True,True,True
120030,조선선재,KOSPI,금속,84800.0,1066.0,1257651.0,0.0,0.0,0.0,0.0,,141800.0,82700.0,,,,,,,,,,,,,,,False,,,,0,,,0.0,0.0,202509,0.0,0.0,,,,,False,True,True,True,True
289080,SV인베스트먼트,KOSDAQ,금융,1751.0,1053.0,60138233.0,-97.28,1.36,-18.0,1287.0,-1.3986013986013985,5030.0,1535.0,,,,,,,,,,,,,,,False,,,,0,,,0.0,2.11,202603,0.0,13.19,,,,,False,True,True,True,True
108230,톱텍,KOSDAQ,기계·장비,2810.0,1068.0,38023245.0,-7.24,0.27,-388.0,10549.0,-3.678073751066452,6170.0,2725.0,,,,,,,,,,,,,,,False,,,,0,,,0.0,-28.03,202603,0.0,49.63,,,,,False,True,True,True,True
002450,삼익악기,KOSPI,제조,1119.0,1013.0,90530915.0,5.74,0.3,195.0,3698.0,5.273120605732828,1422.0,1050.0,,,,,,,,,,,,,,,False,,,,0,,,40.85,-6.54,202603,-61.55,-37.94,,,,,False,True,True,True,True
264900,크라운제과,KOSPI,음식료·담배,8160.0,1022.0,12523850.0,0.0,0.0,0.0,0.0,,10160.0,7560.0,,,,,,,,,,,,,,,False,,,,0,,,0.0,0.0,202509,0.0,0.0,,,,,False,True,True,True,True
095700,제넥신,KOSDAQ,일반서비스,2195.0,1000.0,45540494.0,0.0,0.0,0.0,0.0,,7490.0,2140.0,,,,,,,,,,,,,,,False,,,,0,,,0.0,0.0,202509,0.0,0.0,,,,,False,True,True,True,True
156100,엘앤케이바이오,KOSDAQ,의료·정밀기기,4225.0,944.0,22351153.0,-5.27,2.02,-801.0,2087.0,-38.380450407283185,16400.0,4110.0,,,,,,,,,,,,,,,False,,,,0,,,0.0,6.83,202603,-76.77,-8.49,,,,,False,True,True,True,True
017510,세명전기,KOSDAQ,금속,6710.0,1023.0,15246000.0,21.86,1.3,307.0,5154.0,5.956538610787738,17970.0,6310.0,,,,,,,,,,,,,,,False,,,,0,,,51.71,15.64,202412,51.71,36.75,,,,,False,True,True,True,True
052260,현대바이오랜드,KOSDAQ,화학,3415.0,1025.0,30000000.0,426.88,0.75,8.0,4538.0,0.17628911414720141,5320.0,3165.0,,,,,,,,,,,,,,,False,,,,0,,,4.43,13.45,202603,-22.29,15.98,,,,,False,True,True,True,True
002620,제일파마홀딩스,KOSPI,일반서비스,6350.0,1014.0,15973355.0,6.93,0.31,916.0,20763.0,4.411693878533931,9920.0,6050.0,,,,,,,,,,,,,,,False,,,,0,,,-50.0,-17.38,202603,0.0,0.0,,,,,False,True,True,True,True
006620,동구바이오제약,KOSDAQ,제약,3640.0,1036.0,28464992.0,2.06,0.65,1766.0,5610.0,31.479500891265598,6390.0,3490.0,,,,,,,,,,,,,,,False,,,,0,,,-22.5,-1.04,202603,-27.13,-18.18,,,,,False,True,True,True,True
029480,광무,KOSDAQ,전기·전자,1427.0,852.0,59719132.0,-2.82,0.4,-506.0,3601.0,-14.051652318800334,3130.0,1368.0,,,,,,,,,,,,,,,False,,,,0,,,0.0,-19.02,202603,0.0,0.0,,,,,False,True,True,True,True
105330,케이엔더블유,KOSDAQ,운송장비·부품,6100.0,977.0,16019520.0,-16.99,0.79,-359.0,7691.0,-4.667793524899233,11400.0,4100.0,,,,,,,,,,,,,,,False,,,,0,,,0.0,-15.14,202603,0.0,-21.95,,,,,False,True,True,True,True
073560,우리손에프앤지,KOSDAQ,음식료·담배,1539.0,1066.0,69237643.0,4.47,0.32,344.0,4805.0,7.159209157127992,2150.0,1360.0,,,,,,,,,,,,,,,False,,,,0,,,262.06,2.25,202603,18.76,143.06,,,,,False,True,True,True,True
016740,두올,KOSPI,운송장비·부품,3600.0,1032.0,28674024.0,3.81,0.37,945.0,9739.0,9.703254954307424,5420.0,3275.0,,,,,,,,,,,,,,,False,,,,0,,,-64.9,-0.38,202603,13.23,82.27,,,,,False,True,True,True,True
035610,솔본,KOSDAQ,일반서비스,4320.0,1181.0,27345997.0,5.66,0.56,763.0,7775.0,9.813504823151126,4575.0,3155.0,,,,,,,,,,,,,,,False,,,,0,,,0.0,42.22,202603,16.36,-4.31,,,,,False,True,True,True,True
019180,티에이치엔,KOSPI,전기·전자,5700.0,1026.0,18000000.0,1.49,0.46,3815.0,12483.0,30.56156372666827,10270.0,2735.0,,,,,,,,,,,,,,,False,,,,0,,,417.37,62.15,202603,126.26,1271.26,,,,,False,True,True,True,True
035080,그래디언트,KOSDAQ,유통,9350.0,1069.0,11431284.0,-3.57,0.24,-2617.0,38707.0,-6.761050972692279,15960.0,7220.0,,,,,,,,,,,,,,,False,,,,0,,,0.0,12.6,202603,0.0,-26.68,,,,,False,True,True,True,True
297090,씨에스베어링,KOSDAQ,기계·장비,3785.0,1032.0,27270000.0,9.19,1.02,412.0,3703.0,11.126113961652715,9600.0,3605.0,,,,,,,,,,,,,,,False,,,,0,,,47.56,1.73,202603,425.49,1340.63,,,,,False,True,True,True,True
488280,에스투더블유,KOSDAQ,IT 서비스,9350.0,1010.0,10803486.0,-16.7,4.31,-560.0,2170.0,-25.806451612903224,40000.0,8810.0,,,,,,,,,,,,,,,False,,,,0,,,0.0,0.13,202603,0.0,0.0,,,,,False,True,True,True,True
322510,제이엘케이,KOSDAQ,IT 서비스,4505.0,1159.0,25725892.0,-8.45,2.76,-533.0,1631.0,-32.67933782955242,9210.0,3765.0,,,,,,,,,,,,,,,False,,,,0,,,0.0,-15.07,202603,0.0,0.0,,,,,False,True,True,True,True
336680,탑런토탈솔루션,KOSDAQ,전기·전자,2415.0,945.0,39145558.0,14.29,0.52,169.0,4656.0,3.6297250859106533,5280.0,2355.0,,,,,,,,,,,,,,,False,,,,0,,,0.0,15.91,202603,-65.82,-26.03,,,,,False,True,True,True,True
338220,뷰노,KOSDAQ,IT 서비스,7050.0,987.0,14001823.0,-17.07,2.73,-413.0,2579.0,-16.013958898797984,28350.0,6770.0,,,,,,,,,,,,,,,False,,,,0,,,0.0,-19.74,202603,0.0,0.0,,,,,False,True,True,True,True
492500,1Q 현대차그룹채권(A+이상)&국고통안,KOSPI,ETF(실물복제/수익증권),50965.0,927.0,1818000.0,0.0,0.0,0.0,0.0,,53745.0,50760.0,,,,,,,,,,,,,,,False,,,,0,,,,,,,,,,,,False,True,True,True,True
027970,한국제지,KOSPI,종이·목재,545.0,1036.0,190150720.0,-3.1,0.26,-176.0,2136.0,-8.239700374531834,880.0,510.0,,,,,,,,,,,,,,,False,,,,0,,,9.33,-0.06,202603,-83.84,-25.93,,,,,False,True,True,True,True
083420,그린케미칼,KOSPI,화학,4310.0,1034.0,24000000.0,12.64,0.83,341.0,5211.0,6.543849549030896,8300.0,4095.0,,,,,,,,,,,,,,,False,,,,0,,,115.8,17.0,202412,115.8,9.05,,,,,False,True,True,True,True
417500,제이아이테크,KOSDAQ,화학,3085.0,1011.0,32784744.0,14.98,1.28,206.0,2405.0,8.565488565488566,6160.0,2890.0,,,,,,,,,,,,,,,False,,,,0,,,55.58,21.9,202603,19.43,22.78,,,,,False,True,True,True,True
331920,셀레믹스,KOSDAQ,제약,9500.0,931.0,9796977.0,-19.23,3.37,-494.0,2819.0,-17.523944661227386,19840.0,2535.0,,,,,,,,,,,,,,,False,,,,0,,,0.0,-46.4,202603,0.0,0.0,,,,,False,True,True,True,True
131030,옵투스제약,KOSDAQ,제약,5490.0,969.0,17646590.0,8.61,0.59,638.0,9244.0,6.901774123755949,20750.0,5390.0,,,,,,,,,,,,,,,False,,,,0,,,4.9,13.09,202412,4.9,3.6,,,,,False,True,True,True,True
009580,무림P&P,KOSPI,종이·목재,1609.0,1004.0,62368324.0,-2.96,0.17,-544.0,9575.0,-5.681462140992167,4420.0,1415.0,,,,,,,,,,,,,,,False,,,,0,,,0.0,7.64,202603,0.0,43.72,,,,,False,True,True,True,True
047770,코데즈컴바인,KOSDAQ,섬유·의류,2625.0,993.0,37842602.0,22.44,1.42,117.0,1855.0,6.307277628032345,5960.0,1625.0,,,,,,,,,,,,,,,False,,,,0,,,77.37,16.96,202603,128.15,13.41,,,,,False,True,True,True,True
166480,코아스템켐온,KOSDAQ,제약,1878.0,993.0,52870376.0,-2.88,1.63,-652.0,1152.0,-56.59722222222222,6100.0,1014.0,,,,,,,,,,,,,,,False,,,,0,,,0.0,-28.96,202603,0.0,0.0,,,,,False,True,True,True,True
246710,티앤알바이오팹,KOSDAQ,제약,1985.0,946.0,47664504.0,-2.0,4.09,-993.0,485.0,-204.74226804123708,5240.0,1127.0,,,,,,,,,,,,,,,False,,,,0,,,0.0,46.45,202603,0.0,0.0,,,,,False,True,True,True,True
012800,대창,KOSPI,금속,1114.0,1015.0,91140499.0,48.43,0.3,23.0,3725.0,0.6174496644295302,2095.0,1042.0,,,,,,,,,,,,,,,False,,,,0,,,63.47,15.22,202603,64.37,21.46,,,,,False,True,True,True,True
013570,디와이,KOSPI,금융,3880.0,1021.0,26319633.0,7.27,0.24,534.0,15901.0,3.3582793534997797,5640.0,3615.0,,,,,,,,,,,,,,,False,,,,0,,,-49.57,6.17,202603,34.91,16.24,,,,,False,True,True,True,True
010960,삼호개발,KOSPI,건설,3605.0,870.0,24120000.0,4.76,0.34,757.0,10609.0,7.13545103214252,5500.0,2985.0,,,,,,,,,,,,,,,False,,,,0,,,-79.47,-4.54,202603,1135.62,394.14,,,,,False,True,True,True,True
039560,다산네트웍스,KOSDAQ,전기·전자,2230.0,956.0,42888468.0,-12.32,0.33,-181.0,6733.0,-2.688251893658102,6050.0,2180.0,,,,,,,,,,,,,,,False,,,,0,,,10.76,4.73,202603,0.0,0.0,,,,,False,True,True,True,True
100700,세운메디칼,KOSDAQ,제약,2245.0,983.0,43800000.0,8.25,0.63,272.0,3584.0,7.5892857142857135,3430.0,2050.0,,,,,,,,,,,,,,,False,,,,0,,,22.73,5.71,202603,11.64,5.91,,,,,False,True,True,True,True
059210,메타바이오메드,KOSDAQ,제약,3705.0,1007.0,27171445.0,8.88,0.81,417.0,4594.0,9.077057030909883,6600.0,3300.0,,,,,,,,,,,,,,,False,,,,0,,,-13.59,-11.84,202603,24.43,61.67,,,,,False,True,True,True,True
119650,KC코트렐,KOSPI,기계·장비,918.0,1008.0,109785309.0,-7.06,1.97,-130.0,467.0,-27.8372591006424,918.0,918.0,,,,,,,,,,,,,,,False,,,,0,,,0.0,-52.46,202603,0.0,30.14,,,,,False,True,True,True,True
021080,에이티넘인베스트,KOSDAQ,금융,2090.0,1003.0,48000000.0,0.0,0.0,0.0,0.0,,4000.0,2050.0,,,,,,,,,,,,,,,False,,,,0,,,0.0,0.0,202509,0.0,0.0,,,,,False,True,True,True,True
065170,비엘팜텍,KOSDAQ,유통,2970.0,829.0,27913793.0,-4.72,10.03,-629.0,296.0,-212.5,8150.0,376.0,,,,,,,,,,,,,,,False,,,,0,,,0.0,-49.23,202603,0.0,0.0,,,,,False,True,True,True,True
001260,남광토건,KOSPI,건설,8270.0,813.0,9832572.0,15.37,0.65,538.0,12722.0,4.228894827857255,13400.0,6730.0,,,,,,,,,,,,,,,False,,,,0,,,-11.8,0.82,202603,56.63,21.26,,,,,False,True,True,True,True
123690,한국화장품,KOSPI,유통,6170.0,991.0,16068000.0,88.14,2.95,70.0,2088.0,3.3524904214559386,13080.0,5680.0,,,,,,,,,,,,,,,False,,,,0,,,11.8,-14.9,202603,-85.79,-21.41,,,,,False,True,True,True,True
035000,HS애드,KOSPI,일반서비스,6000.0,972.0,16207644.0,5.71,0.46,1051.0,13081.0,8.034553933185535,9480.0,5960.0,,,,,,,,,,,,,,,False,,,,0,,,0.0,-10.71,202603,-7.03,3.83,,,,,False,True,True,True,True
453450,그리드위즈,KOSDAQ,일반서비스,14590.0,1159.0,7942750.0,54.04,0.87,270.0,16771.0,1.6099218889750164,29800.0,11700.0,,,,,,,,,,,,,,,False,,,,0,,,0.0,-6.9,202603,0.0,-27.45,,,,,False,True,True,True,True
125210,아모그린텍,KOSDAQ,전기·전자,5660.0,934.0,16496790.0,15.85,1.15,357.0,4917.0,7.26052471018914,16750.0,5460.0,,,,,,,,,,,,,,,False,,24000.0,324.02826855123675,1,20260423,매수,-11.35,-10.95,202603,109.87,28.44,,,,,False,True,True,True,True
013310,아진산업,KOSDAQ,운송장비·부품,2490.0,966.0,38806582.0,4.16,0.28,598.0,8952.0,6.680071492403932,4895.0,2450.0,,,,,,,,,,,,,,,False,,,,0,,,149.16,-12.2,202603,99.42,38.1,,,,,False,True,True,True,True
248170,샘표식품,KOSPI,음식료·담배,21800.0,996.0,4568286.0,4.99,0.38,4366.0,58052.0,7.520843381795632,34750.0,20450.0,,,,,,,,,,,,,,,False,,,,0,,,390.02,3.34,202603,278.85,77.64,,,,,False,True,True,True,True
246720,아스타,KOSDAQ,제약,6070.0,994.0,16381300.0,0.0,0.0,0.0,0.0,,11080.0,4800.0,,,,,,,,,,,,,,,False,,,,0,,,0.0,0.0,202509,0.0,0.0,,,,,False,True,True,True,True
021820,세원정공,KOSPI,운송장비·부품,9890.0,989.0,10000000.0,2.13,0.16,4646.0,63677.0,7.296197999277604,17820.0,9480.0,,,,,,,,,,,,,,,False,,,,0,,,38.7,0.66,202603,38.7,28.97,,,,,False,True,True,True,True
032940,원익,KOSDAQ,유통,5410.0,984.0,18193230.0,8.56,0.35,632.0,15605.0,4.049983979493752,17800.0,5180.0,,,,,,,,,,,,,,,False,,,,0,,,1.23,0.99,202603,-4.24,13.0,,,,,False,True,True,True,True
066980,한성크린텍,KOSDAQ,일반서비스,1804.0,938.0,52001351.0,902.0,1.55,2.0,1161.0,0.17226528854435832,2745.0,1074.0,,,,,,,,,,,,,,,False,,,,0,,,0.0,-4.31,202603,0.0,-25.22,,,,,False,True,True,True,True
041520,이엘씨,KOSDAQ,의료·정밀기기,8400.0,1024.0,12188730.0,12.39,0.57,678.0,14791.0,4.583868568724224,13620.0,6130.0,,,,,,,,,,,,,,,False,,,,0,,,0.0,29.73,202603,0.0,0.0,,,,,False,True,True,True,True
084680,이월드,KOSPI,제조,669.0,949.0,141806193.0,-4.61,0.4,-145.0,1654.0,-8.766626360338574,2100.0,654.0,,,,,,,,,,,,,,,False,,,,0,,,0.0,-5.92,202412,0.0,203.19,,,,,False,True,True,True,True
053700,삼보모터스,KOSDAQ,운송장비·부품,3765.0,1006.0,26715757.0,4.25,0.21,886.0,18124.0,4.888545574928272,9990.0,3555.0,,,,,,,,,,,,,,,False,,,,0,,,-40.69,4.15,202603,13.74,44.54,,,,,False,True,True,True,True
187790,나노,KOSDAQ,화학,2770.0,854.0,30840830.0,12.15,1.99,228.0,1393.0,16.367552045944006,7560.0,1340.0,,,,,,,,,,,,,,,False,,,,0,,,0.0,-19.22,202603,233.4,78.52,,,,,False,True,True,True,True
299030,하나기술,KOSDAQ,기계·장비,12480.0,998.0,7994910.0,-17.19,0.99,-726.0,12570.0,-5.7756563245823385,35850.0,11910.0,,,,,,,,,,,,,,,False,,,,0,,,0.0,-42.41,202603,0.0,0.0,,,,,False,True,True,True,True
051980,중앙첨단소재,KOSDAQ,전기·전자,1019.0,1132.0,111091709.0,-19.23,1.09,-53.0,936.0,-5.662393162393163,4355.0,855.0,,,,,,,,,,,,,,,False,,,,0,,,0.0,-30.38,202603,0.0,0.0,,,,,False,True,True,True,True
141000,비아트론,KOSDAQ,기계·장비,8190.0,992.0,12114710.0,9.22,0.46,888.0,17991.0,4.935801233950309,12890.0,6700.0,,,,,,,,,,,,,,,False,,,,0,,,0.0,-40.48,202603,35.83,11.94,,,,,False,True,True,True,True
023450,동남합성,KOSPI,화학,27900.0,977.0,3500000.0,0.0,0.0,0.0,0.0,,35100.0,26100.0,,,,,,,,,,,,,,,False,,,,0,,,0.0,0.0,202509,0.0,0.0,,,,,False,True,True,True,True
209640,와이제이링크,KOSDAQ,기계·장비,3140.0,893.0,28443146.0,-28.81,1.2,-109.0,2619.0,-4.161893852615503,10350.0,2390.0,,,,,,,,,,,,,,,False,,,,0,,,0.0,94.18,202603,0.0,0.0,,,,,False,True,True,True,True
066790,씨씨에스,KOSDAQ,오락·문화,1493.0,973.0,65152039.0,-10.74,3.55,-139.0,420.0,-33.095238095238095,1493.0,1493.0,,,,,,,,,,,,,,,False,,,,0,,,0.0,-2.36,202603,0.0,-10.02,,,,,False,True,True,True,True
323990,박셀바이오,KOSDAQ,일반서비스,3970.0,923.0,23257345.0,-8.59,1.24,-462.0,3190.0,-14.482758620689657,11520.0,3815.0,,,,,,,,,,,,,,,False,,,,0,,,0.0,13737.28,202412,0.0,0.0,,,,,False,True,True,True,True
101170,우림피티에스,KOSDAQ,기계·장비,6740.0,910.0,13500000.0,38.08,1.07,177.0,6273.0,2.8216164514586324,24000.0,4845.0,,,,,,,,,,,,,,,False,,,,0,,,0.0,-24.56,202603,0.0,-18.01,,,,,False,True,True,True,True
123040,엠에스오토텍,KOSDAQ,운송장비·부품,1484.0,929.0,62628299.0,-0.87,0.45,-1710.0,3331.0,-51.33593515460822,3355.0,1381.0,,,,,,,,,,,,,,,False,,,,0,,,-47.46,4.42,202603,-67.52,-28.92,,,,,False,True,True,True,True
120240,대정화금,KOSDAQ,화학,13720.0,987.0,7190391.0,10.19,0.57,1346.0,24094.0,5.586453058852826,14490.0,12030.0,,,,,,,,,,,,,,,False,,,,0,,,-22.88,-1.05,202412,-22.88,6.24,,,,,False,True,True,True,True
228850,레이언스,KOSDAQ,의료·정밀기기,5980.0,992.0,16591014.0,-18.81,0.4,-318.0,15058.0,-2.111834240935051,7420.0,4835.0,,,,,,,,,,,,,,,False,,9000.0,50.50167224080268,1,20260513,Buy,0.0,34.88,202603,0.0,-29.55,,,,,False,True,True,True,True
235980,메드팩토,KOSDAQ,일반서비스,2720.0,932.0,34275121.0,-7.27,2.03,-374.0,1342.0,-27.86885245901639,8650.0,2610.0,,,,,,,,,,,,,,,False,,,,0,,,0.0,206.2,202603,0.0,0.0,,,,,False,True,True,True,True
068240,다원시스,KOSDAQ,전기·전자,2530.0,966.0,38163437.0,-0.49,-0.19,-5162.0,-13604.0,37.9447221405469,8720.0,2015.0,,,,,,,,,,,,,,,False,,,,0,,,0.0,-52.31,202603,0.0,-20.11,,,,,False,True,True,True,True
309960,LB인베스트먼트,KOSDAQ,금융,4030.0,936.0,23217239.0,7.52,0.73,536.0,5521.0,9.708386161927187,7750.0,3845.0,,,,,,,,,,,,,,,False,,,,0,,,107.21,147.77,202603,-10.94,31.62,,,,,False,True,True,True,True
115500,케이씨에스,KOSDAQ,IT 서비스,8000.0,960.0,12000000.0,0.0,0.0,0.0,0.0,,27500.0,7310.0,,,,,,,,,,,,,,,False,,,,0,,,0.0,0.0,202509,0.0,0.0,,,,,False,True,True,True,True
040300,YTN,KOSDAQ,오락·문화,1937.0,924.0,47676980.0,-4.37,0.37,-443.0,5300.0,-8.358490566037737,4900.0,1900.0,,,,,,,,,,,,,,,False,,,,0,,,0.0,0.54,202412,0.0,19.22,,,,,False,True,True,True,True
289930,웨이비스,KOSDAQ,전기·전자,7340.0,965.0,13149010.0,-14.89,2.73,-493.0,2686.0,-18.354430379746837,24650.0,7000.0,,,,,,,,,,,,,,,False,,,,0,,,0.0,74.05,202412,0.0,0.0,,,,,False,True,True,True,True
013360,일성건설,KOSPI,건설,1447.0,782.0,54024880.0,20.97,1.07,69.0,1354.0,5.096011816838995,2830.0,1105.0,,,,,,,,,,,,,,,False,,,,0,,,-45.45,-25.81,202603,0.0,55.63,,,,,False,True,True,True,True
352090,스톰테크,KOSDAQ,화학,3500.0,941.0,26872998.0,9.21,1.0,380.0,3491.0,10.88513319965626,4200.0,3330.0,,,,,,,,,,,,,,,False,,,,0,,,27.92,8.62,202603,-3.9,0.9,,,,,False,True,True,True,True
475580,에이럭스,KOSDAQ,기타제조,6910.0,941.0,13624900.0,-10.01,2.03,-690.0,3399.0,-20.30008826125331,15650.0,6700.0,,,,,,,,,,,,,,,False,,,,0,,,0.0,36.25,202603,0.0,-13.42,,,,,False,True,True,True,True
205500,넥써쓰,KOSDAQ,IT 서비스,1579.0,1012.0,64112099.0,-28.2,3.13,-56.0,504.0,-11.11111111111111,4480.0,1387.0,,,,,,,,,,,,,,,False,,,,0,,,-47.74,75.99,202603,0.0,0.0,,,,,False,True,True,True,True
417010,나노팀,KOSDAQ,기계·장비,4430.0,894.0,20172728.0,88.6,1.83,50.0,2423.0,2.063557573256294,15930.0,4230.0,,,,,,,,,,,,,,,False,,,,0,,,0.0,8.79,202603,0.0,26.55,,,,,False,True,True,True,True
007210,벽산,KOSPI,비금속,1478.0,966.0,65360000.0,4.35,0.27,340.0,5403.0,6.292800296131778,2435.0,1345.0,,,,,,,,,,,,,,,False,,,,0,,,175.06,3.25,202603,-9.52,28.54,,,,,False,True,True,True,True
489460,바이오비쥬,KOSDAQ,화학,5990.0,901.0,15044430.0,20.1,1.45,298.0,4118.0,7.236522583778533,24100.0,5230.0,,,,,,,,,,,,,,,False,,,,0,,,23.86,-30.83,202603,-54.19,-18.06,,,,,False,True,True,True,True
071280,로체시스템즈,KOSDAQ,기계·장비,6360.0,973.0,15296603.0,7.94,0.71,801.0,9007.0,8.893083157544131,14070.0,5900.0,,,,,,,,,,,,,,,False,,,,0,,,-15.25,32.42,202603,-27.07,-5.38,,,,,False,True,True,True,True
067830,세이브존I&C,KOSPI,유통,2230.0,915.0,41040895.0,7.24,0.19,308.0,11950.0,2.577405857740586,4135.0,2100.0,,,,,,,,,,,,,,,False,,,,0,,,-29.58,-5.29,202412,-29.58,-8.72,,,,,False,True,True,True,True
362320,청담글로벌,KOSDAQ,유통,4425.0,936.0,21151290.0,49.72,1.04,89.0,4268.0,2.085285848172446,11280.0,3290.0,,,,,,,,,,,,,,,False,,,,0,,,-29.19,-10.98,202603,-21.83,-9.19,,,,,False,True,True,True,True
255440,야스,KOSDAQ,기계·장비,6980.0,911.0,13058000.0,-16.54,0.62,-422.0,11182.0,-3.7739223752459314,13450.0,6610.0,,,,,,,,,,,,,,,False,,,,0,,,0.0,709.99,202603,0.0,0.0,,,,,False,True,True,True,True
002210,동성제약,KOSPI,제약,973.0,940.0,96619507.0,-3.5,0.39,-278.0,2494.0,-11.146752205292703,973.0,973.0,,,,,,,,,,,,,,,False,,,,0,,,0.0,-0.16,202412,0.0,0.0,,,,,False,True,True,True,True
009190,대양금속,KOSPI,금속,1920.0,845.0,43986275.0,11.36,1.07,169.0,1789.0,9.446618222470654,2545.0,1094.0,,,,,,,,,,,,,,,False,,,,0,,,0.0,1.3,202603,197.45,65.82,,,,,False,True,True,True,True
058630,엠게임,KOSDAQ,IT 서비스,4845.0,930.0,19202574.0,5.91,0.68,820.0,7129.0,11.502314490110816,7660.0,3770.0,,,,,,,,,,,,,,,False,,,,0,,,-51.05,-10.48,202603,36.73,-10.78,,,,,False,True,True,True,True
104460,디와이피엔에프,KOSDAQ,기계·장비,8650.0,910.0,10518101.0,3.64,0.55,2378.0,15819.0,15.032555787344332,21000.0,8050.0,,,,,,,,,,,,,,,False,,,,0,,,-70.84,-35.26,202603,16.16,70.53,,,,,False,True,True,True,True
005860,한일사료,KOSDAQ,음식료·담배,2580.0,1017.0,39403685.0,15.93,0.62,162.0,4159.0,3.8951671074777594,5340.0,2080.0,,,,,,,,,,,,,,,False,,,,0,,,250.32,15.8,202603,58.58,55.9,,,,,False,True,True,True,True
333430,일승,KOSDAQ,운송장비·부품,3010.0,925.0,30726747.0,12.39,2.01,243.0,1494.0,16.265060240963855,10430.0,2850.0,,,,,,,,,,,,,,,False,,,,0,,,227.97,20.44,202603,57.13,50.56,,,,,False,True,True,True,True
014790,HL D&I,KOSPI,건설,2360.0,893.0,37858601.0,7.28,0.19,324.0,12302.0,2.6337180946187613,4120.0,2215.0,,,,,,,,,,,,,,,False,,4567.0,93.51694915254237,3,20260528,BUY,33.96,18.38,202603,37.83,16.13,,,,,False,True,True,True,True
158430,아톤,KOSDAQ,IT 서비스,3635.0,890.0,24482092.0,57.7,0.86,63.0,4240.0,1.4858490566037736,11370.0,3495.0,,,,,,,,,,,,,,,False,,,,0,,,-79.37,-12.76,202603,-28.26,13.36,,,,,False,True,True,True,True
036580,팜스코,KOSPI,음식료·담배,2950.0,1083.0,36727943.0,2.65,0.5,1114.0,5917.0,18.827108331924965,4865.0,2185.0,,,,,,,,,,,,,,,False,,,,0,,,-1.83,6.56,202603,48.7,62.5,,,,,False,True,True,True,True
265740,엔에프씨,KOSDAQ,화학,5020.0,897.0,17863600.0,0.0,0.0,0.0,0.0,,12980.0,4020.0,,,,,,,,,,,,,,,False,,,,0,,,0.0,0.0,202509,0.0,-20.19,,,,,False,True,True,True,True
008700,아남전자,KOSPI,전기·전자,1108.0,855.0,77124820.0,14.58,0.64,76.0,1735.0,4.380403458213256,1938.0,1096.0,,,,,,,,,,,,,,,False,,,,0,,,0.0,-43.32,202603,-51.57,-33.52,,,,,False,True,True,True,True
419050,삼기에너지솔루션즈,KOSDAQ,운송장비·부품,1496.0,856.0,57196240.0,-9.59,1.33,-156.0,1122.0,-13.903743315508022,2615.0,1101.0,,,,,,,,,,,,,,,False,,,,0,,,-45.17,65.65,202603,0.0,-30.44,,,,,False,True,True,True,True
058850,KTcs,KOSPI,IT 서비스,2250.0,932.0,41404450.0,4.11,0.4,548.0,5605.0,9.77698483496878,3195.0,2165.0,,,,,,,,,,,,,,,False,,,,0,,,58.33,0.22,202603,327.56,80.59,,,,,False,True,True,True,True
066590,스모트로닉,KOSDAQ,운송장비·부품,2320.0,897.0,38677937.0,-8.5,1.14,-273.0,2034.0,-13.421828908554573,4200.0,1777.0,,,,,,,,,,,,,,,False,,,,0,,,381.9,7.72,202603,-95.01,10.64,,,,,False,True,True,True,True
306620,지아이에스,KOSDAQ,기계·장비,1725.0,827.0,47942184.0,-18.96,1.68,-91.0,1025.0,-8.878048780487804,4140.0,1666.0,,,,,,,,,,,,,,,False,,,,0,,,0.0,82.89,202603,-55.0,4.12,,,,,False,True,True,True,True
040420,정상제이엘에스,KOSDAQ,일반서비스,5760.0,903.0,15677552.0,13.62,1.03,423.0,5585.0,7.57385854968666,6850.0,5530.0,,,,,,,,,,,,,,,False,,,,0,,,1.66,-1.24,202603,-3.5,-14.59,,,,,False,True,True,True,True
074430,아미노로직스,KOSDAQ,제약,990.0,869.0,87826844.0,24.75,1.55,40.0,638.0,6.269592476489027,1940.0,855.0,,,,,,,,,,,,,,,False,,,,0,,,23.05,13.87,202603,0.0,-26.41,,,,,False,True,True,True,True
047560,이스트소프트,KOSDAQ,IT 서비스,7490.0,880.0,11753082.0,-4.93,1.55,-1520.0,4825.0,-31.50259067357513,23850.0,6900.0,,,,,,,,,,,,,,,False,,,,0,,,0.0,22.95,202603,0.0,0.0,,,,,False,True,True,True,True
096240,크레버스,KOSDAQ,일반서비스,8300.0,891.0,10738180.0,14.0,1.49,593.0,5570.0,10.646319569120287,14310.0,7900.0,,,,,,,,,,,,,,,False,,,,0,,,-7.18,-3.01,202603,-78.25,-46.35,,,,,False,True,True,True,True
298540,더네이쳐홀딩스,KOSDAQ,섬유·의류,6300.0,913.0,14486386.0,13.61,0.26,463.0,24221.0,1.911564344989885,12730.0,5580.0,,,,,,,,,,,,,,,False,,,,0,,,0.0,-12.43,202603,-76.85,-52.72,,,,,False,True,True,True,True
357230,에이치피오,KOSDAQ,음식료·담배,2095.0,865.0,41293476.0,10.42,0.57,201.0,3681.0,5.460472697636512,3295.0,1926.0,,,,,,,,,,,,,,,False,,,,0,,,112.51,14.09,202603,69.48,10.65,,,,,False,True,True,True,True
093920,서원인텍,KOSDAQ,전기·전자,4865.0,905.0,18600000.0,13.74,0.42,354.0,11528.0,3.070784177654407,5910.0,4500.0,,,,,,,,,,,,,,,False,,,,0,,,-16.15,-32.68,202603,-64.31,-43.53,,,,,False,True,True,True,True
014440,영보화학,KOSPI,화학,4540.0,908.0,20000000.0,5.4,0.46,841.0,9810.0,8.572884811416921,5410.0,4200.0,,,,,,,,,,,,,,,False,,,,0,,,-8.6,7.45,202603,-0.59,72.77,,,,,False,True,True,True,True
042500,링네트,KOSDAQ,IT 서비스,3995.0,891.0,22291144.0,8.17,0.68,489.0,5843.0,8.368988533287695,7400.0,3410.0,,,,,,,,,,,,,,,False,,,,0,,,193.59,45.17,202603,4.55,12.87,,,,,False,True,True,True,True
226400,오스테오닉,KOSDAQ,의료·정밀기기,4235.0,875.0,20661601.0,11.67,1.26,363.0,3363.0,10.793933987511151,8190.0,3710.0,,,,,,,,,,,,,,,False,,10000.0,136.12750885478158,1,20260601,BUY,55.69,35.39,202603,28.73,54.21,,,,,False,True,True,True,True
263720,디앤씨미디어,KOSDAQ,오락·문화,6640.0,824.0,12412591.0,10.42,0.87,637.0,7665.0,8.310502283105023,18410.0,6220.0,,,,,,,,,,,,,,,False,,17000.0,156.02409638554218,1,20260227,매수,54.51,-2.79,202603,59.7,76.85,,,,,False,True,True,True,True
474610,RF시스템즈,KOSDAQ,금속,5710.0,823.0,14415220.0,0.0,0.0,0.0,0.0,,17750.0,3885.0,,,,,,,,,,,,,,,False,,,,0,,,0.0,0.0,202509,0.0,0.0,,,,,False,True,True,True,True
365330,에스와이스틸텍,KOSDAQ,금속,1502.0,754.0,50171000.0,-29.45,0.79,-51.0,1912.0,-2.6673640167364017,6650.0,1452.0,,,,,,,,,,,,,,,False,,,,0,,,0.0,-34.16,202603,0.0,10.24,,,,,False,True,True,True,True
307930,컴퍼니케이,KOSDAQ,금융,5700.0,890.0,15610000.0,0.0,0.0,0.0,0.0,,11100.0,5150.0,,,,,,,,,,,,,,,False,,,,0,,,0.0,0.0,202509,0.0,0.0,,,,,False,True,True,True,True
337930,젝시믹스,KOSDAQ,IT 서비스,2955.0,877.0,29676475.0,7.42,0.75,398.0,3915.0,10.16602809706258,6900.0,2810.0,,,,,,,,,,,,,,,False,,,,0,,,39.05,4.45,202603,-30.33,0.34,,,,,False,True,True,True,True
023000,삼원강재,KOSPI,운송장비·부품,2225.0,884.0,39739956.0,0.0,0.0,0.0,0.0,,2625.0,2050.0,,,,,,,,,,,,,,,False,,,,0,,,0.0,0.0,202509,0.0,0.0,,,,,False,True,True,True,True
044990,에이치엔에스하이텍,KOSDAQ,전기·전자,10440.0,802.0,7685425.0,9.38,0.73,1113.0,14317.0,7.773974994761472,24200.0,10100.0,,,,,,,,,,,,,,,False,,,,0,,,-28.0,9.31,202603,-27.72,-22.44,,,,,False,True,True,True,True
058860,KTis,KOSPI,IT 서비스,2540.0,884.0,34802000.0,0.0,0.0,0.0,0.0,,3210.0,2370.0,,,,,,,,,,,,,,,False,,,,0,,,6.45,6.2,202509,0.0,0.0,,,,,False,True,True,True,True
065450,빅텍,KOSDAQ,의료·정밀기기,3065.0,904.0,29495803.0,19.9,1.45,154.0,2116.0,7.277882797731569,7050.0,2860.0,,,,,,,,,,,,,,,False,,,,0,,,151.25,39.86,202603,140.5,46.83,,,,,False,True,True,True,True
487580,폴레드,KOSDAQ,전기·전자,3130.0,788.0,25182861.0,8.22,1.89,381.0,1660.0,22.951807228915662,26000.0,3020.0,,,,,,,,,,,,,,,False,,,,0,,,-4.04,20.23,202603,68.15,2026.8,,,,,False,True,True,True,True
032560,황금에스티,KOSPI,금속,5220.0,887.0,17000000.0,4.92,0.23,1060.0,22693.0,4.671043934252853,6580.0,4915.0,,,,,,,,,,,,,,,False,,,,0,,,71.82,20.82,202603,-7.14,-26.01,,,,,False,True,True,True,True
023900,풍국주정,KOSDAQ,음식료·담배,7230.0,911.0,12600000.0,8.9,0.53,812.0,13637.0,5.954388795189558,13140.0,6500.0,,,,,,,,,,,,,,,False,,,,0,,,-24.57,-7.39,202603,34.04,83.65,,,,,False,True,True,True,True
053260,금강철강,KOSDAQ,금속,4670.0,874.0,18720000.0,-1556.67,0.58,-3.0,8115.0,-0.03696857670979667,8130.0,3720.0,,,,,,,,,,,,,,,False,,,,0,,,-97.17,-10.15,202603,-60.54,-26.8,,,,,False,True,True,True,True
072020,중앙백신,KOSDAQ,제약,9310.0,881.0,9458687.0,0.0,0.0,0.0,0.0,,10350.0,8780.0,,,,,,,,,,,,,,,False,,,,0,,,0.0,0.0,202509,0.0,-1.9,,,,,False,True,True,True,True
008260,NI스틸,KOSPI,금속,2990.0,855.0,28600117.0,3.33,0.33,899.0,8950.0,10.044692737430168,4650.0,2800.0,,,,,,,,,,,,,,,False,,,,0,,,-47.45,-28.11,202412,-47.45,24.65,,,,,False,True,True,True,True
059120,아진엑스텍,KOSDAQ,전기·전자,4535.0,830.0,18310066.0,0.0,0.0,0.0,0.0,,18600.0,4225.0,,,,,,,,,,,,,,,False,,,,0,,,0.0,0.0,202509,0.0,0.0,,,,,False,True,True,True,True
100130,동국S&C,KOSDAQ,금속,1531.0,875.0,57143000.0,-52.79,0.46,-29.0,3331.0,-0.8706094265986191,3020.0,1381.0,,,,,,,,,,,,,,,False,,2000.0,30.633572828216852,1,20260529,HOLD,0.0,-64.96,202603,0.0,0.0,,,,,False,True,True,True,True
453080,KIWOOM 미국나스닥100(H),KOSPI,ETF(실물복제/수익증권),22935.0,872.0,3800000.0,0.0,0.0,0.0,0.0,,23980.0,17975.0,,,,,,,,,,,,,,,False,,,,0,,,,,,,,,,,,False,True,True,True,True
008830,대동기어,KOSDAQ,기계·장비,9300.0,836.0,8987520.0,71.54,0.98,130.0,9519.0,1.365689673285009,29050.0,9110.0,,,,,,,,,,,,,,,False,,,,0,,,-44.81,-8.6,202412,-44.81,-12.4,,,,,False,True,True,True,True
004140,동방,KOSPI,운송·창고,1803.0,865.0,47971766.0,5.02,0.49,359.0,3677.0,9.763394071253739,4120.0,1649.0,,,,,,,,,,,,,,,False,,,,0,,,-25.01,17.75,202603,-18.14,6.82,,,,,False,True,True,True,True
111710,남화산업,KOSDAQ,오락·문화,3835.0,790.0,20588000.0,0.0,0.0,0.0,0.0,,7820.0,3210.0,,,,,,,,,,,,,,,False,,,,0,,,0.0,0.0,202509,0.0,0.0,,,,,False,True,True,True,True
221800,지구홀딩스,KOSDAQ,일반서비스,5000.0,816.0,16318851.0,0.0,0.0,0.0,0.0,,32800.0,3010.0,,,,,,,,,,,,,,,False,,,,0,,,0.0,24.16,202603,0.0,0.0,,,,,False,True,True,True,True
086710,선진뷰티사이언스,KOSDAQ,화학,6960.0,849.0,12203280.0,14.26,0.99,488.0,7045.0,6.926898509581263,13410.0,6000.0,,,,,,,,,,,,,,,False,,,,0,,,-59.32,1.09,202603,-43.05,14.86,,,,,False,True,True,True,True
049950,미래컴퍼니,KOSDAQ,기계·장비,9750.0,860.0,8817884.0,-3.44,0.76,-2835.0,12792.0,-22.162288930581614,21750.0,9260.0,,,,,,,,,,,,,,,False,,,,0,,,0.0,67.56,202603,0.0,0.0,,,,,False,True,True,True,True
088130,동아엘텍,KOSDAQ,기계·장비,4850.0,848.0,17485314.0,1.73,0.5,2811.0,9726.0,28.901912399753236,14620.0,3005.0,,,,,,,,,,,,,,,False,,,,0,,,0.0,54.18,202603,668.69,380.9,,,,,False,True,True,True,True
182360,큐브엔터,KOSDAQ,오락·문화,5290.0,823.0,15549849.0,-15.51,0.49,-341.0,10823.0,-3.1506975884690016,18920.0,5050.0,,,,,,,,,,,,,,,False,,,,0,,,0.0,-5.71,202603,0.0,33.43,,,,,False,True,True,True,True
214330,금호에이치티,KOSPI,운송장비·부품,6060.0,634.0,10456929.0,-2.82,0.2,-2150.0,30689.0,-7.0057675388575715,11530.0,336.0,,,,,,,,,,,,,,,False,,,,0,,,-38.25,-17.08,202603,-47.45,-7.05,,,,,False,True,True,True,True
225530,HC보광산업,KOSDAQ,비금속,2030.0,738.0,36338727.0,-29.42,0.8,-69.0,2530.0,-2.727272727272727,4555.0,1862.0,,,,,,,,,,,,,,,False,,,,0,,,0.0,-4.61,202603,0.0,-10.04,,,,,False,True,True,True,True
302550,리메드,KOSDAQ,의료·정밀기기,2650.0,819.0,30907150.0,155.88,2.04,17.0,1296.0,1.3117283950617282,4595.0,2300.0,,,,,,,,,,,,,,,False,,,,0,,,81.34,11.37,202603,-35.26,-11.75,,,,,False,True,True,True,True
023800,인지컨트롤스,KOSPI,운송장비·부품,5300.0,838.0,15809197.0,5.21,0.36,1017.0,14627.0,6.952895330553087,8460.0,4770.0,,,,,,,,,,,,,,,False,,,,0,,,0.46,-1.56,202603,50.16,33.01,,,,,False,True,True,True,True
434960,DAISHIN343 K200,KOSPI,ETF(실물복제/수익증권),110430.0,773.0,700000.0,0.0,0.0,0.0,0.0,,153415.0,42380.0,,,,,,,,,,,,,,,False,,,,0,,,,,,,,,,,,False,True,True,True,True
033290,로젠,KOSDAQ,유통,1568.0,881.0,56156301.0,4.19,0.21,374.0,7584.0,4.931434599156118,2485.0,1390.0,,,,,,,,,,,,,,,False,,,,0,,,-63.77,0.74,202603,-31.48,-15.74,,,,,False,True,True,True,True
130580,나이스디앤비,KOSDAQ,일반서비스,5450.0,839.0,15400000.0,6.5,0.73,839.0,7506.0,11.177724487077006,6590.0,5100.0,,,,,,,,,,,,,,,False,,,,0,,,101.76,3.7,202603,-2.22,0.19,,,,,False,True,True,True,True
212710,아이에스티이,KOSDAQ,전기·전자,9750.0,947.0,9714978.0,-19.62,4.46,-497.0,2184.0,-22.756410256410255,15580.0,6970.0,,,,,,,,,,,,,,,False,,,,0,,,74.46,-38.21,202603,0.0,0.0,,,,,False,True,True,True,True
004650,창해에탄올,KOSDAQ,음식료·담배,9190.0,845.0,9190885.0,6.37,0.49,1443.0,18768.0,7.688618925831202,13460.0,8800.0,,,,,,,,,,,,,,,False,,,,0,,,2.9,-5.7,202603,-8.56,19.97,,,,,False,True,True,True,True
396470,워트,KOSDAQ,기계·장비,5100.0,822.0,16120000.0,23.08,1.24,221.0,4097.0,5.394190871369295,10960.0,4855.0,,,,,,,,,,,,,,,False,,,,0,,,-6.91,-5.77,202603,22.25,-5.9,,,,,False,True,True,True,True
004890,동일산업,KOSPI,금속,36150.0,877.0,2425215.0,-6.79,0.19,-5321.0,189781.0,-2.8037580158182323,47000.0,33000.0,,,,,,,,,,,,,,,False,,,,0,,,101.58,-8.72,202603,0.0,0.0,,,,,False,True,True,True,True
002230,피에스텍,KOSDAQ,의료·정밀기기,4565.0,854.0,18705320.0,9.65,0.57,473.0,8061.0,5.86775834263739,16990.0,3715.0,,,,,,,,,,,,,,,False,,,,0,,,-76.45,-31.71,202603,53.98,118.91,,,,,False,True,True,True,True
214680,디알텍,KOSDAQ,의료·정밀기기,889.0,742.0,83477056.0,-2.95,0.99,-301.0,901.0,-33.40732519422864,2365.0,850.0,,,,,,,,,,,,,,,False,,,,0,,,0.0,25.53,202603,0.0,0.0,,,,,False,True,True,True,True
004100,태양금속,KOSPI,운송장비·부품,2275.0,835.0,36700000.0,26.15,0.54,87.0,4175.0,2.0838323353293413,3790.0,1951.0,,,,,,,,,,,,,,,False,,,,0,,,-19.09,-2.21,202603,39.66,17.24,,,,,False,True,True,True,True
096250,와이즈넛,KOSDAQ,IT 서비스,6200.0,813.0,13106609.0,46.27,1.2,134.0,5170.0,2.591876208897485,17190.0,5470.0,,,,,,,,,,,,,,,False,,,,0,,,0.0,33.79,202603,-93.33,-43.54,,,,,False,True,True,True,True
452190,한빛레이저,KOSDAQ,기계·장비,3395.0,812.0,23920557.0,32.64,2.59,104.0,1311.0,7.9328756674294425,10590.0,3210.0,,,,,,,,,,,,,,,False,,,,0,,,0.0,690.48,202603,0.0,-24.31,,,,,False,True,True,True,True
054540,삼영엠텍,KOSDAQ,금속,6110.0,794.0,13000000.0,9.76,0.99,626.0,6172.0,10.142579390797149,22800.0,5000.0,,,,,,,,,,,,,,,False,,,,0,,,95.57,396.99,202603,-0.76,23.68,,,,,False,True,True,True,True
049180,셀루메드,KOSDAQ,제약,1009.0,840.0,83226192.0,-24.61,6.59,-41.0,153.0,-26.797385620915033,2975.0,542.0,,,,,,,,,,,,,,,False,,,,0,,,0.0,-40.33,202603,0.0,0.0,,,,,False,True,True,True,True
099750,이지케어텍,KOSDAQ,IT 서비스,5960.0,814.0,13659173.0,13.36,1.82,446.0,3282.0,13.589274832419257,23600.0,5780.0,,,,,,,,,,,,,,,False,,,,0,,,127.0,8.61,202603,-65.46,0.93,,,,,False,True,True,True,True
001210,금호전기,KOSPI,전기·전자,894.0,553.0,61880083.0,-15.96,2.23,-56.0,400.0,-14.000000000000002,1628.0,465.0,,,,,,,,,,,,,,,False,,,,0,,,-28.67,-7.09,202603,0.0,0.0,,,,,False,True,True,True,True
317770,엑스페릭스,KOSDAQ,전기·전자,2250.0,824.0,36644144.0,-3.48,0.92,-646.0,2444.0,-26.432078559738137,4735.0,2110.0,,,,,,,,,,,,,,,False,,,,0,,,0.0,34.74,202603,0.0,0.0,,,,,False,True,True,True,True
183490,엔지켐생명과학,KOSDAQ,제약,990.0,838.0,84640235.0,-4.65,0.54,-213.0,1835.0,-11.607629427792915,1766.0,937.0,,,,,,,,,,,,,,,False,,,,0,,,0.0,-28.34,202603,0.0,0.0,,,,,False,True,True,True,True
063170,서울옥션,KOSDAQ,유통,4830.0,858.0,17774267.0,-9.78,0.83,-494.0,5836.0,-8.46470185058259,10100.0,4100.0,,,,,,,,,,,,,,,False,,,,0,,,0.0,309.83,202603,0.0,0.0,,,,,False,True,True,True,True
036010,아비코전자,KOSDAQ,전기·전자,6100.0,811.0,13292934.0,8.52,0.69,716.0,8782.0,8.153040309724437,14260.0,5270.0,,,,,,,,,,,,,,,False,,,,0,,,108.19,12.22,202603,0.0,0.0,,,,,False,True,True,True,True
330350,위더스제약,KOSDAQ,제약,6080.0,803.0,13199680.0,16.8,0.86,362.0,7056.0,5.130385487528344,11950.0,5960.0,,,,,,,,,,,,,,,False,,,,0,,,-28.43,28.21,202412,-28.43,11.18,,,,,False,True,True,True,True
418470,KT밀리의서재,KOSDAQ,IT 서비스,9640.0,826.0,8565789.0,0.0,0.0,0.0,0.0,,19970.0,9090.0,,,,,,,,,,,,,,,False,,,,0,,,0.0,0.0,202509,0.0,0.0,,,,,False,True,True,True,True
217820,원익피앤이,KOSDAQ,기계·장비,1737.0,824.0,47454559.0,86.85,0.75,20.0,2304.0,0.8680555555555556,4625.0,1699.0,,,,,,,,,,,,,,,False,,,,0,,,0.0,-82.36,202603,0.0,-8.9,,,,,False,True,True,True,True
000440,중앙에너비스,KOSDAQ,유통,14130.0,880.0,6227130.0,-78.94,1.2,-179.0,11730.0,-1.526001705029838,38000.0,12520.0,,,,,,,,,,,,,,,False,,,,0,,,0.0,-10.7,202603,0.0,0.0,,,,,False,True,True,True,True
102370,케이옥션,KOSDAQ,유통,3100.0,844.0,27229210.0,-16.58,0.76,-187.0,4059.0,-4.607046070460704,5630.0,2535.0,,,,,,,,,,,,,,,False,,,,0,,,0.0,-34.7,202603,0.0,0.0,,,,,False,True,True,True,True
002600,조흥,KOSPI,음식료·담배,139000.0,834.0,600000.0,10.32,0.55,13470.0,252447.0,5.335773449476524,164400.0,134000.0,,,,,,,,,,,,,,,False,,,,0,,,0.88,6.59,202603,-10.58,9.02,,,,,False,True,True,True,True
043610,KT지니뮤직,KOSDAQ,오락·문화,1367.0,794.0,58115438.0,-2.88,0.55,-474.0,2474.0,-19.15925626515764,2555.0,1228.0,,,,,,,,,,,,,,,False,,,,0,,,22.9,8.46,202603,32.6,7.71,,,,,False,True,True,True,True
032300,한국파마,KOSDAQ,제약,7520.0,820.0,10906701.0,21.61,1.15,348.0,6550.0,5.312977099236641,15940.0,7180.0,,,,,,,,,,,,,,,False,,,,0,,,-2.92,-2.36,202412,-2.92,7.27,,,,,False,True,True,True,True
052900,KX하이텍,KOSDAQ,화학,1201.0,921.0,76668090.0,15.01,0.57,80.0,2108.0,3.795066413662239,2430.0,852.0,,,,,,,,,,,,,,,False,,,,0,,,351.31,35.75,202603,-41.81,-20.75,,,,,False,True,True,True,True
322180,LS티라유텍,KOSDAQ,IT 서비스,3730.0,802.0,21496106.0,-9.82,1.18,-380.0,3158.0,-12.032932235592147,11660.0,3660.0,,,,,,,,,,,,,,,False,,,,0,,,0.0,15.35,202603,0.0,0.0,,,,,False,True,True,True,True
004840,DRB동일,KOSPI,화학,4240.0,817.0,19272364.0,18.93,0.2,224.0,20966.0,1.0683964513975008,6470.0,3900.0,,,,,,,,,,,,,,,False,,,,0,,,17.92,8.3,202603,13.83,56.95,,,,,False,True,True,True,True
321370,센서뷰,KOSDAQ,전기·전자,1503.0,777.0,51664906.0,-4.27,5.2,-352.0,289.0,-121.79930795847751,5140.0,870.0,,,,,,,,,,,,,,,False,,,,0,,,0.0,-61.87,202603,0.0,0.0,,,,,False,True,True,True,True
389030,지니너스,KOSDAQ,일반서비스,2135.0,841.0,39392271.0,-4.1,7.82,-521.0,273.0,-190.84249084249086,6480.0,1490.0,,,,,,,,,,,,,,,False,,,,0,,,0.0,-9.24,202603,0.0,0.0,,,,,False,True,True,True,True
054920,한컴위드,KOSDAQ,IT 서비스,2975.0,839.0,28217081.0,10.7,0.51,278.0,5802.0,4.79145122371596,8980.0,2830.0,,,,,,,,,,,,,,,False,,,,0,,,-97.09,3.9,202603,376.07,151.2,,,,,False,True,True,True,True
066430,아이로보틱스,KOSDAQ,유통,1997.0,782.0,39153476.0,-166.42,1.8,-12.0,1111.0,-1.08010801080108,5080.0,1002.0,,,,,,,,,,,,,,,False,,,,0,,,621.59,1.03,202412,621.59,177.64,,,,,False,True,True,True,True
091440,한울소재과학,KOSDAQ,전기·전자,2865.0,956.0,33382498.0,-2.3,2.57,-1243.0,1116.0,-111.37992831541219,3785.0,1790.0,,,,,,,,,,,,,,,False,,,,0,,,0.0,-48.67,202603,0.0,0.0,,,,,False,True,True,True,True
175250,아이큐어,KOSDAQ,화학,2170.0,815.0,37558368.0,-2.42,3.08,-895.0,705.0,-126.95035460992908,2255.0,1786.0,,,,,,,,,,,,,,,False,,,,0,,,0.0,45.46,202603,0.0,0.0,,,,,False,True,True,True,True
092040,아미코젠,KOSDAQ,음식료·담배,1188.0,839.0,70655387.0,-2.19,0.7,-543.0,1703.0,-31.88490898414563,4440.0,1104.0,,,,,,,,,,,,,,,False,,,,0,,,0.0,13.49,202603,0.0,0.0,,,,,False,True,True,True,True
054670,대한뉴팜,KOSDAQ,제약,5450.0,782.0,14354920.0,5.06,0.61,1078.0,8953.0,12.04065676309617,7900.0,5030.0,,,,,,,,,,,,,,,False,,,,0,,,-0.77,-1.0,202412,-0.77,-9.77,,,,,False,True,True,True,True
412540,제일엠앤에스,KOSDAQ,기계·장비,3935.0,811.0,20600665.0,-5.16,-7.08,-762.0,-556.0,137.0503597122302,3935.0,3935.0,,,,,,,,,,,,,,,False,,,,0,,,-96.22,-89.18,202603,0.0,-3.93,,,,,False,True,True,True,True
052420,오성첨단소재,KOSDAQ,화학,8620.0,840.0,9742009.0,2.42,0.28,3562.0,30908.0,11.524524394978647,13080.0,1265.0,,,,,,,,,,,,,,,False,,,,0,,,45.21,6.74,202603,35.54,36.19,,,,,False,True,True,True,True
037760,쎄니트,KOSDAQ,금속,2440.0,826.0,33832921.0,-17.06,0.89,-143.0,2744.0,-5.211370262390671,2555.0,1501.0,,,,,,,,,,,,,,,False,,,,0,,,0.0,8.38,202603,0.0,-28.17,,,,,False,True,True,True,True
078140,대봉엘에스,KOSDAQ,제약,7400.0,820.0,11086579.0,8.16,0.57,907.0,12898.0,7.032097999689875,15520.0,6780.0,,,,,,,,,,,,,,,False,,,,0,,,-44.9,12.04,202603,-19.02,21.9,,,,,False,True,True,True,True
005740,크라운해태홀딩스,KOSPI,금융,5490.0,815.0,14847347.0,4.63,0.23,1185.0,23555.0,5.0307790278072595,9750.0,5180.0,,,,,,,,,,,,,,,False,,,,0,,,-27.0,-0.82,202603,-15.28,21.55,,,,,False,True,True,True,True
011370,서한,KOSDAQ,건설,795.0,802.0,100894865.0,2.77,0.15,287.0,5428.0,5.287398673544583,1238.0,700.0,,,,,,,,,,,,,,,False,,,,0,,,-61.92,-31.25,202603,136.4,27.92,,,,,False,True,True,True,True
067290,JW신약,KOSDAQ,제약,1439.0,806.0,56037103.0,5.16,1.97,279.0,729.0,38.2716049382716,3465.0,1246.0,,,,,,,,,,,,,,,False,,,,0,,,-25.09,-12.87,202512,-25.09,27.67,,,,,False,True,True,True,True
086960,MDS테크,KOSDAQ,IT 서비스,1841.0,783.0,42528670.0,8.33,0.51,221.0,3615.0,6.1134163208852,4070.0,1047.0,,,,,,,,,,,,,,,False,,,,0,,,205.54,15.69,202603,-2.2,-9.03,,,,,False,True,True,True,True
000590,CS홀딩스,KOSPI,금융,69500.0,802.0,1154482.0,4.64,0.22,14967.0,320744.0,4.666338263537276,100300.0,66500.0,,,,,,,,,,,,,,,False,,,,0,,,-12.53,-3.51,202603,-9.41,9.87,,,,,False,True,True,True,True
192410,오늘이엔엠,KOSDAQ,전기·전자,2995.0,754.0,25185909.0,-0.47,21.86,-6389.0,137.0,-4663.503649635037,8600.0,681.0,,,,,,,,,,,,,,,False,,,,0,,,0.0,69.05,202603,0.0,0.0,,,,,False,True,True,True,True
330730,스톤브릿지벤처스,KOSDAQ,금융,4460.0,813.0,18217830.0,35.12,0.9,127.0,4952.0,2.5646203554119547,7270.0,4120.0,,,,,,,,,,,,,,,False,,,,0,,,-47.61,-25.4,202412,-47.61,-45.52,,,,,False,True,True,True,True
139990,아주스틸,KOSPI,금속,2000.0,775.0,38755414.0,-1.87,0.52,-1067.0,3813.0,-27.98321531602413,4545.0,1955.0,,,,,,,,,,,,,,,False,,,,0,,,0.0,-7.35,202603,0.0,0.0,,,,,False,True,True,True,True
173130,오파스넷,KOSDAQ,IT 서비스,5960.0,778.0,13046473.0,6.14,1.2,971.0,4962.0,19.568722289399435,8570.0,5800.0,,,,,,,,,,,,,,,False,,,,0,,,148.97,-14.14,202603,31.86,23.96,,,,,False,True,True,True,True
250060,모비스,KOSDAQ,IT 서비스,2510.0,807.0,32171314.0,8.75,2.29,287.0,1098.0,26.138433515482696,9440.0,2310.0,,,,,,,,,,,,,,,False,,,,0,,,0.0,-73.66,202412,0.0,0.0,,,,,False,True,True,True,True
348350,위드텍,KOSDAQ,의료·정밀기기,9290.0,927.0,9978600.0,14.68,0.72,633.0,12943.0,4.890674495866492,12670.0,6700.0,,,,,,,,,,,,,,,False,,,,0,,,0.0,-14.29,202603,430.94,95.85,,,,,False,True,True,True,True
036220,오상헬스케어,KOSDAQ,의료·정밀기기,6070.0,869.0,14309416.0,28.36,0.3,214.0,20439.0,1.0470179558686823,19890.0,5200.0,,,,,,,,,,,,,,,False,,,,0,,,0.0,-28.8,202603,0.0,63.24,,,,,False,True,True,True,True
047820,초록뱀미디어,KOSDAQ,오락·문화,3190.0,780.0,24453930.0,27.74,0.29,115.0,11069.0,1.0389375734031983,8000.0,3165.0,,,,,,,,,,,,,,,False,,,,0,,,0.0,-51.14,202603,0.0,0.0,,,,,False,True,True,True,True
038110,에코플라스틱,KOSDAQ,운송장비·부품,1931.0,795.0,41169370.0,40.23,0.22,48.0,8738.0,0.5493247882810712,5180.0,1861.0,,,,,,,,,,,,,,,False,,,,0,,,-65.63,-0.9,202603,8.68,14.04,,,,,False,True,True,True,True
001470,삼부토건,KOSPI,건설,347.0,797.0,229681824.0,-1.04,-0.56,-334.0,-618.0,54.0453074433657,347.0,347.0,,,,,,,,,,,,,,,False,,,,0,,,0.0,218.48,202603,0.0,0.0,,,,,False,True,True,True,True
019680,대교,KOSPI,일반서비스,954.0,808.0,84702850.0,-2.73,0.28,-350.0,3375.0,-10.37037037037037,2525.0,818.0,,,,,,,,,,,,,,,False,,1500.0,57.23270440251572,1,20260511,Hold,0.0,-4.81,202603,0.0,0.0,,,,,False,True,True,True,True
149980,하이로닉,KOSDAQ,의료·정밀기기,3920.0,674.0,17199046.0,23.06,0.9,170.0,4348.0,3.90984360625575,9510.0,3770.0,,,,,,,,,,,,,,,False,,,,0,,,-34.94,28.04,202603,0.0,15.73,,,,,False,True,True,True,True
003580,HLB글로벌,KOSPI,유통,1107.0,561.0,50663505.0,-7.38,0.76,-150.0,1457.0,-10.29512697323267,3230.0,1000.0,,,,,,,,,,,,,,,False,,,,0,,,0.0,11.14,202603,0.0,0.0,,,,,False,True,True,True,True
069730,DSR제강,KOSPI,금속,5640.0,812.0,14400000.0,3.29,0.43,1713.0,13053.0,13.123419903470468,5880.0,3325.0,,,,,,,,,,,,,,,False,,,,0,,,8.6,8.38,202603,43.69,5.28,,,,,False,True,True,True,True
017650,대림제지,KOSDAQ,종이·목재,9240.0,812.0,8785000.0,12.98,0.29,712.0,32201.0,2.2111114561659573,10990.0,6710.0,,,,,,,,,,,,,,,False,,,,0,,,-85.23,-0.23,202603,-46.31,-42.16,,,,,False,True,True,True,True
001290,상상인증권,KOSPI,증권,709.0,768.0,108337120.0,-13.13,0.39,-54.0,1839.0,-2.936378466557912,1782.0,619.0,,,,,,,,,,,,,,,False,,,,0,,,30199.29,30.13,202603,0.0,0.0,,,,,False,True,True,True,True
053280,예스24,KOSDAQ,유통,3090.0,773.0,25000000.0,-7.48,0.45,-413.0,6912.0,-5.9751157407407405,4605.0,2715.0,,,,,,,,,,,,,,,False,,,,0,,,-84.74,-7.39,202603,-81.97,-3.49,,,,,False,True,True,True,True
078890,가온그룹,KOSDAQ,전기·전자,4015.0,740.0,18424943.0,10.85,0.56,370.0,7147.0,5.176997341541906,10920.0,3040.0,,,,,,,,,,,,,,,False,,,,0,,,2448.65,-4.34,202603,0.0,0.0,,,,,False,True,True,True,True
320000,한울반도체,KOSDAQ,기계·장비,10850.0,731.0,6734940.0,-3.05,2.17,-3557.0,4994.0,-71.22547056467762,29050.0,1415.0,,,,,,,,,,,,,,,False,,,,0,,,0.0,414.41,202603,0.0,-26.08,,,,,False,True,True,True,True
007980,TP,KOSPI,섬유·의류,1698.0,796.0,46897350.0,2.27,0.28,747.0,6168.0,12.11089494163424,2310.0,1430.0,,,,,,,,,,,,,,,False,,,,0,,,-3.82,-3.23,202603,26.72,2.2,,,,,False,True,True,True,True
017370,우신시스템,KOSPI,기계·장비,4150.0,760.0,18314054.0,5.07,0.38,819.0,10957.0,7.474673724559643,8030.0,3940.0,,,,,,,,,,,,,,,False,,9500.0,128.91566265060243,1,20260331,BUY,0.0,-19.81,202603,-42.17,68.04,,,,,False,True,True,True,True
009300,삼아제약,KOSDAQ,제약,12300.0,784.0,6370000.0,6.06,0.33,2031.0,37375.0,5.4341137123745815,19030.0,12040.0,,,,,,,,,,,,,,,False,,,,0,,,-72.0,-28.05,202603,-55.13,-7.42,,,,,False,True,True,True,True
493330,지에프아이,KOSDAQ,기계·장비,9900.0,776.0,7839513.0,-22.25,1.43,-445.0,6902.0,-6.447406548826427,23800.0,9700.0,,,,,,,,,,,,,,,False,,,,0,,,110.36,215.09,202603,23.01,38.07,,,,,False,True,True,True,True
179900,유티아이,KOSDAQ,전기·전자,3130.0,619.0,19790412.0,-1.6,0.94,-1957.0,3344.0,-58.52272727272727,29300.0,2850.0,,,,,,,,,,,,,,,False,,30000.0,858.4664536741213,1,20260311,BUY,0.0,1.42,202603,0.0,0.0,,,,,False,True,True,True,True
004590,한국가구,KOSDAQ,유통,5350.0,803.0,15000000.0,5.62,0.41,952.0,13102.0,7.266066249427568,8590.0,4375.0,,,,,,,,,,,,,,,False,,,,0,,,3.66,27.63,202603,-1.62,8.82,,,,,False,True,True,True,True
053580,웹케시,KOSDAQ,IT 서비스,6040.0,782.0,12954436.0,11.5,0.75,525.0,8028.0,6.539611360239163,19880.0,5700.0,,,,,,,,,,,,,,,False,,13000.0,115.23178807947019,1,20260318,BUY,0.0,0.0,202509,1.24,0.41,,,,,False,True,True,True,True
063080,컴투스홀딩스,KOSDAQ,IT 서비스,10810.0,713.0,6595192.0,6.51,0.28,1661.0,38461.0,4.318660461246457,31450.0,10510.0,,,,,,,,,,,,,,,False,,,,0,,,0.0,-29.57,202603,0.0,0.0,,,,,False,True,True,True,True
290740,액트로,KOSDAQ,전기·전자,7640.0,769.0,10065011.0,10.42,0.96,733.0,7978.0,9.187766357483078,32700.0,4800.0,7.267884322678843,1051.2,802.0,31.07231920199502,2521.0,109.0,100.0,2.9000000000000004,66.0,66.0,74.0,2449.0,172.20000000000002,396.70000000000005,True,109.0,,,0,,,0.0,-8.24,202603,172.22,41.24,2026.12E,2025.12,20260615,매수,False,True,True,True,True
013700,까뮤이앤씨,KOSPI,건설,1318.0,788.0,59750830.0,3.92,0.7,336.0,1881.0,17.862838915470494,1636.0,997.0,,,,,,,,,,,,,,,False,,,,0,,,202.41,87.51,202603,0.0,0.0,,,,,False,True,True,True,True
042510,라온시큐어,KOSDAQ,IT 서비스,7720.0,857.0,11105828.0,25.56,1.55,302.0,4975.0,6.0703517587939695,16960.0,6480.0,,,,,,,,,,,,,,,False,,,,0,,,0.0,-13.49,202603,41.42,13.81,,,,,False,True,True,True,True
111380,동인기연,KOSPI,섬유·의류,12720.0,779.0,6128000.0,6.77,0.5,1880.0,25695.0,7.316598560031134,17450.0,10850.0,,,,,,,,,,,,,,,False,,,,0,,,54.14,7.59,202603,6.97,-17.35,,,,,False,True,True,True,True
065510,휴비츠,KOSDAQ,의료·정밀기기,7250.0,789.0,10877895.0,-17.47,0.72,-415.0,10000.0,-4.15,10090.0,6520.0,,,,,,,,,,,,,,,False,,,,0,,,-19.86,-0.7,202603,-58.35,-31.81,,,,,False,True,True,True,True
067570,엔브이에이치코리아,KOSDAQ,운송장비·부품,1828.0,771.0,42170000.0,-5.88,0.37,-311.0,4978.0,-6.2474889513860985,2505.0,1591.0,,,,,,,,,,,,,,,False,,,,0,,,-30.86,-7.47,202603,0.0,8.6,,,,,False,True,True,True,True
036630,세종텔레콤,KOSDAQ,건설,7200.0,720.0,10000000.0,19.83,0.42,363.0,17031.0,2.131407433503611,15450.0,4680.0,,,,,,,,,,,,,,,False,,,,0,,,0.0,-10.81,202603,0.0,0.0,,,,,False,True,True,True,True
163560,동일고무벨트,KOSPI,화학,5710.0,794.0,13900000.0,7.44,0.33,767.0,17082.0,4.4901065449010655,8700.0,5200.0,,,,,,,,,,,,,,,False,,,,0,,,176.01,9.09,202603,93.65,44.38,,,,,False,True,True,True,True
396300,세아메카닉스,KOSDAQ,금속,2850.0,755.0,26489500.0,29.69,1.04,96.0,2745.0,3.4972677595628414,7340.0,2270.0,,,,,,,,,,,,,,,False,,,,0,,,0.0,6.41,202412,0.0,-23.04,,,,,False,True,True,True,True
475430,키스트론,KOSDAQ,전기·전자,4185.0,747.0,17848110.0,0.0,0.0,0.0,0.0,,7820.0,3985.0,,,,,,,,,,,,,,,False,,,,0,,,0.0,0.0,202509,0.0,0.0,,,,,False,True,True,True,True
363280,티와이홀딩스,KOSPI,금융,1699.0,773.0,45497333.0,-0.93,0.08,-1820.0,22503.0,-8.087810514153668,4620.0,1652.0,,,,,,,,,,,,,,,False,,,,0,,,0.0,20.45,202603,0.0,0.0,,,,,False,True,True,True,True
054040,한국컴퓨터,KOSDAQ,전기·전자,4840.0,778.0,16071290.0,3.78,0.39,1279.0,12463.0,10.262376634839123,5930.0,4460.0,,,,,,,,,,,,,,,False,,,,0,,,402.13,22.47,202603,88.03,21.85,,,,,False,True,True,True,True
007610,선도전기,KOSPI,전기·전자,5130.0,923.0,18000000.0,17.45,2.44,294.0,2105.0,13.966745843230404,16590.0,3000.0,,,,,,,,,,,,,,,False,,,,0,,,0.0,-31.08,202603,0.0,0.0,,,,,False,True,True,True,True
045970,코아시아,KOSDAQ,전기·전자,2775.0,730.0,26314876.0,-5.21,0.89,-533.0,3119.0,-17.088810516191085,7850.0,2485.0,,,,,,,,,,,,,,,False,,,,0,,,0.0,17.18,202603,0.0,0.0,,,,,False,True,True,True,True
172670,에이엘티,KOSDAQ,전기·전자,8800.0,789.0,8960259.0,-8.79,0.84,-1001.0,10470.0,-9.560649474689589,21200.0,6470.0,,,,,,,,,,,,,,,False,,,,0,,,0.0,37.03,202603,0.0,-13.0,,,,,False,True,True,True,True
007590,동방아그로,KOSPI,화학,5600.0,763.0,13617577.0,7.82,0.41,716.0,13754.0,5.205758324850953,6360.0,5570.0,,,,,,,,,,,,,,,False,,,,0,,,-10.48,0.33,202603,-13.4,13.22,,,,,False,True,True,True,True
066700,테라젠이텍스,KOSDAQ,제약,1939.0,720.0,37152376.0,6.62,0.51,293.0,3789.0,7.732911058326736,3470.0,1865.0,,,,,,,,,,,,,,,False,,,,0,,,-56.81,1.99,202603,-18.29,-3.98,,,,,False,True,True,True,True
019540,일지테크,KOSDAQ,운송장비·부품,6100.0,824.0,13513500.0,1.8,0.42,3380.0,14517.0,23.283047461596748,8240.0,3715.0,,,,,,,,,,,,,,,False,,,,0,,,15.16,8.2,202603,96.45,1903.71,,,,,False,True,True,True,True
303810,동국생명과학,KOSDAQ,제약,2320.0,742.0,31984140.0,27.62,0.61,84.0,3776.0,2.2245762711864407,10700.0,2245.0,,,,,,,,,,,,,,,False,,,,0,,,39.7,9.7,202412,39.7,22.76,,,,,False,True,True,True,True
030960,양지사,KOSDAQ,출판·매체복제,4665.0,745.0,15980000.0,-46.65,0.39,-100.0,11899.0,-0.8404067568703253,9820.0,4400.0,,,,,,,,,,,,,,,False,,,,0,,,0.0,-3.93,202506,0.0,0.0,,,,,False,True,True,True,True
214260,라파스,KOSDAQ,화학,8750.0,781.0,8922463.0,-18.08,2.6,-484.0,3370.0,-14.362017804154304,16670.0,6240.0,,,,,,,,,,,,,,,False,,,,0,,,0.0,-4.21,202603,0.0,0.0,,,,,False,True,True,True,True
234030,싸이닉솔루션,KOSDAQ,전기·전자,3035.0,716.0,23605000.0,38.42,1.96,79.0,1548.0,5.103359173126615,15240.0,2945.0,,,,,,,,,,,,,,,False,,,,0,,,0.0,28.82,202603,-52.33,-0.39,,,,,False,True,True,True,True
238090,앤디포스,KOSDAQ,화학,2330.0,710.0,30490440.0,10.5,0.56,222.0,4190.0,5.298329355608592,4150.0,1537.0,,,,,,,,,,,,,,,False,,,,0,,,-50.14,-12.6,202603,146.75,48.92,,,,,False,True,True,True,True
456070,이엔셀,KOSDAQ,제약,6560.0,724.0,11029517.0,-4.11,1.47,-1598.0,4474.0,-35.71747876620474,20950.0,6200.0,,,,,,,,,,,,,,,False,,,,0,,,0.0,-31.51,202412,0.0,0.0,,,,,False,True,True,True,True
228340,동양파일,KOSDAQ,비금속,3310.0,662.0,20000000.0,-12.54,0.54,-264.0,6140.0,-4.299674267100977,7300.0,1550.0,,,,,,,,,,,,,,,False,,,,0,,,0.0,-20.4,202412,0.0,-16.8,,,,,False,True,True,True,True
006660,삼성공조,KOSPI,운송장비·부품,10980.0,892.0,8126314.0,12.52,0.31,877.0,35993.0,2.436584891506682,20000.0,8790.0,,,,,,,,,,,,,,,False,,,,0,,,22.09,-9.42,202603,-49.93,-22.84,,,,,False,True,True,True,True
002200,한국수출포장,KOSPI,종이·목재,2270.0,760.0,33499941.0,-23.4,0.28,-97.0,8020.0,-1.2094763092269327,3785.0,2150.0,,,,,,,,,,,,,,,False,,,,0,,,0.0,-2.58,202603,0.0,-3.66,,,,,False,True,True,True,True
084670,동양고속,KOSPI,운송·창고,25400.0,735.0,2895569.0,24.8,1.21,1024.0,20914.0,4.896241751936501,172800.0,7170.0,,,,,,,,,,,,,,,False,,,,0,,,0.0,4.68,202603,0.0,0.0,,,,,False,True,True,True,True
234300,에스트래픽,KOSDAQ,IT 서비스,2750.0,748.0,27207780.0,15.62,0.73,176.0,3783.0,4.652392281258261,4170.0,2555.0,,,,,,,,,,,,,,,False,,,,0,,,0.0,-57.67,202603,-20.82,8.46,,,,,False,True,True,True,True
036640,HRS,KOSDAQ,화학,4650.0,760.0,16354800.0,5.62,0.58,827.0,8019.0,10.313006609302905,5720.0,4275.0,,,,,,,,,,,,,,,False,,,,0,,,-2.61,10.85,202603,-10.19,6.2,,,,,False,True,True,True,True
451250,삐아,KOSDAQ,화학,7000.0,716.0,10225877.0,14.93,1.55,469.0,4524.0,10.366931918656057,12580.0,6200.0,,,,,,,,,,,,,,,False,,,,0,,,133.63,31.03,202603,-19.32,-11.4,,,,,False,True,True,True,True
006090,사조오양,KOSPI,음식료·담배,8310.0,783.0,9422739.0,6.19,0.34,1342.0,24379.0,5.504737684072357,10680.0,7550.0,,,,,,,,,,,,,,,False,,,,0,,,28.35,2.34,202412,28.35,12.66,,,,,False,True,True,True,True
011700,한신기계,KOSPI,기계·장비,2315.0,751.0,32446151.0,-165.36,0.86,-14.0,2703.0,-0.5179430262671105,5910.0,2245.0,,,,,,,,,,,,,,,False,,,,0,,,0.0,-15.81,202603,0.0,0.0,,,,,False,True,True,True,True
115440,우리넷,KOSDAQ,전기·전자,6960.0,751.0,10794292.0,20.47,0.76,340.0,9217.0,3.6888358468048175,21350.0,6130.0,,,,,,,,,,,,,,,False,,20000.0,187.35632183908046,1,20260414,BUY,0.0,-22.54,202603,-90.29,15.45,,,,,False,True,True,True,True
009180,한솔로지스틱스,KOSPI,운송·창고,2705.0,762.0,28155825.0,4.8,0.53,563.0,5100.0,11.03921568627451,3750.0,2470.0,,,,,,,,,,,,,,,False,,,,0,,,-21.04,-5.29,202603,23.33,-13.51,,,,,False,True,True,True,True
054620,APS,KOSDAQ,금융,4360.0,802.0,18394221.0,-24.77,0.37,-176.0,11700.0,-1.5042735042735043,10770.0,3560.0,,,,,,,,,,,,,,,False,,,,0,,,0.0,8.71,202603,0.0,0.0,,,,,False,True,True,True,True
223250,드림씨아이에스,KOSDAQ,일반서비스,2990.0,736.0,24600444.0,10.0,0.93,299.0,3211.0,9.31174089068826,8640.0,2845.0,,,,,,,,,,,,,,,False,,,,0,,,-59.4,22.87,202603,3.57,49.79,,,,,False,True,True,True,True
451220,아이엠티,KOSDAQ,기계·장비,9340.0,735.0,7874611.0,75.32,2.38,124.0,3921.0,3.162458556490691,19500.0,8420.0,,,,,,,,,,,,,,,False,,,,0,,,0.0,116.48,202603,0.0,0.0,,,,,False,True,True,True,True
012700,리드코프,KOSDAQ,유통,2860.0,749.0,26194852.0,5.66,0.17,505.0,16721.0,3.020154296991807,5240.0,2655.0,,,,,,,,,,,,,,,False,,,,0,,,-49.47,29.24,202603,-49.21,-16.4,,,,,False,True,True,True,True
085670,뉴프렉스,KOSDAQ,전기·전자,3015.0,739.0,24500761.0,8.38,0.68,360.0,4434.0,8.119079837618404,7280.0,2900.0,,,,,,,,,,,,,,,False,,,,0,,,-56.65,-4.54,202603,-36.94,-12.49,,,,,False,True,True,True,True
024880,케이피에프,KOSDAQ,금속,3635.0,733.0,20162754.0,3.87,0.27,940.0,13491.0,6.967608034986288,6880.0,3590.0,,,,,,,,,,,,,,,False,,,,0,,,-43.38,-6.03,202603,-17.4,-2.46,,,,,False,True,True,True,True
006840,AK홀딩스,KOSPI,금융,5600.0,742.0,13247561.0,-0.62,0.18,-9008.0,31492.0,-28.60408992760066,13200.0,5440.0,,,,,,,,,,,,,,,False,,,,0,,,0.0,17.2,202603,0.0,-27.23,,,,,False,True,True,True,True
019550,SBI인베스트먼트,KOSDAQ,금융,945.0,766.0,81033287.0,13.5,1.11,70.0,855.0,8.187134502923977,1351.0,587.0,,,,,,,,,,,,,,,False,,,,0,,,37.51,-2.03,202412,37.51,12.5,,,,,False,True,True,True,True
215100,로보로보,KOSDAQ,전기·전자,3585.0,729.0,20348454.0,-53.51,2.44,-67.0,1469.0,-4.560925799863853,15300.0,3400.0,,,,,,,,,,,,,,,False,,,,0,,,0.0,-11.07,202603,0.0,0.0,,,,,False,True,True,True,True
131370,알서포트,KOSDAQ,IT 서비스,1421.0,757.0,53267083.0,43.06,0.77,33.0,1857.0,1.7770597738287561,3145.0,1278.0,,,,,,,,,,,,,,,False,,,,0,,,0.0,-2.23,202603,-34.93,-26.38,,,,,False,True,True,True,True
013870,지엠비코리아,KOSPI,운송장비·부품,3760.0,717.0,19072280.0,4.93,0.25,762.0,15206.0,5.011179797448376,7140.0,3510.0,,,,,,,,,,,,,,,False,,,,0,,,157.8,11.47,202603,6.77,33.99,,,,,False,True,True,True,True
101330,모베이스,KOSDAQ,전기·전자,3170.0,734.0,23147029.0,6.29,0.2,504.0,16124.0,3.125775241875465,9140.0,2880.0,,,,,,,,,,,,,,,False,,,,0,,,19.22,-5.47,202603,-21.62,-10.73,,,,,False,True,True,True,True
024830,세원물산,KOSDAQ,운송장비·부품,8700.0,726.0,8350000.0,3.31,0.19,2631.0,45678.0,5.7598844082490475,14000.0,7970.0,,,,,,,,,,,,,,,False,,,,0,,,-77.29,19.61,202412,-77.29,-46.44,,,,,False,True,True,True,True
002700,신일전자,KOSPI,유통,1092.0,765.0,70047521.0,0.0,0.0,0.0,0.0,,1535.0,994.0,,,,,,,,,,,,,,,False,,,,0,,,0.0,0.0,202509,0.0,0.0,,,,,False,True,True,True,True
