종목코드,종목명,시장구분,업종,현재가,시가총액,상장주식수,PER,PBR,EPS,BPS,ROE프록시,W52고가,W52저가,선행PER,선행EPS,직전EPS,선행EPS_증가율%,추정매출,추정영업이익,추정순이익,추정매출YoY,추정영업이익YoY,직전영업이익,직전순이익,직전매출,실현영업이익YoY,실현순이익YoY,순이익경로_우상향,연환산영업이익,컨센목표가,상승여력%,브로커수,브로커최근의견일,컨센투자의견,분기영업이익YoY,분기매출YoY,분기결산일,영업이익증가율_연간,영업이익증가율_3년평균,추정연도,실적연도,추정기준일,투자의견,추정이상,_price_ok,_est_ok,_opinion_ok,_growth_ok
005930,삼성전자,KOSPI,전기·전자,309500.0,18094232.0,5846278608.0,47.15,4.84,6564.0,63997.0,10.256730784255511,374500.0,60200.0,6.976738943728486,44361.700000000004,6605.0,571.6381529144588,7079979.0,3767778.0,2937723.0,112.2,764.1,436011.0,442610.0,3336059.0,33.2,31.6,True,3767778.0,411000.0,32.794830371567045,22,20260703,BUY,756.1,69.16,202603,33.23,115.57,2026.12E,2025.12,20260630,매수,True,True,True,True,True
000660,SK하이닉스,KOSPI,전기·전자,2425000.0,17283032.0,712702365.0,41.13,13.89,58955.0,174539.0,33.77755114902686,2987000.0,245000.0,7.678254234121845,315827.0,62044.0,409.03713493649667,3476916.0,2688234.0,2180128.0,257.90000000000003,469.5,472063.0,429193.0,971467.0,101.2,116.9,True,2688234.0,2775410.0,14.449896907216495,22,20260703,BUY,405.48,198.07,202603,101.16,33.72,2026.12E,2025.12,20260630,매수,True,True,True,True,True
402340,SK스퀘어,KOSPI,금융,1589000.0,2096819.0,131958386.0,23.91,7.58,66468.0,209564.0,31.717279685442158,2189000.0,130900.0,,,,,,,,,,,,,,,False,,1668889.0,5.027627438640655,5,20260702,BUY,400.48,318.8,202603,124.39,41.46,,,,,False,True,True,True,True
009150,삼성전기,KOSPI,전기·전자,1989000.0,1485658.0,74693696.0,218.6,15.75,9099.0,126302.0,7.204161454292094,2417000.0,132500.0,134.46912077882567,14791.5,9345.0,58.282504012841095,134052.0,14755.0,11173.0,18.5,61.6,9133.0,7061.0,113145.0,24.3,4.0,True,14755.0,1671586.0,-15.958471593765712,18,20260702,매수,39.9,17.18,202603,24.26,-2.88,2026.12E,2025.12,20260407,매수,False,True,True,True,True
005380,현대차,KOSPI,운송장비·부품,492000.0,1007408.0,204757766.0,13.93,1.12,35331.0,439541.0,8.038157987537,783000.0,204500.0,13.962081031150763,35238.3,36313.1,-2.9598134006735743,1957921.0,113137.0,91668.0,5.1000000000000005,-1.3,114679.0,94460.0,1862545.0,-19.5,-24.6,False,113137.0,825417.0,67.76768292682927,18,20260618,BUY,-30.79,3.45,202603,-19.47,9.54,2026.12E,2025.12,20260622,매수,False,True,True,True,True
373220,LG에너지솔루션,KOSPI,전기·전자,362500.0,848250.0,234000000.0,-79.06,4.2,-4585.0,86391.0,-5.307265803150791,527000.0,302000.0,-6700.554528650647,-54.1,-4585.0,98.82006543075245,309381.0,13640.0,-127.0,30.700000000000003,1.3,13461.0,-10728.0,236718.0,134.0,5.300000000000001,True,13640.0,559450.0,54.331034482758625,17,20260625,BUY,0.0,-2.5,202603,0.0,7.49,2026.12E,2025.12,20260504,매수,False,True,True,True,True
032830,삼성생명,KOSPI,보험,383000.0,766000.0,200000000.0,33.26,1.1,11514.0,349293.0,3.296372959091651,516500.0,117000.0,,,,,,,,,,,,,,,False,,370932.0,-3.150913838120104,14,20260622,BUY,80.09,75.03,202603,3.23,5.81,,,20260223,매수,False,True,True,True,True
028260,삼성물산,KOSPI,유통,433500.0,702996.0,162167581.0,30.6,1.42,14165.0,305019.0,4.643972998403378,565000.0,155300.0,,,,,,,,,,,,,,,False,,537353.0,23.95686274509804,10,20260623,매수,-0.56,7.49,202603,10.37,9.28,,,,,False,True,True,True,True
207940,삼성바이오로직스,KOSPI,제약,1421000.0,657794.0,46290951.0,53.48,8.82,26572.0,161142.0,16.48980402378027,1987000.0,982000.0,34.57362040062578,41100.700000000004,23671.0,73.63313759452497,53002.0,24051.0,19005.0,16.3,16.3,20681.0,15862.0,45570.0,56.5,50.900000000000006,True,24051.0,1975000.0,38.98662913441239,7,20260701,매수,34.98,25.77,202603,56.6,29.49,2026.12E,2025.12,20260629,매수,False,True,True,True,True
012450,한화에어로스페이스,KOSPI,운송장비·부품,1175000.0,605870.0,51563401.0,41.12,6.24,28573.0,188244.0,15.178704234929135,1655000.0,760000.0,29.7557244949124,39488.200000000004,28530.0,38.4093936207501,309891.0,41608.0,20316.0,16.1,34.7,30893.0,14050.0,267029.0,78.4,-38.900000000000006,True,41608.0,1816250.0,54.57446808510639,14,20260619,BUY,20.56,4.87,202603,78.38,106.08,2026.12E,2025.12,20260504,매수,False,True,True,True,True
329180,HD현대중공업,KOSPI,운송장비·부품,577000.0,605626.0,104961225.0,36.75,6.48,15702.0,89025.0,17.637742207245154,765000.0,370000.0,19.45991157038451,29650.7,15702.0,88.83390650872501,243142.0,38970.0,31113.0,38.300000000000004,91.30000000000001,20375.0,14155.0,175806.0,188.9,127.7,True,38970.0,928091.0,60.84766031195841,18,20260622,BUY,108.74,54.78,202603,188.92,161.23,2026.12E,2025.12,20260624,매수,True,True,True,True,True
105560,KB금융,KOSPI,금융,170100.0,603324.0,354687734.0,11.25,1.03,15116.0,164669.0,9.179627009333876,182700.0,105800.0,,,,,297666.0,91724.0,64301.0,2.1,7.7,85177.0,58332.0,291561.0,5.9,14.9,True,91724.0,208071.0,22.322751322751323,11,20260701,BUY,18.95,55.3,202603,5.87,17.53,2026.12E,2025.12,20260424,매수,False,True,True,True,True
000270,기아,KOSPI,운송장비·부품,152000.0,593428.0,390412998.0,7.95,0.97,19111.0,157456.0,12.13735900823087,212500.0,97400.0,7.3696255066617535,20625.2,19399.100000000002,6.320396307045165,1217389.0,95469.0,79908.0,6.7,5.2,90781.0,75610.0,1141409.0,-28.3,-22.6,True,95469.0,238750.0,57.07236842105263,10,20260618,BUY,-26.71,5.3,202603,-28.33,13.76,2026.12E,2025.12,20260622,매수,False,True,True,True,True
034020,두산에너빌리티,KOSPI,기계·장비,86200.0,552164.0,640561146.0,653.03,7.09,132.0,12156.0,1.085883514313919,139200.0,51100.0,651.5495086923657,132.3,174.0,-23.965517241379303,170579.0,7627.0,848.0,5.1000000000000005,-25.0,10176.0,1114.0,162331.0,-30.6,100.30000000000001,False,7627.0,145500.0,68.79350348027842,13,20260610,BUY,63.9,13.67,202603,-25.05,-7.68,2025.12E,2024.12,20260401,매수,False,True,True,True,True
055550,신한지주,KOSPI,금융,107300.0,509304.0,474654361.0,10.64,0.88,10085.0,121468.0,8.30259821516778,110800.0,61600.0,,,,,298881.0,76740.0,55456.0,6.800000000000001,9.3,70234.0,49716.0,279888.0,8.700000000000001,11.700000000000001,True,76740.0,129308.0,20.51071761416589,11,20260702,BUY,10.81,37.0,202603,8.74,5.97,2026.12E,2025.12,20260424,매수,False,True,True,True,True
034730,SK,KOSPI,금융,690000.0,500269.0,72502703.0,31.56,1.51,21863.0,457231.0,4.781609295957622,883000.0,176900.0,7.721670700959836,89358.90000000001,29000.0,208.1341379310345,1394536.0,74447.0,49080.0,13.700000000000001,309.40000000000003,18185.0,15975.0,1227033.0,-24.1,-223.60000000000002,False,74447.0,773533.0,12.106231884057971,11,20260630,BUY,1301.07,18.94,202603,-47.72,-48.73,2026.12E,2025.12,20260518,매수,True,True,True,True,True
012330,현대모비스,KOSPI,운송장비·부품,494000.0,448219.0,90732583.0,12.45,0.9,39682.0,551325.0,7.197569491679137,822000.0,279000.0,12.243512053911108,40347.9,40356.700000000004,-0.021805549016651285,620560.0,35266.0,36550.0,1.5,5.0,33575.0,36558.0,611181.0,9.200000000000001,-9.9,False,35266.0,820000.0,65.9919028340081,17,20260702,매수,3.34,5.48,202603,9.24,18.8,2026.12E,2025.12,20260622,매수,False,True,True,True,True
068270,셀트리온,KOSPI,제약,183600.0,426969.0,232553706.0,43.32,2.45,4238.0,74822.0,5.664109486514661,251000.0,158500.0,25.424432935441878,7221.400000000001,4668.0,54.700085689802926,52652.0,18171.0,15750.0,26.5,55.5,11685.0,10296.0,41625.0,137.5,143.6,True,18171.0,276000.0,50.326797385620914,5,20260527,BUY,115.41,36.0,202603,137.49,37.89,2026.12E,2025.12,20260507,매수,False,True,True,True,True
006400,삼성SDI,KOSPI,전기·전자,467500.0,376737.0,80585530.0,-56.16,1.72,-8325.0,272485.0,-3.055214048479733,723000.0,169700.0,590.1287553648068,792.2,-8796.0,109.00636653024102,157678.0,-1724.0,624.0,18.900000000000002,-90.0,-17224.0,-6495.0,132667.0,-574.1,-208.4,True,-1724.0,772706.0,65.28470588235294,21,20260630,BUY,0.0,12.58,202603,0.0,-32.28,2026.12E,2025.12,20260429,매수,False,True,True,True,True
086790,하나금융지주,KOSPI,금융,125600.0,344606.0,274367748.0,8.9,0.76,14110.0,164776.0,8.563140263145117,136000.0,80500.0,,,,,231461.0,60909.0,45146.0,3.1,13.8,53509.0,40029.0,224597.0,10.200000000000001,7.1000000000000005,True,60909.0,158200.0,25.955414012738853,12,20260610,Buy,11.06,71.4,202603,10.21,4.59,2026.12E,2025.12,20260426,매수,False,True,True,True,True
010120,LS ELECTRIC,KOSPI,전기·전자,229500.0,344250.0,150000000.0,120.09,16.49,1911.0,13920.0,13.728448275862068,907000.0,171200.0,66.70348195082252,3440.6000000000004,1929.4,78.32486783455998,65561.0,6975.0,5118.0,32.0,63.6,4264.0,2866.0,49658.0,9.4,20.1,True,6975.0,298722.0,30.162091503267973,12,20260703,매수,44.96,33.38,202603,9.42,34.21,2026.12E,2025.12,20260604,매수,False,True,True,True,True
267260,HD현대일렉트릭,KOSPI,전기·전자,945000.0,340645.0,36047135.0,46.5,16.77,20324.0,56366.0,36.05719760139091,1430000.0,418000.0,34.61044026677507,27303.9,20354.0,34.14513117814681,48728.0,12671.0,9827.0,19.400000000000002,27.3,9953.0,7326.0,40795.0,48.800000000000004,46.1,True,12671.0,1426842.0,50.988571428571426,13,20260619,Buy,18.38,2.15,202603,48.78,99.31,2026.12E,2025.12,20260429,매수,False,True,True,True,True
042660,한화오션,KOSPI,운송장비·부품,106900.0,327556.0,306413394.0,26.29,5.31,4066.0,20138.0,20.1906842784785,154800.0,71500.0,18.128476461809793,5896.8,4007.0,47.16246568505117,137245.0,19914.0,18066.0,7.4,70.60000000000001,11676.0,12458.0,127835.0,390.8,135.9,True,19914.0,165889.0,55.18147801683817,9,20260526,매수,70.55,2.13,202603,390.84,130.28,2026.12E,2025.12,20260624,매수,False,True,True,True,True
066570,LG전자,KOSPI,전기·전자,191000.0,311110.0,162884638.0,35.9,1.44,5321.0,132659.0,4.01103581362742,438000.0,72000.0,27.840130600822086,6860.6,5330.0,28.71669793621014,942591.0,35625.0,12346.0,5.7,43.7,24784.0,9606.0,892009.0,-27.5,161.4,True,35625.0,172080.0,-9.905759162303665,17,20260703,BUY,32.93,4.34,202603,-27.53,-10.35,2026.12E,2025.12,20260407,매수,False,True,True,True,True
298040,효성중공업,KOSPI,전기·전자,3323000.0,309855.0,9324548.0,59.6,13.16,55755.0,252555.0,22.076379402506387,4742000.0,860000.0,39.51422357464003,84096.3,55832.0,50.623835793093576,73237.0,10604.0,7831.0,22.700000000000003,42.0,7470.0,5199.0,59685.0,106.10000000000001,133.5,True,10604.0,4523529.0,36.12786638579596,12,20260619,Buy,48.77,26.21,202603,106.07,75.55,2026.12E,2025.12,20260427,매수,False,True,True,True,True
035420,NAVER,KOSPI,IT 서비스,195800.0,307186.0,156887668.0,15.82,1.06,12376.0,184396.0,6.711642334974728,304000.0,190300.0,19.382876149558985,10101.7,13009.0,-22.348374202475206,137728.0,24712.0,15845.0,14.4,11.9,22081.0,19532.0,120350.0,11.600000000000001,1.6,False,24712.0,313762.0,60.246169560776295,15,20260611,Buy,7.22,16.3,202603,11.56,19.54,2026.12E,2025.12,20260608,매수,False,True,True,True,True
000810,삼성화재,KOSPI,보험,638000.0,284851.0,44647473.0,15.67,1.28,40703.0,500071.0,8.139444198923753,757000.0,412000.0,,,,,,,,,,,,,,,False,,666850.0,4.521943573667712,13,20260701,BUY,8.68,9.34,202603,0.36,9.35,,,20260223,매수,False,True,True,True,True
009540,HD한국조선해양,KOSPI,금융,359500.0,254429.0,70773116.0,11.73,1.91,30639.0,187883.0,16.30748923532198,494500.0,304500.0,7.276031800003238,49408.8,30664.0,61.12966344899557,342759.0,54000.0,34939.0,14.5,38.300000000000004,39045.0,21684.0,299332.0,172.3,85.0,True,54000.0,597143.0,66.10375521557718,7,20260528,BUY,57.83,20.22,202603,172.26,193.44,2026.12E,2025.12,20260610,매수,False,True,True,True,True
005490,POSCO홀딩스,KOSPI,금속,320000.0,253573.0,79241527.0,39.58,0.43,8085.0,736969.0,1.0970610704113741,542000.0,258500.0,9.972699734476869,32087.600000000002,8697.0,268.9502127170289,788485.0,37665.0,24250.0,14.100000000000001,106.2,18271.0,6577.0,690949.0,-15.9,-39.900000000000006,True,37665.0,551062.0,72.206875,12,20260626,BUY,24.35,2.52,202603,-15.94,-27.19,2026.12E,2025.12,20260409,매수,True,True,True,True,True
015760,한국전력,KOSPI,전기·가스,38250.0,245551.0,641964077.0,2.87,0.51,13311.0,75035.0,17.739721463317117,69500.0,34100.0,12.010927589022169,3184.6000000000004,13311.0,-76.07542633911802,985306.0,68231.0,20444.0,1.1,-49.400000000000006,134906.0,85449.0,974293.0,61.300000000000004,144.70000000000002,False,68231.0,57765.0,51.01960784313726,13,20260623,BUY,0.81,0.72,202603,61.28,20.43,2026.12E,2025.12,20260401,중립,False,True,True,True,True
006800,미래에셋증권,KOSPI,증권,42750.0,239215.0,559566880.0,19.85,1.88,2154.0,22705.0,9.486897159216031,87800.0,17100.0,,,,,66645.0,42508.0,31269.0,70.5,122.0,19151.0,15695.0,39094.0,61.2,70.3,False,42508.0,74000.0,73.09941520467837,14,20260630,BUY,297.2,138.39,202603,61.19,50.52,2026.12E,2025.12,20260609,중립,True,True,True,True,True
010130,고려아연,KOSPI,금속,1115000.0,232734.0,20872969.0,28.95,2.08,38514.0,536342.0,7.1808659400158845,2188000.0,745000.0,,,,,,,,,,,,,,,False,,1776333.0,59.31237668161435,5,20260629,BUY,175.19,58.42,202603,70.28,17.24,,,,,False,True,True,True,True
000150,두산,KOSPI,전기·전자,1433000.0,232058.0,16193835.0,404.12,16.4,3546.0,87399.0,4.057254659664298,2489000.0,468000.0,56.56385439445493,25334.2,4230.0,498.91725768321515,225351.0,17185.0,4333.0,13.9,61.7,10627.0,758.0,197841.0,5.9,-133.5,True,17185.0,2170588.0,51.471598046057224,9,20260629,BUY,71.74,17.72,202603,5.87,1.1,2026.12E,2025.12,20260518,매수,False,True,True,True,True
316140,우리금융지주,KOSPI,금융,30750.0,223888.0,728089682.0,7.29,0.63,4221.0,49068.0,8.60234776228907,41500.0,22550.0,,,,,226089.0,44767.0,32693.0,6.7,21.8,36748.0,31243.0,211887.0,-13.600000000000001,1.2000000000000002,True,44767.0,43636.0,41.90569105691057,9,20260702,BUY,-7.03,58.37,202603,-13.64,-4.35,2026.12E,2025.12,20260426,매수,False,True,True,True,True
042700,한미반도체,KOSPI,기계·장비,232500.0,221601.0,95312200.0,104.12,31.95,2233.0,7278.0,30.681505908216543,426000.0,81400.0,,,,,,,,,,,,,,,False,,380000.0,63.44086021505376,1,20260521,BUY,-87.86,-65.47,202603,-1.57,189.36,,,,,False,True,True,True,True
064350,현대로템,KOSPI,운송장비·부품,200500.0,218830.0,109142293.0,28.42,7.11,7055.0,28211.0,25.007975612349792,282000.0,162000.0,21.65717927391741,9257.9,7055.0,31.224663359319628,71570.0,12420.0,10104.0,22.6,23.5,10056.0,7699.0,58390.0,120.30000000000001,89.2,True,12420.0,309833.0,54.530174563591025,10,20260619,BUY,10.52,23.92,202603,120.26,93.35,2026.12E,2025.12,20260427,매수,False,True,True,True,True
010140,삼성중공업,KOSPI,운송장비·부품,23500.0,206800.0,880000000.0,37.9,4.84,620.0,4857.0,12.76508132592135,35350.0,15610.0,20.18726913495404,1164.1000000000001,639.0,82.17527386541474,125157.0,14913.0,9943.0,17.5,73.0,8622.0,5455.0,106500.0,71.5,754.1,True,14913.0,40909.0,74.08085106382978,10,20260604,매수,121.91,16.36,202603,71.52,62.32,2026.12E,2025.12,20260617,매수,False,True,True,True,True
011070,LG이노텍,KOSPI,전기·전자,872000.0,206377.0,23667107.0,60.48,3.58,14419.0,243532.0,5.920782484437363,1788000.0,146800.0,28.130484154020852,30998.4,14421.0,114.95319325982942,239729.0,10641.0,7336.0,9.5,60.0,6650.0,3413.0,218966.0,-5.800000000000001,-24.0,True,10641.0,928760.0,6.509174311926605,19,20260702,BUY,136.04,11.08,202603,-5.81,-18.5,2026.12E,2025.12,20260407,매수,False,True,True,True,True
051910,LG화학,KOSPI,화학,281500.0,198717.0,70592343.0,-12.11,0.67,-23242.0,419617.0,-5.538860437017566,437500.0,245000.0,21.854232656356746,12880.800000000001,-23244.0,155.41559112028912,515941.0,8756.0,10087.0,12.3,-25.900000000000002,11809.0,-18194.0,459322.0,35.0,163.4,True,8756.0,456571.0,62.19218472468917,12,20260629,Hold,0.0,-2.64,202603,0.0,-12.61,2026.12E,2025.12,20260504,매수,False,True,True,True,True
017670,SK텔레콤,KOSPI,통신,86400.0,185579.0,214790053.0,45.45,1.43,1901.0,60395.0,3.1476115572481165,139500.0,51400.0,13.49852359898136,6400.700000000001,1825.0,250.7232876712329,177025.0,19476.0,13633.0,3.5,81.5,10732.0,4084.0,170992.0,-41.1,-67.3,True,19476.0,114571.0,32.605324074074076,16,20260630,BUY,-5.25,-1.38,202603,-41.14,-9.46,2026.12E,2025.12,20260508,매수,True,True,True,True,True
196170,알테오젠,KOSDAQ,일반서비스,341500.0,182997.0,53586343.0,129.7,41.36,2633.0,8257.0,31.888094949739614,569000.0,286000.0,,,,,,,,,,,,,,,False,,560000.0,63.98243045387994,2,20260520,BUY,-35.59,-14.45,202603,320.8,106.93,,,,,False,True,True,True,True
033780,KT&G,KOSPI,음식료·담배,175100.0,181772.0,103810456.0,19.51,1.96,8973.0,89409.0,10.035902425930274,192400.0,127900.0,14.290611125620265,12252.800000000001,10220.0,19.89041095890412,70181.0,14956.0,12607.0,6.7,11.3,13437.0,10901.0,65797.0,13.0,-6.5,True,14956.0,225556.0,28.815533980582526,9,20260508,Buy,27.66,14.25,202603,13.03,2.32,2026.12E,2025.12,20260612,매수,False,True,True,True,True
011200,HMM,KOSPI,운송·창고,19170.0,180819.0,943237970.0,9.81,0.68,1955.0,28168.0,6.9404998579948876,26250.0,17910.0,13.986575222530277,1370.6000000000001,1951.0,-29.748846745258835,116508.0,11241.0,12928.0,7.0,-23.1,14612.0,18784.0,108914.0,-58.400000000000006,-50.300000000000004,False,11241.0,23000.0,19.979134063641105,5,20260630,BUY,-56.17,-4.76,202603,-58.4,116.07,2026.12E,2025.12,20260608,중립,False,True,True,True,True
079550,LIG디펜스앤에어로스페이스,KOSPI,금속,800000.0,176000.0,22000000.0,69.47,12.22,11516.0,65465.0,17.59107920262736,1118000.0,360000.0,45.29447067749204,17662.2,11604.0,52.20785935884178,52302.0,4368.0,3858.0,21.400000000000002,36.800000000000004,3194.0,2534.0,43069.0,43.0,15.5,True,4368.0,1148235.0,43.529374999999995,15,20260619,BUY,56.13,28.67,202603,43.0,22.31,2026.12E,2025.12,20260508,매수,False,True,True,True,True
024110,기업은행,KOSPI,금융,21300.0,169852.0,797425869.0,6.26,0.47,3400.0,45716.0,7.437221104208593,29550.0,18500.0,,,,,184240.0,38957.0,29023.0,3.7,6.6000000000000005,36556.0,27111.0,177642.0,1.7000000000000002,2.5,True,38957.0,27500.0,29.107981220657276,6,20260610,Hold,-8.93,39.76,202603,1.71,0.18,2026.12E,2025.12,20260426,중립,False,True,True,True,True
267250,HD현대,KOSPI,금융,206500.0,163121.0,78993085.0,16.94,1.44,12187.0,143153.0,8.51326901985987,333000.0,117600.0,,,,,,,,,,,,,,,False,,386667.0,87.24794188861985,3,20260519,BUY,120.36,14.72,202603,104.47,37.1,,,,,False,True,True,True,True
096770,SK이노베이션,KOSPI,화학,95000.0,160600.0,169052788.0,-4.51,0.73,-21056.0,129847.0,-16.216008071037454,155400.0,87700.0,12.572124291990894,7556.400000000001,-21502.0,135.14277741605434,934431.0,58114.0,12719.0,16.400000000000002,1195.2,4487.0,-33479.0,802961.0,26.1,48.1,False,58114.0,159800.0,68.21052631578948,9,20260629,Hold,0.0,15.15,202603,0.0,-54.08,2026.12E,2025.12,20260514,중립,True,True,True,True,True
035720,카카오,KOSPI,IT 서비스,35500.0,157253.0,442965914.0,31.98,1.39,1110.0,25625.0,4.33170731707317,69700.0,32250.0,19.710177113985896,1801.1000000000001,1118.0,61.10017889087658,81600.0,9246.0,7918.0,0.8,26.3,7320.0,4915.0,80991.0,47.800000000000004,789.1,False,9246.0,66750.0,88.02816901408451,9,20260528,BUY,65.97,11.11,202603,47.8,12.07,2026.12E,2025.12,20260507,매수,False,True,True,True,True
003550,LG,KOSPI,금융,101100.0,152855.0,151192004.0,21.85,0.54,4628.0,186173.0,2.4858599259828225,185900.0,70100.0,12.47624453932917,8103.400000000001,4780.0,69.52719665271968,84512.0,16851.0,12491.0,16.5,84.7,9122.0,7372.0,72525.0,-5.7,28.3,True,16851.0,145900.0,44.31256181998022,10,20260601,BUY,-35.14,-7.0,202603,-5.65,-20.99,2026.12E,2025.12,20260518,매수,True,True,True,True,True
047810,한국항공우주,KOSPI,운송장비·부품,156600.0,152646.0,97475107.0,82.12,8.34,1907.0,18776.0,10.156582871751171,215500.0,83100.0,55.408130771680284,2826.3,1907.0,48.20660723649712,56642.0,4244.0,2755.0,53.2,57.7,2692.0,1859.0,36964.0,11.8,8.0,True,4244.0,222385.0,42.00830140485313,12,20260619,BUY,43.43,56.26,202603,11.83,27.95,2026.12E,2025.12,20260508,매수,False,True,True,True,True
018260,삼성에스디에스,KOSPI,IT 서비스,195400.0,151196.0,77377800.0,19.91,1.52,9816.0,128198.0,7.656905723958252,388500.0,143700.0,21.32698835419827,9162.1,9819.0,-6.690090640594762,142814.0,7893.0,7089.0,2.5,-17.5,9571.0,7595.0,139299.0,5.0,0.30000000000000004,False,7893.0,230556.0,17.99181166837257,7,20260625,BUY,-70.83,-3.92,202603,5.05,2.0,2026.12E,2025.12,20260423,매수,False,True,True,True,True
086280,현대글로비스,KOSPI,운송·창고,197000.0,147750.0,75000000.0,8.52,1.43,23117.0,138016.0,16.749507303501044,296000.0,133700.0,8.644938761360194,22787.9,23117.0,-1.4236276333434206,319030.0,22002.0,17091.0,7.9,6.1000000000000005,20730.0,17337.0,295664.0,18.3,58.5,False,22002.0,300000.0,52.28426395939086,1,20260408,BUY,3.9,8.16,202603,18.26,5.82,2026.12E,2025.12,20260601,매수,False,True,True,True,True
003670,포스코퓨처엠,KOSPI,전기·전자,162200.0,144271.0,88946220.0,420.21,3.55,386.0,45731.0,0.8440663882268046,299500.0,122400.0,3071.9696969696965,52.800000000000004,51.0,3.5294117647058907,37628.0,550.0,47.0,28.0,67.5,328.0,323.0,29387.0,4451.5,-115.2,False,550.0,275714.0,69.98397040690506,12,20260626,BUY,3.2,-10.4,202603,2727.51,850.38,2026.12E,2025.12,20260504,중립,False,True,True,True,True
278470,에이피알,KOSPI,화학,382500.0,143201.0,37438155.0,49.65,32.12,7704.0,11910.0,64.68513853904282,473000.0,133900.0,28.338581218744213,13497.5,7765.0,73.82485511912428,27182.0,6628.0,5053.0,78.0,81.30000000000001,3655.0,2897.0,15273.0,197.9,169.20000000000002,True,6628.0,497778.0,30.138039215686273,18,20260624,BUY,166.76,123.04,202603,197.88,127.09,2026.12E,2025.12,20260630,매수,True,True,True,True,True
272210,한화시스템,KOSPI,전기·전자,75500.0,142634.0,188919389.0,58.89,2.91,1282.0,25933.0,4.943508271314542,184000.0,44750.0,271.38749101365926,278.2,1290.0,-78.43410852713177,44404.0,2256.0,520.0,21.200000000000003,88.10000000000001,1199.0,2422.0,36642.0,-45.300000000000004,-46.7,False,2256.0,143727.0,90.36688741721855,11,20260619,BUY,1.94,16.95,202603,-45.34,82.4,2026.12E,2025.12,20260529,매수,True,True,True,True,True
307950,현대오토에버,KOSPI,IT 서비스,505000.0,138491.0,27423982.0,75.89,7.5,6654.0,67357.0,9.878705999376457,1066000.0,146100.0,57.80346820809248,8736.5,6654.400000000001,31.28907189228179,47167.0,3021.0,2398.0,10.9,18.3,2553.0,1825.0,42521.0,13.8,6.800000000000001,True,3021.0,707308.0,40.0609900990099,11,20260609,매수,-20.72,12.33,202603,13.75,21.63,2026.12E,2025.12,20260605,매수,False,True,True,True,True
030200,KT,KOSPI,통신,53700.0,135336.0,252021685.0,7.82,0.73,6869.0,73231.0,9.379907416258142,69400.0,48100.0,8.42802435808902,6371.6,7119.0,-10.498665542913326,279423.0,21854.0,15320.0,-1.1,-11.5,24691.0,17310.0,282442.0,205.0,268.1,False,21854.0,74857.0,39.39851024208566,6,20260630,BUY,-29.92,-0.97,202603,205.03,50.57,2026.12E,2025.12,20260512,매수,False,True,True,True,True
071050,한국금융지주,KOSPI,금융,242000.0,134857.0,55725992.0,7.38,1.18,32808.0,205667.0,15.952000077795661,300500.0,121800.0,,,,,,,,,,,,,,,False,,347062.0,43.41404958677686,12,20260610,Buy,108.89,122.48,202603,95.49,64.02,,,,,False,True,True,True,True
000720,현대건설,KOSPI,건설,115300.0,128393.0,111355765.0,34.73,1.57,3320.0,73523.0,4.515593759775852,198400.0,54100.0,22.89424566141138,5036.200000000001,3319.0,51.738475444410994,260976.0,8433.0,5662.0,-16.0,29.1,6530.0,3731.0,310629.0,-151.70000000000002,-321.20000000000005,True,8433.0,212600.0,84.38855160450997,21,20260702,BUY,-15.35,-15.75,202603,0.0,12.21,2026.12E,2025.12,20260429,매수,False,True,True,True,True
010950,S-Oil,KOSPI,화학,110200.0,124066.0,112582792.0,72.6,1.44,1518.0,76339.0,1.9884986704043806,177100.0,57600.0,4.8065599511493,22927.0,1519.0,1409.3482554312047,495838.0,36616.0,26731.0,44.800000000000004,1454.0,2356.0,1770.0,342470.0,-44.2,-191.70000000000002,True,36616.0,145769.0,32.276769509981854,12,20260629,Buy,0.0,-0.53,202603,-44.19,-57.75,2026.12E,2025.12,20260616,매수,True,True,True,True,True
247540,에코프로비엠,KOSDAQ,전기·전자,124400.0,121701.0,97830434.0,308.68,7.04,403.0,17677.0,2.2797986083611472,260000.0,99900.0,236.36709101273036,526.3000000000001,403.0,30.59553349875932,28874.0,1055.0,515.0,14.100000000000001,-26.400000000000002,1433.0,394.0,25316.0,-520.1,-140.8,True,1055.0,247133.0,98.65996784565917,13,20260701,BUY,822.59,-3.88,202603,0.0,-19.67,2026.12E,2025.12,20260430,중립,False,True,True,True,True
086520,에코프로,KOSDAQ,금융,87300.0,118533.0,135776152.0,-79.15,5.98,-1103.0,14608.0,-7.55065717415115,190000.0,44500.0,,,,,,,,,,,,,,,False,,,,0,,,4004.42,1.42,202603,0.0,-17.13,,,,,False,True,True,True,True
006260,LS,KOSPI,금융,374000.0,116688.0,31200000.0,44.22,2.04,8458.0,182946.0,4.623222152985034,604000.0,148600.0,20.66835034511724,18095.3,9903.0,82.72543673634252,375521.0,15664.0,4944.0,17.8,48.800000000000004,10526.0,2708.0,318700.0,-1.9000000000000001,14.100000000000001,True,15664.0,579769.0,55.01844919786096,10,20260629,BUY,53.19,37.48,202603,-1.65,26.65,2026.12E,2025.12,20260401,매수,False,True,True,True,True
005940,NH투자증권,KOSPI,증권,31400.0,111892.0,356344369.0,10.87,1.25,2888.0,25187.0,11.46623258029936,42600.0,18340.0,,,,,35043.0,20229.0,14616.0,30.900000000000002,42.400000000000006,14206.0,10316.0,26762.0,57.7,50.2,False,20229.0,41548.0,32.318471337579616,15,20260610,Hold,120.27,171.78,202603,57.66,40.34,2026.12E,2025.12,20260424,매수,False,True,True,True,True
259960,크래프톤,KOSPI,IT 서비스,235500.0,108655.0,46137833.0,15.25,1.49,15438.0,157747.0,9.786556955124345,372000.0,199300.0,8.014893066692078,29382.800000000003,16454.0,78.57542238969249,46867.0,14939.0,13121.0,40.900000000000006,41.7,10544.0,7348.0,33266.0,-10.8,-43.7,True,14939.0,387857.0,64.69511677282378,13,20260630,BUY,22.81,56.88,202603,-10.83,15.11,2026.12E,2025.12,20260520,매수,False,True,True,True,True
016360,삼성증권,KOSPI,증권,119100.0,106356.0,89300000.0,10.56,1.32,11279.0,90348.0,12.483950945233985,163000.0,65200.0,,,,,33875.0,21924.0,15927.0,34.4,59.400000000000006,13757.0,10072.0,25201.0,14.100000000000001,12.0,False,21924.0,157038.0,31.85390428211587,17,20260610,Buy,82.14,117.74,202603,14.09,34.99,2026.12E,2025.12,20260511,매수,False,True,True,True,True
003490,대한항공,KOSPI,운송·창고,28850.0,106232.0,368220661.0,13.67,0.97,2111.0,29659.0,7.117569709025928,31200.0,21000.0,13.969591322874296,2065.2000000000003,3566.0,-42.08637128435221,248032.0,12181.0,7628.0,38.800000000000004,-42.300000000000004,21102.0,13173.0,178707.0,17.900000000000002,24.1,False,12181.0,34111.0,18.235701906412476,7,20260630,BUY,20.03,2.56,202603,-47.23,-22.04,2025.12E,2024.12,20251127,매수,False,True,True,True,True
323410,카카오뱅크,KOSPI,금융,22250.0,106159.0,477120437.0,0.0,0.0,0.0,0.0,,34800.0,19110.0,,,,,,,,,,,,,,,False,,30000.0,34.831460674157306,6,20260610,Buy,0.0,0.0,202509,0.0,0.0,,,,,False,True,True,True,True
443060,HD현대마린솔루션,KOSPI,일반서비스,216000.0,96840.0,44833460.0,35.92,11.74,6013.0,18396.0,32.68645357686454,287000.0,158000.0,27.068347577633524,7979.8,6013.0,32.7091302178613,23650.0,4238.0,3577.0,19.3,21.0,3501.0,2696.0,19827.0,28.900000000000002,18.3,True,4238.0,326364.0,51.09444444444444,10,20260623,Buy,12.51,18.33,202603,28.86,35.22,2026.12E,2025.12,20260504,매수,False,True,True,True,True
005830,DB손해보험,KOSPI,보험,146800.0,96155.0,65500349.0,5.81,0.82,25263.0,179423.0,14.080134653862661,214000.0,118100.0,,,,,,,,,,,,,,,False,,217692.0,48.29155313351499,11,20260610,Buy,-33.36,26.43,202603,-1.69,-3.73,,,20260223,매수,False,True,True,True,True
277810,레인보우로보틱스,KOSDAQ,기계·장비,492500.0,95544.0,19399858.0,6746.58,71.39,73.0,6899.0,1.0581243658501231,979000.0,249500.0,,,,,,,,,,,,,,,False,,915000.0,85.78680203045685,1,20260519,BUY,0.0,116.56,202603,0.0,0.0,,,,,False,True,True,True,True
028050,삼성E&A,KOSPI,일반서비스,48100.0,94276.0,196000000.0,15.27,1.99,3150.0,24187.0,13.023525034109232,67300.0,22900.0,13.942837265928459,3449.8,3150.0,9.517460317460323,109508.0,9110.0,6762.0,21.3,15.0,7921.0,6175.0,90288.0,-18.5,-18.400000000000002,True,9110.0,66250.0,37.733887733887734,19,20260702,BUY,19.64,8.08,202603,-18.48,6.88,2026.12E,2025.12,20260409,매수,False,True,True,True,True
039490,키움증권,KOSPI,증권,348500.0,91406.0,26228316.0,8.6,1.37,40504.0,254008.0,15.945954458127304,517000.0,190500.0,,,,,31262.0,21447.0,16278.0,30.5,44.1,14882.0,11136.0,23962.0,35.5,33.4,True,21447.0,538444.0,54.503299856527974,7,20260703,매수,90.88,156.72,202603,35.51,38.68,2026.12E,2025.12,20260430,매수,False,True,True,True,True
036930,주성엔지니어링,KOSDAQ,기계·장비,192600.0,89523.0,46481121.0,255.1,14.9,755.0,12922.0,5.842748800495279,283000.0,26050.0,129.31381764468912,1489.4,781.0,90.70422535211269,3529.0,645.0,680.0,13.600000000000001,106.30000000000001,313.0,357.0,3107.0,-67.8,-66.60000000000001,True,645.0,127000.0,-34.060228452751815,1,20260429,매수,0.0,-54.59,202603,-67.84,30.47,2026.12E,2025.12,20260429,매수,True,True,True,True,True
180640,한진칼,KOSPI,금융,134000.0,89461.0,66762279.0,58.18,2.7,2303.0,49668.0,4.636788274140292,175900.0,93100.0,,,,,,,,,,,,,,,False,,,,0,,,92.68,11.05,202603,0.0,70.18,,,,,False,True,True,True,True
352820,하이브,KOSPI,오락·문화,205000.0,88360.0,43102249.0,-36.14,2.67,-5673.0,76643.0,-7.401850136346437,405500.0,174600.0,38.3758587768397,5341.900000000001,-5690.0,193.88224956063272,42960.0,2696.0,2299.0,62.1,446.70000000000005,493.0,-2373.0,26499.0,-73.2,-2629.7000000000003,True,2696.0,377174.0,83.98731707317073,18,20260703,매수,0.0,39.5,202603,-73.2,-28.72,2026.12E,2025.12,20260429,매수,True,True,True,True,True
047050,포스코인터내셔널,KOSPI,유통,49300.0,86730.0,175922788.0,14.12,1.25,3491.0,39358.0,8.86986127343869,91200.0,44850.0,,,,,,,,,,,,,,,False,,103750.0,110.44624746450305,10,20260504,BUY,29.86,3.36,202603,0.65,9.69,,,,,False,True,True,True,True
003230,삼양식품,KOSPI,음식료·담배,1111000.0,83692.0,7533015.0,21.49,6.67,51697.0,166650.0,31.02130213021302,1665000.0,981000.0,14.63135825361372,75932.8,52156.0,45.587851829128006,30303.0,7361.0,5720.0,28.8,40.400000000000006,5242.0,3894.0,23518.0,52.1,43.2,True,7361.0,1900000.0,71.01710171017102,6,20260514,BUY,32.2,35.05,202603,52.13,82.98,2026.12E,2025.12,20260612,매수,False,True,True,True,True
161390,한국타이어앤테크놀로지,KOSPI,화학,67300.0,83368.0,123875069.0,7.65,0.68,8795.0,99234.0,8.862889735372956,78400.0,37650.0,7.334510342422458,9175.800000000001,8930.9,2.7421648434088555,234764.0,18544.0,11193.0,10.700000000000001,0.7000000000000001,18411.0,10895.0,212023.0,4.5,-2.3000000000000003,True,18544.0,84111.0,24.97919762258544,8,20260618,BUY,42.95,7.06,202603,4.47,41.77,2026.12E,2025.12,20260511,매수,False,True,True,True,True
007660,이수페타시스,KOSPI,전기·전자,110100.0,80824.0,73409219.0,48.78,10.7,2257.0,10292.0,21.929654100272057,164400.0,50900.0,32.31866615786538,3406.7000000000003,2278.0,49.547848990342416,15049.0,3148.0,2501.0,38.300000000000004,53.800000000000004,2047.0,1605.0,10880.0,100.9,116.80000000000001,True,3148.0,181250.0,64.62306993642144,8,20260528,BUY,40.97,34.77,202603,100.95,39.38,2026.12E,2025.12,20260413,매수,False,True,True,True,True
047040,대우건설,KOSPI,건설,18380.0,75525.0,410907638.0,-8.37,2.26,-2195.0,8148.0,-26.93912616593029,40350.0,3320.0,,,,,,,,,,,,,,,False,,35750.0,94.50489662676823,10,20260702,BUY,68.93,-6.03,202603,0.0,-17.33,,,,,False,True,True,True,True
000880,한화,KOSPI,화학,104900.0,73963.0,70507919.0,26.63,0.79,3939.0,133067.0,2.9601629254435733,166400.0,74100.0,9.919527947726262,10575.1,4072.0,159.70284872298626,856335.0,59467.0,9277.0,14.5,43.400000000000006,41469.0,3725.0,747854.0,71.60000000000001,-51.800000000000004,True,59467.0,171889.0,63.85986653956148,8,20260519,매수,21.47,28.9,202603,71.64,24.53,2026.12E,2025.12,20260518,매수,False,True,True,True,True
064400,LG씨엔에스,KOSPI,IT 서비스,74200.0,71889.0,96885948.0,16.31,2.45,4548.0,30270.0,15.024777006937562,153300.0,54100.0,,,,,,,,,,,,,,,False,,102222.0,37.76549865229111,7,20260629,BUY,19.4,8.55,202603,7.6,12.84,,,,,False,True,True,True,True
090430,아모레퍼시픽,KOSPI,화학,121200.0,70893.0,58492759.0,35.51,1.53,3413.0,78989.0,4.320854802567446,169000.0,94000.0,24.87991131912797,4871.400000000001,3416.0,42.60538641686184,47231.0,4719.0,3358.0,11.100000000000001,40.5,3358.0,2357.0,42528.0,52.300000000000004,-60.300000000000004,True,4719.0,163571.0,34.95957095709571,7,20260624,매수,7.62,6.39,202603,52.32,35.55,2026.12E,2025.12,20260623,매수,False,True,True,True,True
078930,GS,KOSPI,금융,73000.0,67814.0,92895495.0,8.66,0.47,8434.0,155303.0,5.43067423037546,86700.0,42800.0,9.583825653144283,7617.0,8435.0,-9.697688203912271,261551.0,26795.0,7213.0,3.9000000000000004,-8.700000000000001,29361.0,7987.0,251841.0,-4.6000000000000005,40.900000000000006,False,26795.0,105000.0,43.83561643835616,2,20260514,BUY,56.67,9.88,202603,-4.59,-16.41,2026.12E,2025.12,20260410,중립,False,True,True,True,True
062040,산일전기,KOSPI,전기·전자,221000.0,67661.0,30615850.0,45.19,11.47,4891.0,19269.0,25.382739114640096,341000.0,81000.0,,,,,6810.0,2523.0,,35.7,41.300000000000004,1786.0,,5019.0,63.5,,False,2523.0,315100.0,42.57918552036199,7,20260604,매수,47.87,52.1,202603,63.54,21.18,2026.12E,2025.12,20260604,매수,False,True,True,True,True
021240,코웨이,KOSPI,일반서비스,95400.0,67512.0,70767426.0,11.15,1.87,8558.0,51065.0,16.759032605502792,114700.0,68800.0,,,,,,,,,,,,,,,False,,150000.0,57.23270440251572,1,20260413,BUY,18.79,13.18,202603,10.47,9.06,,,,,False,True,True,True,True
326030,SK바이오팜,KOSPI,일반서비스,86200.0,67506.0,78313250.0,25.29,8.3,3409.0,10382.0,32.83567713350029,144100.0,80600.0,21.715581307469456,3969.5,3409.0,16.441771780580815,9575.0,3370.0,3109.0,35.5,65.3,2039.0,2670.0,7067.0,111.7,10.9,True,3370.0,135000.0,56.61252900232019,2,20260527,BUY,249.68,57.84,202603,111.69,37.23,2026.12E,2025.12,20260410,매수,False,True,True,True,True
004170,신세계,KOSPI,유통,706000.0,66683.0,9445181.0,490.28,1.39,1440.0,508154.0,0.2833786607996788,792000.0,160800.0,15.579279998940784,45316.600000000006,1590.0,2750.100628930818,78202.0,8578.0,3969.0,12.9,78.7,4800.0,139.0,69295.0,0.6000000000000001,-87.10000000000001,True,8578.0,679706.0,-3.7243626062322948,15,20260703,BUY,49.49,10.88,202603,0.62,-8.57,2026.12E,2025.12,20260625,매수,False,True,True,True,True
240810,원익IPS,KOSDAQ,기계·장비,133100.0,65331.0,49083901.0,77.75,6.68,1712.0,19936.0,8.587479935794542,187800.0,26550.0,,,,,,,,,,,,,,,False,,174000.0,30.728775356874532,4,20260629,BUY,0.0,32.77,202603,593.64,197.88,,,,,False,True,True,True,True
001440,대한전선,KOSPI,전기·전자,32900.0,64482.0,195992596.0,72.79,3.82,452.0,8622.0,5.242403154720483,75900.0,14740.0,53.49593495934959,615.0,453.0,35.76158940397351,39389.0,1772.0,1143.0,8.3,37.800000000000004,1286.0,842.0,36360.0,11.700000000000001,19.6,True,1772.0,59000.0,79.33130699088146,5,20260701,BUY,122.88,26.64,202603,11.67,40.55,2026.12E,2025.12,20260401,매수,False,True,True,True,True
028300,HLB,KOSDAQ,제약,48350.0,64401.0,133198223.0,-28.83,15.31,-1677.0,3159.0,-53.086419753086425,69200.0,36150.0,,,,,,,,,,,,,,,False,,,,0,,,0.0,5.8,202603,0.0,0.0,,,,,False,True,True,True,True
353200,대덕전자,KOSPI,전기·전자,129600.0,64044.0,49416925.0,140.26,7.44,924.0,17419.0,5.304552500143521,198000.0,17200.0,39.23230610885754,3303.4,924.0,257.5108225108225,14649.0,2064.0,1702.0,37.5,320.6,491.0,476.0,10653.0,335.70000000000005,100.30000000000001,True,2064.0,173333.0,33.7445987654321,12,20260702,BUY,0.0,60.8,202603,335.74,64.46,2026.12E,2025.12,20260407,매수,True,True,True,True,True
241560,두산밥캣,KOSPI,기계·장비,64400.0,61731.0,95856065.0,15.45,0.86,4168.0,75131.0,5.547643449441642,79700.0,51900.0,,,,,,,,,,,,,,,False,,91250.0,41.692546583850934,6,20260604,BUY,5.69,9.4,202603,-21.26,-9.62,,,,,False,True,True,True,True
032640,LG유플러스,KOSPI,통신,14200.0,60269.0,424427732.0,11.75,0.68,1208.0,20826.0,5.800441755497935,18800.0,13600.0,7.903378415984861,1796.7,1221.0,47.149877149877156,156530.0,11468.0,7565.0,1.3,28.5,8921.0,5239.0,154517.0,3.4000000000000004,39.900000000000006,True,11468.0,20250.0,42.6056338028169,8,20260630,BUY,6.6,1.49,202603,3.36,-5.95,2026.12E,2025.12,20260508,매수,False,True,True,True,True
058470,리노공업,KOSDAQ,전기·전자,78600.0,59903.0,76211850.0,0.0,0.0,0.0,0.0,,129000.0,44000.0,29.98397802700847,2621.4,2002.0,30.93906093906094,4581.0,2233.0,1990.0,23.0,26.200000000000003,1770.0,1520.0,3725.0,42.5,34.1,True,2233.0,143857.0,83.02417302798982,7,20260522,매수,0.0,0.0,202509,0.0,0.0,2026.12E,2025.12,20260413,매수,False,True,True,True,True
128940,한미약품,KOSPI,제약,461500.0,59123.0,12810991.0,34.87,4.68,13235.0,98560.0,13.428368506493507,647000.0,267500.0,30.039705786630215,15363.0,13372.0,14.88932096918935,16614.0,2629.0,1949.0,7.4,2.0,2578.0,1696.0,15475.0,19.200000000000003,39.800000000000004,True,2629.0,659375.0,42.87648970747562,11,20260608,BUY,-9.1,0.51,202603,19.25,18.94,2026.12E,2025.12,20260602,매수,False,True,True,True,True
138930,BNK금융지주,KOSPI,금융,18780.0,58279.0,310327033.0,7.31,0.54,2570.0,34780.0,7.389304197814836,23050.0,12900.0,,,,,66660.0,11149.0,8584.0,3.0,23.5,9027.0,8150.0,64725.0,3.1,11.9,True,11149.0,23389.0,24.54206602768903,8,20260610,Buy,37.54,28.16,202603,3.06,-6.1,2026.12E,2025.12,20260430,매수,False,True,True,True,True
029780,삼성카드,KOSPI,금융,49850.0,57756.0,115858891.0,8.94,0.6,5575.0,83059.0,6.712096220758738,69200.0,44050.0,,,,,46685.0,9118.0,6761.0,6.5,6.800000000000001,8537.0,6459.0,43829.0,-3.6,-2.8000000000000003,True,9118.0,63000.0,26.37913741223671,1,20260421,BUY,-14.25,20.46,202603,-3.58,0.38,2026.12E,2025.12,20260426,중립,False,True,True,True,True
267270,HD건설기계,KOSPI,기계·장비,118800.0,56931.0,47921897.0,21.17,1.14,5613.0,104016.0,5.396285186894325,217500.0,72900.0,,,,,,,,,,,,,,,False,,217750.0,83.2912457912458,5,20260629,BUY,357.85,154.17,202603,-10.26,4.85,,,,,False,True,True,True,True
036570,NC,KOSPI,IT 서비스,261000.0,56230.0,21544022.0,16.29,1.5,16023.0,173511.0,9.234573024188668,343500.0,176100.0,12.410841654778887,21030.0,17876.0,17.643768180801075,25985.0,5139.0,4531.0,72.4,3096.3,161.0,3467.0,15069.0,-114.7,268.0,True,5139.0,367941.0,40.97356321839081,16,20260630,BUY,2070.08,54.71,202603,0.0,-25.15,2026.12E,2025.12,20260529,매수,True,True,True,True,True
009830,한화솔루션,KOSPI,화학,32700.0,56209.0,171892536.0,-8.77,0.62,-3728.0,52947.0,-7.041003267418362,59300.0,25700.0,,,,,,,,,,,,,,,False,,54707.0,67.29969418960245,11,20260611,매수,205.5,25.45,202603,0.0,-12.43,,,,,False,True,True,True,True
000100,유한양행,KOSPI,제약,70400.0,56072.0,79647601.0,29.47,2.28,2389.0,30855.0,7.742667314859829,136400.0,65000.0,,,,,,,,,,,,,,,False,,125000.0,77.55681818181817,8,20260527,BUY,37.32,7.16,202603,90.19,48.24,,,,,False,True,True,True,True
034220,LG디스플레이,KOSPI,전기·전자,11070.0,55350.0,500000000.0,24.44,0.84,453.0,13208.0,3.429739551786796,17950.0,9020.0,,,,,,,,,,,,,,,False,,18333.0,65.60975609756098,3,20260619,BUY,338.44,-8.76,202603,0.0,0.0,,,,,False,True,True,True,True
377300,카카오페이,KOSPI,금융,40600.0,54917.0,135262325.0,121.19,2.89,335.0,14062.0,2.382306926468497,88000.0,36550.0,38.45789523538884,1055.7,335.0,215.13432835820896,13278.0,1601.0,1428.0,38.5,217.9,504.0,452.0,9584.0,-187.60000000000002,-429.8,True,1601.0,75333.0,85.54926108374384,2,20260209,BUY,630.95,41.71,202603,0.0,0.0,2026.12E,2025.12,20260506,중립,True,True,True,True,True
454910,두산로보틱스,KOSPI,기계·장비,84600.0,54838.0,64819980.0,-98.83,15.73,-856.0,5378.0,-15.916697657121606,170000.0,57400.0,,,,,,,,,,,,,,,False,,145000.0,71.39479905437352,1,20260519,BUY,0.0,189.7,202603,0.0,0.0,,,,,False,True,True,True,True
271560,오리온,KOSPI,음식료·담배,136300.0,53878.0,39528788.0,14.08,1.41,9680.0,96352.0,10.046496180670873,150100.0,99000.0,11.102603369065848,12276.400000000001,9682.0,26.796116504854382,37594.0,6476.0,4853.0,12.8,16.0,5583.0,3827.0,33324.0,2.7,-27.0,True,6476.0,186667.0,36.95304475421863,6,20260519,BUY,25.95,16.04,202603,2.7,6.21,2026.12E,2025.12,20260605,매수,False,True,True,True,True
298380,에이비엘바이오,KOSDAQ,제약,96100.0,53804.0,55987463.0,-138.67,34.24,-693.0,2807.0,-24.688279301745634,257500.0,60700.0,,,,,,,,,,,,,,,False,,220000.0,128.92819979188346,2,20260602,BUY,0.0,506.83,202603,0.0,0.0,,,,,False,True,True,True,True
319660,피에스케이,KOSDAQ,기계·장비,182300.0,52806.0,28966714.0,67.22,9.8,2712.0,18606.0,14.575943244114804,219500.0,18100.0,37.946753814450155,4804.1,2712.0,77.14233038348084,6939.0,1638.0,1392.0,51.800000000000004,85.0,885.0,785.0,4572.0,5.4,-0.7000000000000001,True,1638.0,154250.0,-15.386725178277564,6,20260612,BUY,108.44,53.59,202603,5.45,6.48,2026.12E,2025.12,20260518,매수,True,True,True,True,True
000990,DB하이텍,KOSPI,전기·전자,120700.0,52510.0,43504588.0,20.87,2.29,5783.0,52634.0,10.987194589048904,230500.0,42450.0,,,,,,,,,,,,,,,False,,208000.0,72.32808616404309,1,20260520,BUY,21.37,25.98,202603,45.3,-15.99,,,,,False,True,True,True,True
011790,SKC,KOSPI,화학,102700.0,50937.0,49598298.0,-5.3,4.21,-19393.0,24423.0,-79.40465954223478,184400.0,88000.0,,,,,,,,,,,,,,,False,,126667.0,23.336903602726387,3,20260528,중립,0.0,13.42,202603,0.0,0.0,,,,,False,True,True,True,True
000250,삼천당제약,KOSDAQ,제약,214000.0,50199.0,23457472.0,955.36,18.03,224.0,11868.0,1.887428378833839,1233000.0,147900.0,,,,,,,,,,,,,,,False,,,,0,,,692.36,28.15,202603,220.46,42.1,,,,,False,True,True,True,True
141080,리가켐바이오,KOSDAQ,일반서비스,133700.0,49495.0,37019418.0,-65.89,9.6,-2029.0,13930.0,-14.565685570710695,225000.0,112500.0,,,,,,,,,,,,,,,False,,210000.0,57.06806282722513,1,20260529,BUY,0.0,-30.42,202603,0.0,0.0,,,,,False,True,True,True,True
175330,JB금융지주,KOSPI,금융,26150.0,49228.0,188253584.0,7.09,0.82,3688.0,31745.0,11.617577571271067,38500.0,21150.0,,,,,38093.0,10178.0,7342.0,6.6000000000000005,6.9,9523.0,7104.0,35718.0,5.1000000000000005,4.9,True,10178.0,35750.0,36.7112810707457,8,20260610,Hold,1.77,8.2,202603,5.1,5.08,2026.12E,2025.12,20260424,매수,False,True,True,True,True
222800,심텍,KOSDAQ,전기·전자,129100.0,48366.0,37463931.0,-26.05,8.37,-4955.0,15419.0,-32.135676762435956,164200.0,21400.0,-26.751486769307277,-4825.900000000001,-953.0,-406.3903462749214,14106.0,127.0,-1699.0,14.600000000000001,-127.0,-470.0,-303.0,12314.0,-46.7,-73.60000000000001,False,127.0,127824.0,-0.9883810999225408,8,20260701,BUY,0.0,39.12,202603,0.0,0.0,2025.12E,2024.12,20260224,매수,False,True,True,True,True
039030,이오테크닉스,KOSDAQ,기계·장비,392500.0,48354.0,12319550.0,84.52,7.03,4644.0,55838.0,8.316916795014148,623000.0,174800.0,84.29982817869416,4656.0,3540.0,31.52542372881356,3809.0,807.0,568.0,18.7,158.8,312.0,428.0,3209.0,0.8,17.0,True,807.0,575000.0,46.496815286624205,2,20260518,매수,105.75,35.69,202603,158.82,31.0,2025.12E,2024.12,20260402,매수,True,True,True,True,True
023530,롯데쇼핑,KOSPI,유통,167300.0,47327.0,28288755.0,91.82,0.31,1822.0,537131.0,0.3392096155314067,211000.0,62700.0,13.52126791184101,12373.1,1824.0,578.3497807017544,144139.0,8666.0,3498.0,4.9,58.400000000000006,5470.0,516.0,137384.0,15.600000000000001,-105.30000000000001,True,8666.0,197759.0,18.206216377764495,13,20260703,BUY,70.6,3.61,202603,15.63,13.44,2026.12E,2025.12,20260625,매수,False,True,True,True,True
000500,가온전선,KOSPI,전기·전자,277500.0,45907.0,16543115.0,155.29,17.08,1787.0,16247.0,10.99895365298209,635000.0,52600.0,,,,,,,,,,,,,,,False,,,,0,,,27.19,19.44,202603,75.94,44.17,,,,,False,True,True,True,True
001040,CJ,KOSPI,금융,155100.0,45254.0,29176998.0,38.59,1.0,4019.0,155346.0,2.5871280882674803,235000.0,141300.0,12.891803605715282,12030.900000000001,4271.0,181.68812924373688,477201.0,27544.0,3995.0,6.0,9.0,25277.0,1433.0,450188.0,-0.2,52.0,True,27544.0,268000.0,72.79174725983236,2,20260519,매수,-13.24,8.03,202603,-0.18,6.22,2026.12E,2025.12,20260518,매수,False,True,True,True,True
082740,한화엔진,KOSPI,기계·장비,52200.0,43559.0,83447142.0,25.07,7.83,2082.0,6666.0,31.233123312331234,94400.0,24650.0,20.912623692961017,2496.1000000000004,2071.0,20.5263157894737,16829.0,2478.0,2082.0,22.700000000000003,90.5,1301.0,1738.0,13711.0,81.80000000000001,119.5,True,2478.0,93308.0,78.75095785440614,9,20260622,BUY,130.27,8.5,202603,81.83,27.28,2026.12E,2025.12,20260615,매수,True,True,True,True,True
066970,엘앤에프,KOSPI,전기·전자,106000.0,43002.0,40567943.0,-7.36,6.06,-14393.0,17482.0,-82.3303969797506,225000.0,50800.0,1896.2432915921286,55.900000000000006,-15508.0,100.36045911787464,32027.0,973.0,22.0,48.6,-162.0,-1568.0,-5335.0,21549.0,-71.9,41.2,True,973.0,246190.0,132.25471698113208,16,20260625,BUY,0.0,102.76,202603,0.0,0.0,2026.12E,2025.12,20260408,매수,False,True,True,True,True
087010,펩트론,KOSDAQ,제약,180700.0,42134.0,23317350.0,-180.7,27.59,-1000.0,6550.0,-15.267175572519085,392500.0,162500.0,,,,,,,,,,,,,,,False,,,,0,,,0.0,-5.68,202412,0.0,0.0,,,,,False,True,True,True,True
002380,KCC,KOSPI,화학,489000.0,42019.0,8592896.0,2.82,0.46,173128.0,1063952.0,16.272162653954314,692000.0,314500.0,,,,,,,,,,,,,,,False,,732600.0,49.8159509202454,4,20260629,Buy,-14.81,1.69,202603,-9.23,2.78,,,,,False,True,True,True,True
052690,한전기술,KOSPI,일반서비스,106200.0,40590.0,38220000.0,47.54,6.46,2234.0,16428.0,13.598733869004139,198000.0,80300.0,68.44106463878327,1551.7,2244.0,-30.85115864527629,6389.0,650.0,590.0,23.200000000000003,83.4,355.0,854.0,5188.0,-50.0,45.900000000000006,False,650.0,207583.0,95.46421845574388,9,20260630,BUY,194.78,13.33,202603,-50.02,67.75,2026.12E,2025.12,20260401,매수,True,True,True,True,True
403870,HPSP,KOSDAQ,기계·장비,48500.0,39916.0,82300000.0,0.0,0.0,0.0,0.0,,92000.0,24300.0,31.759544234169336,1527.1000000000001,901.0,69.48945615982244,2434.0,1251.0,1240.0,40.7,39.1,899.0,727.0,1730.0,-4.3,-15.8,True,1251.0,65000.0,34.02061855670103,5,20260519,Buy,0.0,0.0,202509,0.0,0.0,2026.12E,2025.12,20260518,매수,False,True,True,True,True
440110,파두,KOSDAQ,전기·전자,79600.0,39881.0,50101427.0,-52.03,203.58,-1530.0,391.0,-391.30434782608694,129400.0,10900.0,,,,,,,,,,,,,,,False,,130000.0,63.31658291457286,1,20260512,매수,0.0,209.79,202603,0.0,0.0,,,,,False,True,True,True,True
010060,OCI홀딩스,KOSPI,금융,213000.0,39768.0,18670232.0,-44.64,1.01,-4772.0,210598.0,-2.2659284513623112,414000.0,77300.0,,,,,,,,,,,,,,,False,,385000.0,80.75117370892019,8,20260526,BUY,-77.7,-5.88,202603,0.0,-36.76,,,,,False,True,True,True,True
018880,한온시스템,KOSPI,기계·장비,3850.0,39511.0,1026262552.0,-14.98,1.05,-257.0,3671.0,-7.000817216017434,5940.0,2755.0,25.279054497701903,152.3,-292.6,152.05058099794942,111943.0,3922.0,1563.0,2.9000000000000004,45.1,2704.0,-1985.0,108837.0,183.0,-45.300000000000004,True,3922.0,5008.0,30.077922077922075,13,20260629,BUY,361.12,5.0,202603,183.0,42.4,2026.12E,2025.12,20260504,매수,False,True,True,True,True
084370,유진테크,KOSDAQ,기계·장비,171600.0,39324.0,22916042.0,92.61,8.42,1853.0,20368.0,9.097604084838963,231500.0,37900.0,46.03374735091343,3727.7000000000003,1906.0,95.57712486883527,4327.0,894.0,841.0,23.5,73.10000000000001,517.0,425.0,3503.0,-15.5,-32.9,True,894.0,156667.0,-8.702214452214452,3,20260518,매수,104.65,22.51,202603,-15.54,27.1,2026.12E,2025.12,20260518,매수,False,True,True,True,True
088350,한화생명,KOSPI,보험,4470.0,38823.0,868530000.0,6.06,0.24,738.0,18466.0,3.996534170908697,7560.0,2930.0,,,,,,,,,,,,,,,False,,5962.0,33.37807606263982,11,20260518,BUY,29.47,54.69,202603,4.58,-2.52,,,20260116,중립,False,True,True,True,True
069960,현대백화점,KOSPI,유통,179400.0,38687.0,21564912.0,19.55,0.85,9177.0,210969.0,4.349928188501629,222000.0,67900.0,13.944919898328008,12864.900000000001,9572.0,34.40137902214795,44719.0,4285.0,2747.0,5.7,13.4,3779.0,2077.0,42303.0,33.1,-677.7,True,4285.0,188826.0,5.254180602006689,15,20260703,BUY,-12.16,-13.48,202603,33.06,7.07,2026.12E,2025.12,20260625,매수,False,True,True,True,True
004020,현대제철,KOSPI,금속,28250.0,37698.0,133445785.0,-543.27,0.19,-52.0,147255.0,-0.03531289260126991,50400.0,25600.0,223.85103011093503,126.2,-88.0,243.4090909090909,229558.0,2770.0,166.0,-1.2000000000000002,73.60000000000001,1595.0,-116.0,232261.0,-80.0,-102.5,True,2770.0,48981.0,73.38407079646018,10,20260701,매수,0.0,3.17,202603,37.46,-31.06,2025.12E,2024.12,20260319,매수,False,True,True,True,True
111770,영원무역,KOSPI,유통,84400.0,37399.0,44311468.0,7.6,0.88,11109.0,96154.0,11.553341514653576,103200.0,54900.0,,,,,,,,,,,,,,,False,,122000.0,44.54976303317535,5,20260526,BUY,46.26,10.41,202603,63.01,-3.35,,,,,False,True,True,True,True
336260,두산퓨얼셀,KOSPI,전기·전자,56600.0,37069.0,65493726.0,-34.87,12.6,-1623.0,4491.0,-36.138944555778224,108900.0,21150.0,,,,,,,,,,,,,,,False,,77333.0,36.630742049469966,5,20260526,BUY,0.0,45.21,202603,0.0,0.0,,,,,False,True,True,True,True
214370,케어젠,KOSDAQ,제약,68500.0,36795.0,53715000.0,183.16,15.75,374.0,4348.0,8.601655933762649,153800.0,35050.0,,,,,,,,,,,,,,,False,,,,0,,,0.45,6.63,202603,-40.44,-11.85,,,,,False,True,True,True,True
051900,LG생활건강,KOSPI,화학,245000.0,36690.0,14975523.0,-43.07,0.75,-5688.0,325224.0,-1.7489484170909897,346500.0,210000.0,17.120655196992356,14310.2,-5980.0,339.3010033444816,62935.0,3944.0,2356.0,-1.0,131.0,1707.0,-1001.0,63555.0,-62.800000000000004,-152.9,True,3944.0,272000.0,11.020408163265307,7,20260610,MARKETPERFORM,-24.26,-7.14,202603,-62.82,-33.36,2026.12E,2025.12,20260622,중립,True,True,True,True,True
347850,디앤디파마텍,KOSDAQ,일반서비스,81700.0,36286.0,44413847.0,-149.36,44.74,-547.0,1826.0,-29.956188389923327,342500.0,57100.0,,,,,,,,,,,,,,,False,,,,0,,,0.0,-90.89,202603,0.0,0.0,,,,,False,True,True,True,True
103590,일진전기,KOSPI,전기·전자,75300.0,35907.0,47685390.0,34.56,6.1,2179.0,12347.0,17.648011662752086,147900.0,33500.0,23.0889522583019,3261.3,2179.0,49.669573198715014,23586.0,2231.0,1555.0,15.4,47.6,1512.0,1039.0,20446.0,89.60000000000001,124.9,True,2231.0,125750.0,66.99867197875166,3,20260701,BUY,49.11,10.65,202603,89.65,71.28,2026.12E,2025.12,20260401,매수,False,True,True,True,True
214450,파마리서치,KOSDAQ,제약,341000.0,35429.0,10389648.0,24.0,5.72,14209.0,59603.0,23.839404056842774,713000.0,255000.0,17.095473960735553,19946.800000000003,15893.0,25.506826904926715,6499.0,2597.0,2072.0,21.200000000000003,21.1,2144.0,1651.0,5363.0,70.10000000000001,79.4,True,2597.0,469286.0,37.620527859237534,10,20260625,BUY,28.08,24.97,202603,70.09,48.89,2026.12E,2025.12,20260630,매수,False,True,True,True,True
095340,ISC,KOSDAQ,유통,167000.0,35399.0,21197058.0,63.07,6.37,2648.0,26223.0,10.098005567631468,292500.0,55100.0,35.438417791358965,4712.400000000001,2743.0,71.79730222384254,3319.0,1123.0,988.0,50.7,87.0,601.0,561.0,2202.0,34.1,2.7,True,1123.0,290000.0,73.65269461077844,7,20260624,BUY,237.78,115.48,202603,34.1,90.14,2026.12E,2025.12,20260427,매수,True,True,True,True,True
012510,더존비즈온,KOSPI,IT 서비스,120000.0,34949.0,29123883.0,40.91,5.68,2933.0,21123.0,13.88533825687639,156000.0,61900.0,,,,,,,,,,,,,,,False,,99500.0,-17.083333333333332,2,20260205,BUY,62.22,18.21,202603,45.04,41.89,,,,,False,True,True,True,True
095610,테스,KOSDAQ,기계·장비,177300.0,34325.0,19360000.0,61.46,8.03,2885.0,22090.0,13.060208239022181,236500.0,23250.0,33.19789540696912,5340.700000000001,3244.0,64.63316892725032,4817.0,913.0,945.0,37.2,57.800000000000004,578.0,569.0,3511.0,50.300000000000004,33.4,False,913.0,155929.0,-12.053581500282009,7,20260624,BUY,36.45,15.09,202603,50.33,16.78,2026.12E,2025.12,20260514,매수,False,True,True,True,True
108490,로보티즈,KOSDAQ,기계·장비,227500.0,33354.0,14661028.0,603.45,10.48,377.0,21707.0,1.7367669415395957,464000.0,65200.0,258.72853406118503,879.3000000000001,385.0,128.3896103896104,573.0,59.0,129.0,47.300000000000004,75.4,33.0,51.0,389.0,-212.5,-261.5,True,59.0,404500.0,77.80219780219781,4,20260629,BUY,0.0,15.83,202603,0.0,0.0,2026.12E,2025.12,20260615,매수,False,True,True,True,True
310210,보로노이,KOSDAQ,일반서비스,178900.0,32955.0,18420949.0,-77.01,31.36,-2323.0,5705.0,-40.71866783523225,375500.0,106600.0,,,,,,,,,,,,,,,False,,450000.0,151.5371716042482,1,20260420,BUY,0.0,0.0,202603,0.0,0.0,,,,,False,True,True,True,True
022100,포스코DX,KOSPI,일반서비스,21350.0,32459.0,152034729.0,62.24,5.69,343.0,3752.0,9.14179104477612,45600.0,19510.0,,,,,,,,,,,,,,,False,,,,0,,,-84.0,-18.62,202603,-44.59,8.32,,,,,False,True,True,True,True
178320,서진시스템,KOSDAQ,전기·전자,50900.0,32398.0,63650737.0,-28.28,3.88,-1800.0,13127.0,-13.712196236763921,83300.0,18410.0,,,,,,,,,,,,,,,False,,78000.0,53.24165029469549,2,20260608,BUY,0.0,-0.39,202603,-98.95,1.66,,,,,False,True,True,True,True
035250,강원랜드,KOSPI,오락·문화,14890.0,31856.0,213940500.0,10.01,0.75,1487.0,19841.0,7.494581926314198,20700.0,13920.0,,,,,,,,,,,,,,,False,,20750.0,39.355271994627266,4,20260703,BUY,-7.2,3.44,202603,-17.66,4.44,,,,,False,True,True,True,True
080220,제주반도체,KOSDAQ,전기·전자,91500.0,31515.0,34442833.0,79.77,13.57,1147.0,6742.0,17.012755858795607,138000.0,13380.0,,,,,,,,,,,,,,,False,,,,0,,,1714.12,272.57,202603,274.41,65.3,,,,,False,True,True,True,True
145020,휴젤,KOSDAQ,제약,255000.0,31375.0,12304033.0,22.47,2.9,11348.0,88011.0,12.893842815102657,380000.0,208500.0,17.0728441349759,14936.0,13061.0,14.355715488859966,5082.0,2079.0,1613.0,19.5,3.5,2009.0,1409.0,4251.0,20.8,3.7,True,2079.0,390000.0,52.94117647058824,6,20260619,BUY,22.26,29.86,202603,20.83,26.05,2026.12E,2025.12,20260407,매수,False,True,True,True,True
251270,넷마블,KOSPI,IT 서비스,38200.0,31299.0,81934571.0,14.59,0.58,2618.0,66269.0,3.9505651209464454,69000.0,34450.0,8.065537772898104,4736.2,2746.0,72.47632920611798,29787.0,3896.0,3882.0,5.1000000000000005,10.5,3525.0,2250.0,28351.0,63.5,777.7,True,3896.0,63300.0,65.70680628272252,10,20260630,BUY,6.73,4.46,202603,63.47,21.16,2026.12E,2025.12,20260507,매수,False,True,True,True,True
001450,현대해상,KOSPI,보험,36700.0,31286.0,85248250.0,3.22,0.56,11407.0,65772.0,17.343246366234872,44250.0,25500.0,,,,,,,,,,,,,,,False,,40533.0,10.444141689373296,10,20260610,Buy,14.38,10.18,202603,1.36,3.39,,,20260224,매수,False,True,True,True,True
031980,피에스케이홀딩스,KOSDAQ,기계·장비,143900.0,31028.0,21562395.0,33.84,6.13,4252.0,23484.0,18.105944472832565,173000.0,30200.0,24.11314241667644,5967.700000000001,4252.0,40.35042333019757,2924.0,1120.0,1287.0,40.800000000000004,52.6,734.0,917.0,2078.0,-17.0,-4.3,True,1120.0,179000.0,24.391938846421127,4,20260528,매수,-3.86,-10.16,202603,-17.05,90.19,2026.12E,2025.12,20260518,매수,False,True,True,True,True
009420,한올바이오파마,KOSPI,제약,59300.0,30979.0,52240638.0,-559.43,18.62,-106.0,3184.0,-3.329145728643216,73000.0,25000.0,,,,,,,,,,,,,,,False,,90200.0,52.1079258010118,4,20260601,BUY,0.0,10.73,202603,0.0,-14.24,,,,,False,True,True,True,True
036460,한국가스공사,KOSPI,전기·가스,33100.0,30556.0,92313000.0,22.97,0.27,1441.0,123774.0,1.1642186565837735,49350.0,31150.0,,,,,,,,,,,,,,,False,,44667.0,34.94561933534743,3,20260528,BUY,9.12,-7.31,202603,-30.04,8.79,,,,,False,True,True,True,True
226950,올릭스,KOSDAQ,일반서비스,149300.0,30341.0,20322483.0,-192.89,22.16,-774.0,6738.0,-11.487088156723063,217000.0,35000.0,,,,,,,,,,,,,,,False,,,,0,,,0.0,265.8,202603,0.0,0.0,,,,,False,True,True,True,True
214150,클래시스,KOSDAQ,의료·정밀기기,46450.0,30302.0,65235659.0,23.06,5.47,2014.0,8487.0,23.730411217155652,77600.0,40150.0,18.983979074709822,2446.8,2017.0,21.308874566187416,4571.0,2060.0,1594.0,35.7,20.8,1706.0,1319.0,3368.0,39.300000000000004,34.800000000000004,True,2060.0,76857.0,65.46178686759957,12,20260619,BUY,-4.08,13.05,202603,39.33,35.36,2026.12E,2025.12,20260513,매수,False,True,True,True,True
383220,F&F,KOSPI,섬유·의류,79100.0,30301.0,38307075.0,7.6,1.58,10404.0,50123.0,20.75693793268559,89000.0,58000.0,,,,,,,,,,,,,,,False,,95545.0,20.790139064475348,8,20260521,BUY,24.16,10.93,202603,3.96,-3.07,,,,,False,True,True,True,True
031210,서울보증보험,KOSPI,보험,43100.0,30093.0,69821598.0,11.21,0.58,3844.0,74331.0,5.171462781342912,64800.0,39650.0,,,,,,,,,,,,,,,False,,56000.0,29.930394431554525,1,20260611,BUY,242.75,23.88,202603,34.34,-12.7,,,,,False,True,True,True,True
302440,SK바이오사이언스,KOSPI,제약,37700.0,29578.0,78456553.0,-51.43,1.65,-733.0,22806.0,-3.2140664737349818,61300.0,33850.0,-48.21588438419235,-781.9000000000001,-733.0,-6.671214188267406,7154.0,-948.0,-613.0,9.8,-23.200000000000003,-1235.0,-574.0,6514.0,-10.8,6.6000000000000005,False,-948.0,,,0,,,0.0,9.09,202603,0.0,0.0,2026.12E,2025.12,20260507,중립,False,True,True,True,True
097950,CJ제일제당,KOSPI,음식료·담배,194400.0,29265.0,15054186.0,-5.57,0.44,-34884.0,440524.0,-7.918751305263731,270000.0,172600.0,8.167964269357949,23800.300000000003,-35668.0,166.72731860491197,288181.0,12708.0,3810.0,5.4,3.0,12336.0,-5715.0,273426.0,-15.0,-532.0,True,12708.0,305000.0,56.89300411522634,5,20260519,BUY,-17.21,6.04,202603,-15.05,-8.34,2026.12E,2025.12,20260605,매수,False,True,True,True,True
011780,금호석유화학,KOSPI,화학,115700.0,29107.0,25157325.0,11.75,0.47,9843.0,244373.0,4.0278590515318795,162300.0,102800.0,9.032922935192486,12808.7,11300.0,13.351327433628324,72087.0,2777.0,3178.0,4.2,2.1,2718.0,2909.0,69151.0,-0.4,-16.5,True,2777.0,167444.0,44.72255834053587,8,20260629,Hold,-50.75,-6.72,202603,-0.36,-31.02,2026.12E,2025.12,20260508,매수,False,True,True,True,True
014680,한솔케미칼,KOSPI,화학,262500.0,28909.0,11012899.0,20.2,2.64,12993.0,99420.0,13.068799034399516,346500.0,158600.0,17.77251184834123,14770.0,13428.0,9.994042299672326,10015.0,1809.0,1610.0,13.3,15.8,1562.0,1473.0,8840.0,21.3,20.1,True,1809.0,391111.0,48.99466666666667,8,20260619,BUY,6.52,10.64,202603,21.28,-2.73,2026.12E,2025.12,20260629,매수,False,True,True,True,True
004800,효성,KOSPI,금융,172400.0,28860.0,16740407.0,8.75,1.18,19707.0,146168.0,13.482431175086202,318000.0,66700.0,,,,,,,,,,,,,,,False,,265000.0,53.7122969837587,1,20260506,BUY,15.62,-4.28,202603,77.73,116.71,,,,,False,True,True,True,True
139130,iM금융지주,KOSPI,금융,17710.0,28447.0,160624583.0,6.57,0.46,2696.0,38725.0,6.961910910264687,22000.0,13050.0,,,,,39686.0,7212.0,5220.0,4.3,23.700000000000003,5832.0,4439.0,38044.0,121.4,106.60000000000001,True,7212.0,23360.0,31.90287972896669,7,20260610,Buy,-7.25,82.94,202603,121.4,18.87,2026.12E,2025.12,20260429,중립,False,True,True,True,True
450080,에코프로머티,KOSPI,전기·전자,40050.0,28318.0,70705607.0,-64.81,3.79,-618.0,10577.0,-5.842866597333837,88800.0,37050.0,,,,,,,,,,,,,,,False,,,,0,,,0.0,22.38,202603,0.0,20.8,,,,,False,True,True,True,True
017800,현대엘리베이터,KOSPI,기계·장비,72100.0,28186.0,39092385.0,10.76,1.93,6703.0,37450.0,17.89853137516689,113400.0,67000.0,,,,,,,,,,,,,,,False,,120000.0,66.43550624133148,1,20260409,BUY,-16.34,-8.17,202603,-7.32,85.99,,,,,False,True,True,True,True
001720,신영증권,KOSPI,증권,171200.0,28145.0,16440000.0,25.91,0.75,6607.0,227883.0,2.899294813566611,272000.0,116900.0,,,,,,,,,,,,,,,False,,,,0,,,43.85,28.58,202603,43.85,23.7,,,,,False,True,True,True,True
161890,한국콜마,KOSPI,화학,117800.0,27807.0,23605077.0,22.23,3.05,5299.0,38566.0,13.740081937457866,123000.0,60600.0,14.445125689760882,8155.0,5299.0,53.89696169088507,30961.0,3299.0,1925.0,13.700000000000001,37.7,2396.0,1251.0,27224.0,23.6,38.900000000000006,True,3299.0,119115.0,1.1162988115449917,18,20260629,매수,31.61,11.48,202603,23.6,50.59,2026.12E,2025.12,20260622,매수,False,True,True,True,True
131290,티에스이,KOSDAQ,의료·정밀기기,251000.0,27764.0,11061429.0,72.63,7.1,3456.0,35375.0,9.769611307420496,282500.0,36150.0,,,,,,,,,,,,,,,False,,280000.0,11.553784860557768,2,20260702,Buy,1246.96,81.46,202603,23.24,7.75,,,,,False,True,True,True,True
085620,미래에셋생명,KOSPI,보험,20500.0,27712.0,135180000.0,31.06,1.09,660.0,18762.0,3.517748640869843,37300.0,6340.0,,,,,,,,,,,,,,,False,,14000.0,-31.70731707317073,1,20260518,Trading BUY,73.78,159.51,202603,59.27,10.99,,,,,False,True,True,True,True
005850,에스엘,KOSPI,운송장비·부품,59600.0,27683.0,46448520.0,8.91,1.08,6692.0,55423.0,12.07440954116522,79500.0,31350.0,,,,,,,,,,,,,,,False,,92000.0,54.36241610738255,7,20260526,BUY,20.55,12.51,202603,3.02,33.49,,,,,False,True,True,True,True
012750,에스원,KOSPI,일반서비스,72300.0,27473.0,37999178.0,15.39,1.39,4699.0,51947.0,9.045758176603076,103000.0,66800.0,,,,,,,,,,,,,,,False,,101000.0,39.695712309820195,3,20260210,BUY,-62.32,-0.06,202603,12.1,4.89,,,,,False,True,True,True,True
064760,티씨케이,KOSDAQ,비금속,245000.0,27390.0,11179416.0,39.73,5.54,6167.0,44219.0,13.946493588728828,348500.0,90400.0,25.603511338697878,9569.0,6138.0,55.897686542847836,3977.0,1297.0,1069.0,32.0,54.6,839.0,699.0,3013.0,3.9000000000000004,-2.9000000000000004,True,1297.0,378000.0,54.285714285714285,4,20260617,BUY,21.06,21.65,202412,21.06,-1.19,2026.12E,2025.12,20260629,매수,False,True,True,True,True
067310,하나마이크론,KOSDAQ,전기·전자,41050.0,27290.0,66480426.0,71.39,6.83,575.0,6007.0,9.572165806559015,58500.0,10400.0,13.204027147865805,3108.9,637.0,388.05337519623237,21954.0,3155.0,2065.0,43.1,147.1,1277.0,381.0,15344.0,19.6,-260.1,True,3155.0,56333.0,37.23020706455542,4,20260610,BUY,513.61,62.84,202603,19.57,19.97,2026.12E,2025.12,20260629,매수,True,True,True,True,True
237690,에스티팜,KOSDAQ,제약,130500.0,27239.0,20872738.0,48.23,4.55,2706.0,28666.0,9.439754412893322,172100.0,81900.0,,,,,,,,,,,,,,,False,,208143.0,59.49655172413794,7,20260527,BUY,1024.65,27.74,202603,98.37,56.25,,,,,False,True,True,True,True
011170,롯데케미칼,KOSPI,화학,63500.0,27162.0,42775419.0,-1.33,0.21,-47624.0,298452.0,-15.957004811493974,119500.0,59600.0,-4.055331323762325,-15658.400000000001,-48311.0,67.58833391981122,195730.0,1327.0,-6603.0,5.9,-114.10000000000001,-9431.0,-20371.0,184830.0,3.1,19.1,True,1327.0,124700.0,96.37795275590551,10,20260526,BUY,0.0,1.81,202603,0.0,0.0,2026.12E,2025.12,20260609,매수,False,True,True,True,True
483650,달바글로벌,KOSPI,화학,215500.0,26904.0,12484665.0,32.66,13.45,6599.0,16022.0,41.18711771314443,274500.0,116200.0,21.015983850362293,10254.1,6594.0,55.50652107976949,7741.0,,,,,,,5197.0,,,False,,281938.0,30.82969837587007,12,20260702,BUY,50.05,50.53,202603,69.56,51.33,2026.12E,2025.12,20260513,매수,False,True,True,True,True
426030,TIME 미국나스닥100액티브,KOSPI,ETF(Active/수익증권),55200.0,26529.0,48060000.0,0.0,0.0,0.0,0.0,,62645.0,27860.0,,,,,,,,,,,,,,,False,,,,0,,,,,,,,,,,,False,True,True,True,True
456600,TIME 글로벌AI인공지능액티브,KOSPI,ETF(Active/수익증권),67705.0,26446.0,39060000.0,0.0,0.0,0.0,0.0,,77300.0,28680.0,,,,,,,,,,,,,,,False,,,,0,,,,,,,,,,,,False,True,True,True,True
028670,팬오션,KOSPI,운송·창고,4930.0,26354.0,534569512.0,8.74,0.46,564.0,10707.0,5.267581955729896,6600.0,3485.0,6.691096634093376,736.8000000000001,564.0,30.638297872340438,59791.0,5721.0,3939.0,10.100000000000001,16.3,4919.0,3014.0,54329.0,4.4,12.4,True,5721.0,7211.0,46.267748478701826,13,20260630,BUY,24.39,8.29,202603,4.41,-8.2,2026.12E,2025.12,20260608,매수,False,True,True,True,True
319400,현대무벡스,KOSDAQ,기계·장비,23250.0,25895.0,111376039.0,234.85,15.98,99.0,1455.0,6.804123711340206,50400.0,4310.0,,,,,,,,,,,,,,,False,,,,0,,,0.0,-3.54,202603,-25.88,133.75,,,,,False,True,True,True,True
026960,동서,KOSPI,유통,25950.0,25872.0,99700000.0,17.86,1.49,1453.0,17452.0,8.325693330277332,32200.0,22350.0,,,,,,,,,,,,,,,False,,,,0,,,-11.72,5.04,202603,1.94,5.09,,,,,False,True,True,True,True
005290,동진쎄미켐,KOSDAQ,화학,50600.0,25791.0,50970126.0,26.26,2.4,1927.0,21091.0,9.136598549144184,72200.0,27950.0,,,,,,,,,,,,,,,False,,,,0,,,39.39,13.22,202603,-1.69,-6.89,,,,,False,True,True,True,True
489790,한화비전,KOSPI,전기·전자,50900.0,25699.0,50488390.0,56.37,2.96,903.0,17188.0,5.253665347917152,97900.0,35650.0,,,,,,,,,,,,,,,False,,99600.0,95.67779960707269,3,20260402,매수,-55.32,-2.31,202603,2868.57,1434.29,2023.12E,2023.12E,20260512,매수,False,True,True,True,True
089970,브이엠,KOSDAQ,기계·장비,101900.0,25243.0,24771995.0,100.1,14.93,1018.0,6824.0,14.917936694021103,122100.0,10300.0,,,,,,,,,,,,,,,False,,99500.0,-2.355250245338567,4,20260612,BUY,1503.56,396.38,202603,0.0,0.0,,,,,False,True,True,True,True
357780,솔브레인,KOSDAQ,화학,322500.0,25086.0,7778566.0,31.73,2.34,10164.0,137853.0,7.373071315096516,530000.0,176000.0,19.262126180365172,16742.7,10285.0,62.787554691298006,11073.0,1779.0,1282.0,19.900000000000002,33.1,1336.0,791.0,9234.0,-20.400000000000002,-33.2,True,1779.0,542500.0,68.21705426356588,8,20260528,BUY,24.0,25.94,202603,-20.43,-10.05,2026.12E,2025.12,20260629,매수,False,True,True,True,True
081660,미스토홀딩스,KOSPI,유통,46850.0,24874.0,53091840.0,12.52,1.29,3743.0,36406.0,10.281272317749822,55800.0,35400.0,,,,,,,,,,,,,,,False,,55000.0,17.395944503735326,2,20260518,매수,19.05,4.17,202603,31.59,6.74,,,,,False,True,True,True,True
375500,DL이앤씨,KOSPI,건설,64200.0,24841.0,38693623.0,7.44,0.51,8625.0,126050.0,6.8425228084093614,106600.0,38450.0,6.840484587599756,9385.300000000001,5413.0,73.38444485497877,74024.0,3870.0,3956.0,-11.0,42.800000000000004,2709.0,2292.0,83184.0,-18.1,22.0,True,3870.0,122222.0,90.37694704049845,16,20260702,BUY,94.34,-4.59,202603,42.82,-2.9,2025.12E,2024.12,20260409,매수,False,True,True,True,True
006360,GS건설,KOSPI,건설,28550.0,24434.0,85581490.0,26.12,0.51,1093.0,56462.0,1.9358152385675322,44850.0,17790.0,25.905090282188546,1102.1000000000001,2893.0,-61.90459730383684,124504.0,6639.0,936.0,-3.2,132.20000000000002,2860.0,2456.0,128638.0,-173.70000000000002,-151.0,False,6639.0,46516.0,62.92819614711034,18,20260702,BUY,4.39,-21.63,202603,53.11,17.7,2025.12E,2024.12,20260409,매수,True,True,True,True,True
000240,한국앤컴퍼니,KOSPI,금융,25550.0,24256.0,94935240.0,6.98,0.51,3658.0,50477.0,7.246864908770331,36450.0,20100.0,,,,,,,,,,,,,,,False,,33000.0,29.158512720156555,1,20260421,BUY,-4.11,-2.65,202603,-1.59,22.02,,,,,False,True,True,True,True
004990,롯데지주,KOSPI,금융,23850.0,23770.0,99663776.0,-3.89,0.3,-6125.0,79142.0,-7.739253493720148,39600.0,22550.0,,,,,,,,,,,,,,,False,,33000.0,38.36477987421384,1,20260519,매수,156.62,1.03,202603,-29.67,-19.97,,,,,False,True,True,True,True
003690,코리안리,KOSPI,보험,13420.0,23716.0,176721031.0,8.12,0.64,1653.0,20843.0,7.930720145852324,15400.0,10010.0,,,,,,,,,,,,,,,False,,16000.0,19.225037257824145,3,20260518,BUY,135.91,10.37,202603,16.16,10.28,,,,,False,True,True,True,True
257720,실리콘투,KOSDAQ,유통,36100.0,23673.0,65576252.0,13.84,5.17,2609.0,6976.0,37.399655963302756,57100.0,29850.0,11.03401901152306,3271.7000000000003,2756.0,18.71190130624094,15933.0,2697.0,2098.0,42.7,31.3,2054.0,1686.0,11163.0,49.300000000000004,39.6,True,2697.0,54000.0,49.584487534626035,4,20260701,BUY,35.22,41.06,202603,49.27,157.59,2026.12E,2025.12,20260513,매수,False,True,True,True,True
204320,HL만도,KOSPI,운송장비·부품,50400.0,23666.0,46957120.0,23.66,0.87,2130.0,57793.0,3.6855674562663294,79100.0,32150.0,14.593890256261764,3453.5,2130.4,62.10570784829139,97786.0,4090.0,1622.0,3.4000000000000004,14.5,3571.0,1000.0,94548.0,-0.5,-23.0,True,4090.0,79357.0,57.454365079365076,9,20260702,매수,18.19,1.79,202603,-0.46,13.52,2026.12E,2025.12,20260429,중립,False,True,True,True,True
009970,영원무역홀딩스,KOSPI,금융,181800.0,23550.0,12953817.0,6.7,0.7,27133.0,259821.0,10.442958806255076,262000.0,116900.0,,,,,,,,,,,,,,,False,,,,0,,,19.1,7.26,202603,42.25,-3.81,,,,,False,True,True,True,True
005440,현대지에프홀딩스,KOSPI,금융,14880.0,23199.0,155904301.0,5.63,0.58,2643.0,25658.0,10.300880816899213,19790.0,7150.0,,,,,,,,,,,,,,,False,,19000.0,27.688172043010752,1,20260626,매수,23.92,0.56,202603,38.35,12.78,,,,,False,True,True,True,True
139480,이마트,KOSPI,유통,83500.0,23043.0,27595819.0,16.97,0.2,4921.0,410591.0,1.198516285062264,136400.0,70300.0,7.500089821434987,11133.2,5084.0,118.985051140834,287530.0,5533.0,2982.0,-0.8,71.60000000000001,3225.0,1362.0,289704.0,584.8000000000001,-123.10000000000001,True,5533.0,127143.0,52.26706586826347,7,20260701,BUY,11.93,-1.32,202603,584.83,194.94,2026.12E,2025.12,20260514,매수,False,True,True,True,True
279570,케이뱅크,KOSPI,금융,5630.0,22841.0,405695151.0,0.0,0.0,0.0,0.0,,9880.0,5210.0,,,,,8741.0,165.0,128.0,67.5,-82.10000000000001,165.0,128.0,8741.0,-82.10000000000001,-84.7,False,165.0,9000.0,59.85790408525755,1,20260417,BUY,,,,,,2023.12E,2023.12E,20260502,중립,False,True,True,True,True
263750,펄어비스,KOSDAQ,IT 서비스,36300.0,22812.0,62843910.0,-277.1,2.79,-131.0,13011.0,-1.0068403658442855,77400.0,29000.0,25.88419851682829,1402.4,982.0,42.81059063136457,4562.0,670.0,861.0,33.2,-644.8000000000001,-123.0,603.0,3424.0,-24.8,296.8,True,670.0,62429.0,71.98071625344352,7,20260630,BUY,2597.44,419.57,202603,0.0,0.0,2025.12E,2024.12,20250422,중립,False,True,True,True,True
007340,DN오토모티브,KOSPI,전기·전자,38450.0,22497.0,58510865.0,8.0,0.99,4809.0,38780.0,12.40072202166065,54200.0,21550.0,,,,,,,,,,,,,,,False,,55000.0,43.04291287386216,2,20260617,BUY,5.04,15.81,202603,0.95,7.97,,,,,False,True,True,True,True
290650,엘앤씨바이오,KOSDAQ,제약,83100.0,22412.0,26969704.0,-14.37,10.22,-5781.0,8128.0,-71.12450787401575,125000.0,27300.0,,,,,,,,,,,,,,,False,,,,0,,,0.0,71.44,202603,14.13,-17.52,,,,,False,True,True,True,True
071970,HD현대마린엔진,KOSPI,기계·장비,65500.0,22219.0,33921495.0,13.46,4.54,4867.0,14413.0,33.76812599736349,118200.0,41100.0,,,,,,,,,,,,,,,False,,130500.0,99.23664122137404,2,20260512,BUY,217.01,60.76,202603,128.69,91.52,,,,,False,True,True,True,True
294400,KIWOOM 200TR,KOSPI,ETF(실물복제/수익증권),171525.0,21784.0,12700000.0,0.0,0.0,0.0,0.0,,199460.0,53310.0,,,,,,,,,,,,,,,False,,,,0,,,,,,,,,,,,False,True,True,True,True
008930,한미사이언스,KOSPI,금융,31800.0,21749.0,68391550.0,18.37,2.24,1731.0,14205.0,12.185850052798312,55500.0,25600.0,,,,,,,,,,,,,,,False,,,,0,,,24.0,6.7,202603,50.07,39.82,,,,,False,True,True,True,True
030000,제일기획,KOSPI,일반서비스,18890.0,21731.0,115041225.0,10.47,1.22,1804.0,15525.0,11.619967793880837,23300.0,17760.0,,,,,,,,,,,,,,,False,,24500.0,29.698253043938593,2,20260427,BUY,-37.58,-2.1,202603,5.04,2.69,,,,,False,True,True,True,True
004370,농심,KOSPI,음식료·담배,354500.0,21563.0,6082642.0,12.67,0.73,27970.0,485193.0,5.764716308767851,579000.0,319000.0,10.921436515491802,32459.100000000002,29342.0,10.623338559062102,37146.0,2116.0,1877.0,5.7,15.0,1839.0,1701.0,35143.0,12.8,8.200000000000001,True,2116.0,525000.0,48.09590973201692,2,20260610,BUY,20.29,4.59,202603,12.79,26.25,2026.12E,2025.12,20260605,중립,False,True,True,True,True
281820,케이씨텍,KOSPI,의료·정밀기기,108600.0,21501.0,19798661.0,42.13,4.04,2578.0,26877.0,9.591844327863972,124800.0,26000.0,,,,,,,,,,,,,,,False,,127000.0,16.94290976058932,1,20260630,BUY,344.27,101.02,202603,20.45,8.96,,,,,False,True,True,True,True
282330,BGF리테일,KOSPI,유통,124300.0,21484.0,17283906.0,11.0,1.64,11297.0,76009.0,14.862713626017971,147800.0,101200.0,8.907903883502103,13953.900000000001,11303.0,23.453065557816522,95190.0,3116.0,2411.0,5.1000000000000005,22.700000000000003,2539.0,1953.0,90612.0,0.9,0.0,True,3116.0,173000.0,39.17940466613033,11,20260520,BUY,68.44,5.15,202603,0.92,0.21,2026.12E,2025.12,20260619,매수,False,True,True,True,True
420770,기가비스,KOSDAQ,기계·장비,167000.0,21169.0,12675758.0,137.0,10.03,1219.0,16646.0,7.323080619968761,206000.0,23250.0,,,,,,,,,,,,,,,False,,178333.0,6.786227544910179,2,20260622,BUY,0.0,29.94,202603,0.0,0.0,,,,,False,True,True,True,True
007070,GS리테일,KOSPI,유통,25000.0,20902.0,83607415.0,48.17,0.64,519.0,39303.0,1.3205098847416228,29950.0,15610.0,9.695183432870548,2578.6000000000004,520.0,395.8846153846154,124707.0,3478.0,2155.0,4.3,19.1,2921.0,434.0,119574.0,14.100000000000001,1604.9,True,3478.0,30382.0,21.528,11,20260703,BUY,39.37,3.82,202603,14.05,-5.72,2026.12E,2025.12,20260508,매수,False,True,True,True,True
020150,롯데에너지머티리얼즈,KOSPI,전기·전자,39750.0,20815.0,52365463.0,-12.97,1.26,-3065.0,31623.0,-9.692312557315878,83100.0,21600.0,-65.41056442323514,-607.7,-3065.0,80.17292006525287,10227.0,-477.0,-318.0,50.900000000000006,-67.2,-1452.0,-1575.0,6775.0,125.4,-2601.1000000000004,True,-477.0,75793.0,90.67421383647799,9,20260625,BUY,0.0,1.19,202603,0.0,-28.69,2026.12E,2025.12,20260512,매수,False,True,True,True,True
131970,두산테스나,KOSDAQ,일반서비스,107500.0,20777.0,19327238.0,56.49,4.73,1903.0,22749.0,8.365202866060047,196900.0,25650.0,48.76610415532571,2204.4,78.0,2726.1538461538466,3507.0,547.0,424.0,15.4,-5919.1,-9.0,15.0,3039.0,-102.5,-95.9,True,547.0,177778.0,65.37488372093023,5,20260629,BUY,0.0,0.0,202509,-37.6,-12.53,2026.12E,2025.12,20260629,매수,False,True,True,True,True
457190,이수스페셜티케미컬,KOSPI,화학,68200.0,20609.0,30218872.0,2728.0,15.51,25.0,4398.0,0.5684402000909504,131800.0,40350.0,,,,,,,,,,,,,,,False,,,,0,,,-42.91,9.78,202603,-88.63,-29.54,,,,,False,True,True,True,True
098460,고영,KOSDAQ,기계·장비,30100.0,20529.0,68204213.0,140.0,5.93,215.0,5079.0,4.233116755266784,45000.0,13550.0,41.892832289492,718.5,224.0,220.75892857142856,2970.0,404.0,474.0,27.700000000000003,132.9,173.0,148.0,2326.0,422.0,-29.700000000000003,True,404.0,48100.0,59.800664451827245,5,20260610,매수,209.09,42.27,202603,421.99,94.78,2026.12E,2025.12,20260615,매수,True,True,True,True,True
462870,시프트업,KOSPI,IT 서비스,34950.0,20500.0,58654340.0,10.72,2.2,3261.0,15882.0,20.532678503966757,46850.0,27500.0,10.57232742452659,3305.8,2734.0,20.91441111923922,2942.0,1811.0,1911.0,31.3,18.6,1527.0,1480.0,2241.0,37.5,38.7,False,1811.0,44000.0,25.894134477825464,9,20260630,BUY,-18.08,12.02,202603,18.83,188.13,2025.12E,2024.12,20260212,매수,False,True,True,True,True
051600,한전KPS,KOSPI,건설,45200.0,20340.0,45000000.0,16.37,1.51,2761.0,29906.0,9.23226108473216,69000.0,42350.0,12.120562050842002,3729.2000000000003,2761.0,35.06700470843898,16574.0,1958.0,1678.0,5.1000000000000005,39.7,1401.0,1242.0,15765.0,-33.1,-28.0,True,1958.0,71167.0,57.44911504424779,6,20260528,BUY,374.61,22.35,202603,-33.13,8.22,2026.12E,2025.12,20260401,매수,False,True,True,True,True
018670,SK가스,KOSPI,유통,218500.0,20227.0,9257244.0,8.58,0.67,25453.0,325701.0,7.814836306919537,302000.0,198600.0,,,,,,,,,,,,,,,False,,363750.0,66.47597254004577,4,20260520,BUY,101.65,44.24,202603,54.2,8.85,,,,,False,True,True,True,True
008770,호텔신라,KOSPI,유통,50900.0,19977.0,39248121.0,-11.78,1.74,-4321.0,29223.0,-14.786298463538994,70300.0,39700.0,15.130796670630202,3364.0,-4566.0,173.67498904949628,42872.0,2077.0,1273.0,5.4,1436.9,135.0,-1728.0,40683.0,-360.6,181.0,True,2077.0,79533.0,56.25343811394892,11,20260703,매수,0.0,8.41,202603,0.0,5.48,2026.12E,2025.12,20260522,매수,True,True,True,True,True
439260,대한조선,KOSPI,운송장비·부품,52300.0,19920.0,38088730.0,7.15,1.84,7310.0,28354.0,25.78119489313677,116000.0,48800.0,,,,,,,,,,,,,,,False,,129000.0,146.65391969407267,4,20260623,BUY,18.5,0.19,202603,86.07,476.21,,,,,False,True,True,True,True
032820,우리기술,KOSDAQ,전기·전자,11570.0,19855.0,171605186.0,2314.0,15.32,5.0,755.0,0.6622516556291391,30200.0,3155.0,,,,,,,,,,,,,,,False,,,,0,,,0.0,-8.52,202603,0.0,-17.53,,,,,False,True,True,True,True
007810,코리아써키트,KOSPI,전기·전자,80200.0,19234.0,23982620.0,46.47,4.99,1726.0,16070.0,10.74051026757934,148300.0,11050.0,,,,,,,,,,,,,,,False,,143667.0,79.1359102244389,3,20260618,BUY,0.0,18.42,202603,0.0,0.0,,,,,False,True,True,True,True
192820,코스맥스,KOSPI,화학,168300.0,19101.0,11349509.0,15.52,3.42,10843.0,49196.0,22.040409789413772,270000.0,141000.0,24.06417112299465,6993.8,7562.0,-7.513885215551438,23988.0,1958.0,793.0,10.700000000000001,11.600000000000001,1754.0,858.0,21661.0,51.6,50.2,False,1958.0,250000.0,48.544266191325015,11,20260624,BUY,3.28,15.88,202603,11.63,60.37,2025.12E,2024.12,20260506,매수,False,True,True,True,True
001740,SK네트웍스,KOSPI,유통,9500.0,19056.0,200593889.0,42.22,0.91,225.0,10430.0,2.1572387344199426,16240.0,4275.0,,,,,,,,,,,,,,,False,,9133.0,-3.863157894736842,3,20260518,BUY,102.43,6.52,202603,-24.25,-12.48,,,,,False,True,True,True,True
010170,대한광통신,KOSDAQ,전기·전자,12240.0,19031.0,155485660.0,-50.58,24.93,-242.0,491.0,-49.287169042769854,31500.0,884.0,,,,,,,,,,,,,,,False,,,,0,,,0.0,34.87,202603,0.0,0.0,,,,,False,True,True,True,True
035900,JYP Ent.,KOSDAQ,오락·문화,53200.0,18903.0,35532492.0,11.77,2.84,4519.0,18730.0,24.127068873465028,88500.0,46950.0,11.666410824324027,4560.1,4846.0,-5.899711101939737,9350.0,1837.0,1511.0,13.8,18.3,1552.0,1606.0,8219.0,21.0,64.2,False,1837.0,87444.0,64.36842105263158,8,20260611,BUY,70.04,32.11,202603,21.04,24.03,2026.12E,2025.12,20260514,매수,False,True,True,True,True
103140,풍산,KOSPI,금속,66800.0,18720.0,28024278.0,12.72,0.79,5251.0,84137.0,6.241011683326004,172200.0,61400.0,7.030320889946009,9501.7,5388.0,76.34929472902748,68140.0,3900.0,2595.0,35.0,31.1,2974.0,1472.0,50486.0,-8.1,-37.7,True,3900.0,128343.0,92.13023952095809,6,20260626,BUY,29.35,9.94,202603,-8.14,10.73,2026.12E,2025.12,20260415,매수,False,True,True,True,True
068760,셀트리온제약,KOSDAQ,제약,41900.0,18605.0,44402332.0,0.0,0.0,0.0,0.0,,78300.0,38950.0,,,,,,,,,,,,,,,False,,,,0,,,0.0,0.0,202509,0.0,0.0,,,,,False,True,True,True,True
002790,아모레퍼시픽홀딩스,KOSPI,화학,24000.0,18350.0,76458180.0,18.06,0.62,1329.0,38797.0,3.425522591952986,35950.0,19950.0,,,,,,,,,,,,,,,False,,,,0,,,6.92,4.98,202603,47.63,22.51,,,,,False,True,True,True,True
140860,파크시스템스,KOSDAQ,의료·정밀기기,260000.0,18206.0,7002469.0,52.73,8.03,4931.0,32386.0,15.225714815043537,350500.0,205000.0,,,,,,,,,,,,,,,False,,363167.0,39.67961538461539,6,20260609,BUY,-84.05,-22.68,202603,9.5,11.24,,,,,False,True,True,True,True
140410,메지온,KOSDAQ,일반서비스,59900.0,18205.0,30392167.0,-51.64,105.83,-1160.0,566.0,-204.94699646643107,179900.0,35850.0,,,,,,,,,,,,,,,False,,,,0,,,0.0,3.19,202603,0.0,0.0,,,,,False,True,True,True,True
120110,코오롱인더,KOSPI,화학,59400.0,17788.0,29946032.0,46.99,0.46,1264.0,129709.0,0.9744890485625516,104900.0,33750.0,,,,,,,,,,,,,,,False,,110400.0,85.85858585858585,4,20260511,매수,129.9,0.47,202603,-31.39,-23.19,,,,,False,True,True,True,True
112610,씨에스윈드,KOSPI,금속,42100.0,17754.0,42171403.0,51.15,1.51,823.0,27826.0,2.957665492704665,79400.0,37550.0,,,,,,,,,,,,,,,False,,79857.0,89.68408551068883,7,20260508,BUY,-40.67,-21.15,202603,25.38,105.98,,,,,False,True,True,True,True
097230,HJ중공업,KOSPI,건설,19450.0,17562.0,90295344.0,32.15,2.62,605.0,7416.0,8.158036677454152,34350.0,6950.0,,,,,,,,,,,,,,,False,,42000.0,115.93830334190231,1,20260304,매수,350.7,32.03,202603,824.9,274.97,,,,,False,True,True,True,True
000120,CJ대한통운,KOSPI,운송·창고,76600.0,17474.0,22812344.0,7.22,0.37,10612.0,207860.0,5.105359376503415,154000.0,69500.0,5.808398671499416,13187.800000000001,11347.0,16.222790164801278,131389.0,5346.0,2630.0,7.0,5.2,5081.0,2421.0,122847.0,-4.3,-2.6,True,5346.0,141500.0,84.72584856396867,12,20260514,Buy,7.89,7.42,202603,-4.26,7.62,2026.12E,2025.12,20260526,매수,False,True,True,True,True
011210,현대위아,KOSPI,운송장비·부품,64100.0,17432.0,27195083.0,17.61,0.47,3641.0,135750.0,2.6821362799263353,112600.0,46000.0,9.563167631437608,6702.8,5484.3,22.217967653118905,88961.0,2302.0,1795.0,4.9,12.600000000000001,2044.0,990.0,84816.0,-6.6000000000000005,-17.8,True,2302.0,96750.0,50.93603744149766,4,20260520,Marketperform,6.22,5.7,202603,-6.58,-0.95,2026.12E,2025.12,20260409,중립,False,True,True,True,True
041510,에스엠,KOSDAQ,오락·문화,75800.0,17354.0,22894690.0,5.01,1.73,15126.0,43793.0,34.539766629369986,155100.0,65600.0,13.364835319839198,5671.6,15166.0,-62.603191349070286,12558.0,1980.0,1298.0,6.9,8.200000000000001,1830.0,3472.0,11749.0,109.7,1796.3000000000002,False,1980.0,127333.0,67.98548812664907,15,20260611,BUY,18.45,20.6,202603,109.67,37.09,2026.12E,2025.12,20260506,매수,False,True,True,True,True
089030,테크윙,KOSDAQ,기계·장비,46600.0,17267.0,37053645.0,184.92,7.74,252.0,6018.0,4.187437686939183,74000.0,26050.0,,,,,,,,,,,,,,,False,,,,0,,,444.03,51.5,202603,-32.35,171.29,,,,,False,True,True,True,True
058610,에스피지,KOSDAQ,전기·전자,76700.0,17010.0,22177360.0,186.17,6.59,412.0,11633.0,3.5416487578440647,165700.0,22500.0,,,,,,,,,,,,,,,False,,160000.0,108.60495436766624,1,20260519,BUY,9.69,-13.36,202603,45.43,-4.88,,,,,False,True,True,True,True
082920,비츠로셀,KOSDAQ,전기·전자,37000.0,16776.0,45339477.0,29.46,5.03,1256.0,7355.0,17.07681849082257,67800.0,16420.0,,,,,,,,,,,,,,,False,,58250.0,57.432432432432435,3,20260612,BUY,34.53,26.56,202603,33.44,33.97,,,,,False,True,True,True,True
083650,비에이치아이,KOSDAQ,기계·장비,53900.0,16679.0,30944375.0,25.58,9.39,2107.0,5739.0,36.713713190451294,114200.0,34550.0,,,,,,,,,,,,,,,False,,105000.0,94.8051948051948,2,20260703,매수,183.89,107.57,202603,244.31,125.24,,,,,False,True,True,True,True
475150,SK이터닉스,KOSPI,건설,47750.0,16267.0,34067004.0,52.47,5.9,910.0,8095.0,11.241507103150093,69300.0,17210.0,,,,,,,,,,,,,,,False,,60000.0,25.654450261780106,1,20260515,BUY,362.28,6.13,202603,40.81,20.41,,,,,False,True,True,True,True
183300,코미코,KOSDAQ,기계·장비,78700.0,16169.0,20545310.0,32.43,5.87,2427.0,13402.0,18.109237427249663,191600.0,59200.0,,,,,,,,,,,,,,,False,,220000.0,179.5425667090216,2,20260526,매수,-34.58,16.37,202603,-1.31,66.27,,,,,False,True,True,True,True
229640,LS에코에너지,KOSPI,금융,52600.0,16109.0,30624879.0,38.28,7.63,1374.0,6898.0,19.918817048419832,109800.0,31100.0,,,,,,,,,,,,,,,False,,81700.0,55.32319391634981,6,20260701,BUY,31.08,25.02,202603,49.16,36.13,,,,,False,True,True,True,True
023590,다우기술,KOSPI,IT 서비스,37200.0,16103.0,43287312.0,3.3,0.47,11260.0,79869.0,14.098085615194881,62300.0,30400.0,,,,,,,,,,,,,,,False,,,,0,,,86.2,153.03,202603,32.74,35.12,,,,,False,True,True,True,True
020560,아시아나항공,KOSPI,운송·창고,7730.0,15923.0,205990711.0,-5.63,2.13,-1374.0,3623.0,-37.9243720673475,10280.0,6560.0,-10.189823358818877,-758.6,-6052.0,87.46530072703239,72735.0,-2637.0,-1562.0,-12.600000000000001,-195.70000000000002,2757.0,-4192.0,83186.0,-55.5,-468.0,True,-2637.0,,,0,,,0.0,-18.99,202603,0.0,-17.33,2025.12E,2024.12,20251127,중립,False,True,True,True,True
001800,오리온홀딩스,KOSPI,금융,25250.0,15818.0,62645422.0,13.08,0.62,1931.0,40953.0,4.71516128244573,29950.0,18360.0,,,,,,,,,,,,,,,False,,,,0,,,48.52,24.06,202603,-3.66,7.54,,,,,False,True,True,True,True
043260,성호전자,KOSDAQ,전기·전자,22100.0,15814.0,71556246.0,16.48,6.25,1341.0,3536.0,37.92420814479638,59600.0,1021.0,,,,,,,,,,,,,,,False,,85000.0,284.61538461538464,2,20260629,매수,100.31,11.37,202603,19.64,369.35,,,,,False,True,True,True,True
093370,후성,KOSPI,화학,14490.0,15541.0,107255330.0,289.8,4.65,50.0,3118.0,1.603592046183451,23550.0,4550.0,,,,,,,,,,,,,,,False,,20000.0,38.02622498274672,1,20260423,BUY,0.0,32.05,202603,0.0,0.0,,,,,False,True,True,True,True
069620,대웅제약,KOSPI,제약,132500.0,15352.0,11586575.0,7.84,1.52,16904.0,87439.0,19.33233454179485,199400.0,105000.0,9.877224239081007,13414.7,14449.0,-7.1582808498858,15433.0,2245.0,1544.0,10.9,10.3,2036.0,1663.0,13910.0,24.3,285.2,False,2245.0,206250.0,55.660377358490564,6,20260703,BUY,-42.61,5.98,202603,33.01,27.22,2026.12E,2025.12,20260407,매수,False,True,True,True,True
218410,RFHIC,KOSDAQ,전기·전자,57800.0,15348.0,26553442.0,53.42,4.32,1082.0,13376.0,8.089114832535884,126900.0,23000.0,32.44456918327252,1781.5,1131.0,57.51547303271442,2582.0,566.0,452.0,38.900000000000006,83.10000000000001,309.0,287.0,1858.0,1919.2,11.700000000000001,True,566.0,130000.0,124.91349480968859,3,20260521,BUY,107.15,35.13,202603,1919.2,753.93,2026.12E,2025.12,20260504,매수,True,True,True,True,True
007390,네이처셀,KOSDAQ,제약,23800.0,15336.0,64435056.0,-540.91,24.34,-44.0,978.0,-4.4989775051124745,39350.0,16550.0,,,,,,,,,,,,,,,False,,,,0,,,0.0,-0.44,202603,0.0,0.0,,,,,False,True,True,True,True
096530,씨젠,KOSDAQ,제약,29350.0,15328.0,52225994.0,31.76,1.33,924.0,22020.0,4.1961852861035425,33350.0,21700.0,,,,,,,,,,,,,,,False,,42000.0,43.100511073253834,1,20260529,BUY,58.63,11.33,202603,0.0,0.0,,,,,False,True,True,True,True
006040,동원산업,KOSPI,금융,33650.0,14853.0,44140819.0,3.83,0.42,8795.0,79927.0,11.003790959250317,53400.0,29850.0,3.934890138802811,8551.7,8793.0,-2.7442283634709344,100551.0,5666.0,3775.0,4.9,9.8,5161.0,3670.0,95837.0,3.0,387.6,True,5666.0,50000.0,48.588410104011885,2,20260430,매수,17.07,9.09,202603,2.96,1.61,2026.12E,2025.12,20260605,매수,False,True,True,True,True
030530,원익홀딩스,KOSDAQ,화학,19020.0,14691.0,77237981.0,53.58,1.45,355.0,13088.0,2.712408312958435,50600.0,5590.0,,,,,,,,,,,,,,,False,,,,0,,,0.0,-31.5,202603,0.0,-29.84,,,,,False,True,True,True,True
001120,LX인터내셔널,KOSPI,유통,37800.0,14651.0,38760000.0,10.33,0.49,3659.0,77069.0,4.747693625193008,57700.0,28450.0,,,,,,,,,,,,,,,False,,65000.0,71.95767195767195,5,20260630,매수,-6.83,4.03,202603,-40.27,-27.49,,,,,False,True,True,True,True
003540,대신증권,KOSPI,증권,29300.0,14421.0,49219763.0,14.33,0.54,2044.0,54154.0,3.774421095394615,51400.0,23450.0,,,,,,,,,,,,,,,False,,42500.0,45.051194539249146,1,20260213,BUY,164.15,113.51,202603,260.56,58.68,,,,,False,True,True,True,True
006280,녹십자,KOSPI,제약,122800.0,14351.0,11686538.0,-307.0,1.15,-400.0,106673.0,-0.374977735696943,183800.0,115900.0,33.08635322645831,3711.5,-410.0,1005.2439024390244,20917.0,725.0,424.0,5.0,4.9,691.0,-47.0,19913.0,115.4,-82.2,True,725.0,214286.0,74.5,6,20260528,BUY,47.35,13.49,202603,115.37,17.0,2026.12E,2025.12,20260511,매수,False,True,True,True,True
060370,LS마린솔루션,KOSDAQ,건설,27300.0,14261.0,52238854.0,138.58,2.21,197.0,12341.0,1.5963049995948466,51600.0,21650.0,,,,,,,,,,,,,,,False,,46000.0,68.4981684981685,1,20260526,Buy,39.61,18.69,202603,-43.44,-16.25,,,,,False,True,True,True,True
322000,HD현대에너지솔루션,KOSPI,전기·전자,126700.0,14190.0,11200000.0,34.05,3.4,3721.0,37302.0,9.975336443086162,256000.0,41300.0,,,,,,,,,,,,,,,False,,275000.0,117.0481452249408,1,20260430,BUY,0.0,87.55,202603,1076.88,305.44,,,,,False,True,True,True,True
078600,대주전자재료,KOSDAQ,전기·전자,89000.0,13977.0,15704138.0,66.67,5.31,1335.0,16760.0,7.965393794749404,183300.0,58900.0,63.694267515923556,1397.3000000000002,2477.0,-43.589018974566,2510.0,230.0,209.0,14.5,-21.8,294.0,369.0,2193.0,372.8,5204.700000000001,False,230.0,188600.0,111.91011235955055,2,20260701,BUY,93.02,68.26,202603,-29.53,98.37,2025.12E,2024.12,20251117,매수,False,True,True,True,True
192080,더블유게임즈,KOSPI,IT 서비스,65200.0,13805.0,21173468.0,10.68,1.06,6106.0,61507.0,9.927325345082673,76500.0,47000.0,,,,,,,,,,,,,,,False,,84500.0,29.601226993865033,11,20260703,BUY,25.05,26.55,202603,-6.67,8.65,,,,,False,True,True,True,True
458870,씨어스,KOSDAQ,의료·정밀기기,36250.0,13797.0,38059740.0,85.29,34.82,425.0,1041.0,40.82612872238233,192600.0,26050.0,,,,,,,,,,,,,,,False,,60667.0,67.35724137931034,3,20260623,매수,0.0,699.57,202603,0.0,0.0,,,,,False,True,True,True,True
073240,금호타이어,KOSPI,화학,4740.0,13616.0,287260287.0,3.92,0.67,1209.0,7065.0,17.112526539278132,7650.0,4220.0,3.5215453194650816,1346.0,1209.3,11.304060200115773,49238.0,5762.0,3866.0,4.7,0.1,5759.0,3474.0,47013.0,-2.2,6.9,True,5762.0,7714.0,62.74261603375527,6,20260430,BUY,0.33,-3.18,202603,-2.16,572.52,2026.12E,2025.12,20260507,매수,False,True,True,True,True
017960,한국카본,KOSPI,금속,25950.0,13410.0,51676486.0,13.24,2.25,1960.0,11519.0,17.01536591718031,54100.0,22200.0,12.293334596617555,2110.9,2043.0,3.32354380812531,9824.0,1758.0,1082.0,8.1,34.2,1310.0,1017.0,9088.0,188.10000000000002,400.70000000000005,True,1758.0,57000.0,119.65317919075144,2,20260604,BUY,32.01,-5.67,202603,188.14,110.18,2026.12E,2025.12,20260602,매수,False,True,True,True,True
039200,오스코텍,KOSDAQ,제약,34700.0,13276.0,38258176.0,25.37,7.32,1368.0,4739.0,28.86684954631779,66000.0,29200.0,,,,,,,,,,,,,,,False,,,,0,,,0.0,88.4,202603,0.0,0.0,,,,,False,True,True,True,True
005070,코스모신소재,KOSPI,화학,39250.0,13037.0,33214571.0,72.28,2.57,543.0,15248.0,3.56112277019937,66400.0,33550.0,,,,,,,,,,,,,,,False,,53000.0,35.03184713375796,1,20260518,Trading BUY,-22.65,-9.51,202412,-22.65,8.64,,,,,False,True,True,True,True
361610,SK아이이테크놀로지,KOSPI,전기·전자,15760.0,12890.0,81787100.0,-5.63,0.5,-2799.0,31808.0,-8.799673038229376,35100.0,14200.0,,,,,,,,,,,,,,,False,,22917.0,45.41243654822335,6,20260702,Hold,0.0,-38.4,202603,0.0,0.0,,,,,False,True,True,True,True
347700,스피어,KOSDAQ,IT 서비스,24900.0,12836.0,51551362.0,4980.0,16.78,5.0,1484.0,0.3369272237196766,57300.0,7050.0,229.07083716651334,108.7,5.0,2074.0,2875.0,202.0,52.0,200.70000000000002,122.7,91.0,2.0,956.0,-40.400000000000006,-98.0,True,202.0,70000.0,181.12449799196787,1,20260421,매수,-83.51,106.24,202603,-40.36,-13.45,2026.12E,2025.12,20260612,매수,True,True,True,True,True
007310,오뚜기,KOSPI,음식료·담배,319000.0,12785.0,4007830.0,18.47,0.53,17271.0,603102.0,2.863694698409224,470000.0,290500.0,,,,,,,,,,,,,,,False,,520000.0,63.00940438871473,1,20260116,BUY,3.28,3.74,202603,-20.16,1.41,,,,,False,True,True,True,True
012630,HDC,KOSPI,금융,21350.0,12755.0,59741721.0,4.24,0.36,5038.0,59006.0,8.538114767989697,30650.0,15850.0,,,,,,,,,,,,,,,False,,35000.0,63.934426229508205,1,20260511,매수,16.47,-19.69,202603,88.24,65.23,,,,,False,True,True,True,True
127120,제이에스링크,KOSDAQ,일반서비스,36450.0,12663.0,34741382.0,-60.65,16.98,-601.0,2147.0,-27.992547741034002,49900.0,10340.0,,,,,,,,,,,,,,,False,,,,0,,,0.0,69.4,202603,0.0,0.0,,,,,False,True,True,True,True
001820,삼화콘덴서,KOSPI,전기·전자,119300.0,12401.0,10395000.0,98.92,4.47,1206.0,26701.0,4.516684768360736,196800.0,24950.0,,,,,,,,,,,,,,,False,,,,0,,,-2.45,0.59,202603,-27.89,-24.98,,,,,False,True,True,True,True
294870,IPARK현대산업개발,KOSPI,건설,18450.0,12160.0,65907330.0,7.69,0.36,2400.0,50672.0,4.7363435427849705,25050.0,17330.0,,,,,,,,,,,,,,,False,,31000.0,68.02168021680217,5,20260702,BUY,48.41,-25.59,202603,34.65,32.33,,,,,False,True,True,True,True
032350,롯데관광개발,KOSPI,일반서비스,15200.0,12118.0,79725458.0,42.7,3.25,356.0,4677.0,7.611716912550781,27700.0,14080.0,,,,,,,,,,,,,,,False,,27000.0,77.63157894736842,6,20260703,BUY,121.0,28.07,202603,267.45,89.15,,,,,False,True,True,True,True
298020,효성티앤씨,KOSPI,화학,277500.0,12009.0,4327682.0,111.04,0.76,2499.0,364612.0,0.6853861090693669,557000.0,199000.0,,,,,,,,,,,,,,,False,,665000.0,139.63963963963963,5,20260618,BUY,11.44,7.25,202603,-7.1,30.81,,,,,False,True,True,True,True
195940,HK이노엔,KOSDAQ,제약,42150.0,11941.0,28329891.0,19.39,0.95,2174.0,44172.0,4.921669836095264,58600.0,37300.0,11.296028300369834,3731.4,2672.0,39.648203592814376,11429.0,1395.0,1057.0,7.5,25.900000000000002,1109.0,757.0,10632.0,25.700000000000003,22.900000000000002,True,1395.0,69000.0,63.70106761565836,3,20260527,BUY,33.82,8.23,202412,33.82,21.24,2026.12E,2025.12,20260429,매수,False,True,True,True,True
003570,SNT다이내믹스,KOSPI,운송장비·부품,35750.0,11888.0,33252697.0,19.3,0.97,1852.0,36680.0,5.04907306434024,76400.0,33300.0,,,,,,,,,,,,,,,False,,77000.0,115.38461538461537,1,20260526,매수,20.25,19.84,202603,-22.67,68.15,,,,,False,True,True,True,True
034230,파라다이스,KOSPI,오락·문화,12820.0,11875.0,92629382.0,12.5,0.65,1026.0,19694.0,5.209708540672286,24000.0,12220.0,,,,,,,,,,,,,,,False,,21375.0,66.73166926677067,8,20260630,BUY,-34.87,3.76,202603,14.52,435.93,,,,,False,True,True,True,True
030610,교보증권,KOSPI,증권,10350.0,11795.0,113962961.0,8.25,0.55,1254.0,18773.0,6.6798061045117985,18220.0,8130.0,,,,,,,,,,,,,,,False,,,,0,,,42.76,116.17,202603,67.16,55.11,,,,,False,True,True,True,True
181710,NHN,KOSPI,IT 서비스,35650.0,11676.0,32753139.0,37.37,0.75,954.0,47466.0,2.009859689040576,64900.0,24650.0,6.712357138822465,5311.1,1023.0,419.1691104594331,29354.0,1744.0,1637.0,16.7,31.700000000000003,1324.0,321.0,25162.0,-506.0,-124.2,True,1744.0,53333.0,49.601683029453014,5,20260608,Outperform,-5.04,11.88,202603,0.0,14.12,2026.12E,2025.12,20260512,매수,False,True,True,True,True
082640,동양생명,KOSPI,보험,7460.0,11642.0,156062581.0,9.66,0.75,772.0,9925.0,7.778337531486146,9380.0,6040.0,,,,,,,,,,,,,,,False,,9900.0,32.707774798927616,1,20260422,Trading BUY,-46.98,29.96,202603,-45.98,1049.81,,,,,False,True,True,True,True
004000,롯데정밀화학,KOSPI,화학,44800.0,11558.0,25800000.0,10.89,0.47,4112.0,95632.0,4.299815961184541,71800.0,39800.0,6.318669694362562,7090.1,4165.0,70.23049219687876,19872.0,1494.0,1806.0,13.4,101.0,744.0,1061.0,17527.0,47.6,191.60000000000002,True,1494.0,78333.0,74.85044642857143,5,20260522,매수,73.95,14.6,202603,47.62,-27.19,2026.12E,2025.12,20260521,매수,True,True,True,True,True
001430,세아베스틸지주,KOSPI,금속,32100.0,11512.0,35862119.0,20.49,0.59,1567.0,54192.0,2.8915707115441394,92500.0,23050.0,,,,,,,,,,,,,,,False,,80357.0,150.33333333333334,6,20260626,BUY,71.75,7.52,202603,88.05,22.83,,,,,False,True,True,True,True
323280,태성,KOSDAQ,기계·장비,37400.0,11421.0,30537980.0,-440.0,8.91,-85.0,4199.0,-2.0242914979757085,94000.0,23000.0,,,,,,,,,,,,,,,False,,,,0,,,0.0,163.19,202603,0.0,0.0,,,,,False,True,True,True,True
166090,하나머티리얼즈,KOSDAQ,전기·전자,57700.0,11412.0,19777674.0,29.74,2.4,1940.0,24038.0,8.07055495465513,87900.0,23450.0,,,,,,,,,,,,,,,False,,106000.0,83.70883882149047,1,20260428,BUY,144.33,59.29,202603,15.36,-11.81,,,,,False,True,True,True,True
077970,STX엔진,KOSPI,기계·장비,28250.0,11342.0,40148063.0,15.27,3.31,1850.0,8545.0,21.650087770626097,67700.0,19910.0,14.996284106593055,1883.8000000000002,1793.0,5.064138315672069,9089.0,856.0,756.0,15.100000000000001,22.900000000000002,696.0,689.0,7893.0,64.8,153.3,True,856.0,72000.0,154.86725663716814,3,20260518,매수,13.28,35.84,202603,64.77,62.87,2026.12E,2025.12,20260522,매수,False,True,True,True,True
475830,오름테라퓨틱,KOSDAQ,제약,52200.0,11338.0,21719590.0,-25.89,8.47,-2016.0,6165.0,-32.7007299270073,146600.0,18020.0,,,,,,,,,,,,,,,False,,,,0,,,0.0,0.0,202603,0.0,0.0,,,,,False,True,True,True,True
003380,하림지주,KOSDAQ,금융,9910.0,11100.0,112005621.0,4.83,0.3,2051.0,32613.0,6.288903198111183,19610.0,7060.0,,,,,,,,,,,,,,,False,,,,0,,,17.45,10.94,202603,15.93,3.7,,,,,False,True,True,True,True
437730,삼현,KOSDAQ,운송장비·부품,34950.0,11082.0,31707567.0,106.55,8.39,328.0,4168.0,7.869481765834934,76900.0,11000.0,,,,,,,,,,,,,,,False,,,,0,,,0.0,-22.87,202603,-85.4,42.24,,,,,False,True,True,True,True
031330,에스에이엠티,KOSDAQ,유통,11080.0,11079.0,99995067.0,14.62,2.22,758.0,4983.0,15.211719847481437,19950.0,2860.0,,,,,,,,,,,,,,,False,,,,0,,,1575.19,134.89,202603,69.07,20.96,,,,,False,True,True,True,True
089860,롯데렌탈,KOSPI,일반서비스,30300.0,11002.0,36309388.0,8.62,0.7,3514.0,43125.0,8.148405797101448,35800.0,26650.0,,,,,,,,,,,,,,,False,,44000.0,45.21452145214521,2,20260617,BUY,24.83,6.61,202603,9.72,0.67,,,,,False,True,True,True,True
003530,한화투자증권,KOSPI,증권,4960.0,10642.0,214547775.0,10.67,0.52,465.0,9484.0,4.9029945170814,10300.0,4500.0,,,,,,,,,,,,,,,False,,,,0,,,-37.12,98.26,202603,3624.18,1176.07,,,,,False,True,True,True,True
101490,에스앤에스텍,KOSDAQ,전기·전자,49750.0,10614.0,21334879.0,18.3,3.42,2718.0,14549.0,18.681696336517977,108400.0,42400.0,,,,,,,,,,,,,,,False,,,,0,,,-4.21,6.62,202603,70.94,48.35,,,,,False,True,True,True,True
000080,하이트진로,KOSPI,음식료·담배,15050.0,10555.0,70133611.0,25.86,0.94,582.0,16066.0,3.6225569525706462,22200.0,13830.0,,,,,,,,,,,,,,,False,,21500.0,42.857142857142854,2,20260612,BUY,-10.82,-3.58,202603,-17.2,5.27,,,,,False,True,True,True,True
057050,현대홈쇼핑,KOSPI,유통,87300.0,10476.0,12000000.0,10.58,0.42,8251.0,210031.0,3.9284677023867904,96300.0,50000.0,,,,,,,,,,,,,,,False,,,,0,,,35.95,1.94,202603,0.49,23.91,,,,,False,True,True,True,True
300720,한일시멘트,KOSPI,비금속,14120.0,10385.0,73545209.0,13.31,0.56,1061.0,25406.0,4.176178855388491,21900.0,12710.0,,,,,,,,,,,,,,,False,,20500.0,45.18413597733711,2,20260325,매수,0.41,-1.73,202603,-51.09,22.65,,,,,False,True,True,True,True
003090,대웅,KOSPI,제약,17770.0,10332.0,58141980.0,5.9,0.63,3011.0,28372.0,10.61257577893698,30600.0,15650.0,,,,,,,,,,,,,,,False,,,,0,,,-21.85,2.34,202603,-7.14,10.44,,,,,False,True,True,True,True
195870,해성디에스,KOSPI,전기·전자,60700.0,10319.0,17000000.0,43.33,1.83,1401.0,33198.0,4.220133742996566,108500.0,21650.0,,,,,,,,,,,,,,,False,,97812.0,61.14003294892916,6,20260528,BUY,2995.3,37.22,202603,-18.25,-37.54,,,,,False,True,True,True,True
006340,대원전선,KOSPI,전기·전자,13050.0,10233.0,78414416.0,115.49,8.55,113.0,1527.0,7.400130975769483,20300.0,2765.0,,,,,,,,,,,,,,,False,,,,0,,,76.18,25.11,202603,-34.78,283.28,,,,,False,True,True,True,True
479080,1Q 머니마켓액티브,KOSPI,ETF(Active/수익증권),53455.0,10110.0,18914000.0,0.0,0.0,0.0,0.0,,53460.0,52385.0,,,,,,,,,,,,,,,False,,,,0,,,,,,,,,,,,False,True,True,True,True
232140,와이씨,KOSDAQ,기계·장비,12050.0,9886.0,82045350.0,51.28,2.68,235.0,4490.0,5.233853006681515,24150.0,9860.0,27.618611047444418,436.3,239.0,82.55230125523013,3586.0,545.0,358.0,31.5,220.8,170.0,193.0,2726.0,60.300000000000004,74.9,True,545.0,22667.0,88.10788381742739,3,20260619,BUY,0.0,-14.5,202603,60.29,2.5,2026.12E,2025.12,20260520,매수,True,True,True,True,True
417200,LS머트리얼즈,KOSDAQ,전기·전자,14390.0,9735.0,67652659.0,2398.33,5.26,6.0,2736.0,0.21929824561403508,32725.0,9160.0,,,,,,,,,,,,,,,False,,,,0,,,0.0,21.87,202603,0.0,-20.16,,,,,False,True,True,True,True
085660,차바이오텍,KOSDAQ,제약,10460.0,9725.0,92972846.0,-6.82,2.8,-1533.0,3732.0,-41.07717041800643,23950.0,10140.0,,,,,,,,,,,,,,,False,,,,0,,,0.0,8.41,202603,0.0,0.0,,,,,False,True,True,True,True
003240,태광산업,KOSPI,화학,868000.0,9664.0,1113400.0,11.96,0.19,72592.0,4669556.0,1.5545803498234094,1634000.0,708000.0,,,,,,,,,,,,,,,False,,,,0,,,0.0,9.27,202603,0.0,0.0,,,,,False,True,True,True,True
000210,DL,KOSPI,화학,46100.0,9661.0,20955884.0,-11.86,0.26,-3887.0,177828.0,-2.185820005848348,77700.0,33900.0,,,,,,,,,,,,,,,False,,82000.0,77.87418655097615,2,20260508,BUY,7.12,-7.49,202603,-27.63,33.03,,,,,False,True,True,True,True
100790,미래에셋벤처투자,KOSDAQ,금융,18110.0,9620.0,53120578.0,31.12,2.54,582.0,7122.0,8.171861836562764,70700.0,5900.0,,,,,,,,,,,,,,,False,,,,0,,,0.0,191.36,202603,123.61,8.91,,,,,False,True,True,True,True
204270,제이앤티씨,KOSDAQ,전기·전자,16590.0,9597.0,57848466.0,-10.48,3.83,-1583.0,4333.0,-36.533579506115856,30100.0,14490.0,,,,,,,,,,,,,,,False,,,,0,,,0.0,-16.8,202603,0.0,0.0,,,,,False,True,True,True,True
100090,SK오션플랜트,KOSPI,금속,15320.0,9572.0,62478129.0,24.51,1.18,625.0,13037.0,4.794047710362814,31600.0,13930.0,,,,,,,,,,,,,,,False,,27500.0,79.50391644908616,2,20260513,BUY,52.69,-32.08,202603,42.38,0.92,,,,,False,True,True,True,True
185750,종근당,KOSPI,제약,69000.0,9524.0,13802780.0,12.29,0.91,5615.0,76180.0,7.370700971383565,106800.0,63000.0,,,,,,,,,,,,,,,False,,110000.0,59.42028985507246,1,20260414,BUY,13.13,11.68,202603,-19.0,15.23,,,,,False,True,True,True,True
280360,롯데웰푸드,KOSPI,음식료·담배,102000.0,9389.0,9204574.0,13.19,0.41,7734.0,247808.0,3.120964617768595,136400.0,90000.0,7.258236675442966,14053.0,8176.0,71.88111545988258,43859.0,1914.0,1233.0,4.0,74.8,1095.0,723.0,42160.0,-30.3,-14.600000000000001,True,1914.0,168125.0,64.82843137254902,6,20260511,Buy,118.41,5.35,202603,-30.29,5.32,2026.12E,2025.12,20260605,매수,False,True,True,True,True
099320,쎄트렉아이,KOSDAQ,운송장비·부품,85700.0,9385.0,10951278.0,61.39,3.77,1396.0,22735.0,6.140312293820101,224000.0,44200.0,,,,,,,,,,,,,,,False,,210000.0,145.04084014002333,1,20260414,매수,0.0,-7.13,202603,0.0,0.0,,,,,False,True,True,True,True
005300,롯데칠성,KOSPI,음식료·담배,100200.0,9297.0,9278884.0,21.33,0.66,4697.0,151359.0,3.1032181766528586,154800.0,93900.0,10.225428865916257,9799.1,4697.0,108.6246540344901,41072.0,2078.0,985.0,3.4000000000000004,24.3,1672.0,472.0,39711.0,-9.600000000000001,-20.1,True,2078.0,156667.0,56.35429141716567,3,20260610,Buy,90.96,4.64,202603,-9.61,-9.1,2026.12E,2025.12,20260605,매수,False,True,True,True,True
009450,경동나비엔,KOSPI,전기·전자,63200.0,9207.0,14568592.0,10.26,1.19,6157.0,53311.0,11.549211232203485,95100.0,53000.0,,,,,,,,,,,,,,,False,,,,0,,,61.75,16.47,202603,8.15,36.84,,,,,False,True,True,True,True
441800,TIME Korea플러스배당액티브,KOSPI,ETF(Active/수익증권),34070.0,9192.0,26980000.0,0.0,0.0,0.0,0.0,,38470.0,15205.0,,,,,,,,,,,,,,,False,,,,0,,,,,,,,,,,,False,True,True,True,True
192400,쿠쿠홀딩스,KOSPI,금융,25700.0,9139.0,35562185.0,6.28,0.6,4094.0,42527.0,9.626825310978909,35900.0,23300.0,,,,,,,,,,,,,,,False,,35000.0,36.18677042801556,1,20260629,BUY,-20.28,3.77,202603,10.44,9.39,,,,,False,True,True,True,True
069660,KIWOOM 200,KOSPI,ETF(실물복제/수익증권),130420.0,9129.0,7000000.0,0.0,0.0,0.0,0.0,,152090.0,41135.0,,,,,,,,,,,,,,,False,,,,0,,,,,,,,,,,,False,True,True,True,True
083450,GST,KOSDAQ,기계·장비,49450.0,9114.0,18430000.0,20.13,2.94,2457.0,16848.0,14.583333333333334,70800.0,18110.0,,,,,,,,,,,,,,,False,,,,0,,,104.05,60.19,202603,1.03,4.47,,,,,False,True,True,True,True
086450,동국제약,KOSDAQ,제약,20100.0,9091.0,45230420.0,13.77,1.37,1460.0,14714.0,9.922522767432378,31250.0,16260.0,,,,,,,,,,,,,,,False,,35500.0,76.61691542288557,2,20260518,Buy,7.97,12.19,202603,20.06,10.25,,,,,False,True,True,True,True
038500,삼표시멘트,KOSDAQ,비금속,8420.0,9087.0,107916306.0,22.28,1.15,378.0,7323.0,5.161818926669398,23500.0,2890.0,,,,,,,,,,,,,,,False,,,,0,,,375.52,10.0,202603,-26.31,5.17,,,,,False,True,True,True,True
281740,레이크머티리얼즈,KOSDAQ,화학,13790.0,9064.0,65730548.0,117.86,6.73,117.0,2049.0,5.710102489019034,28700.0,11640.0,,,,,,,,,,,,,,,False,,,,0,,,53.77,3.75,202603,-40.13,-27.21,,,,,False,True,True,True,True
003470,유안타증권,KOSPI,증권,4660.0,8979.0,192680102.0,10.36,0.5,450.0,9275.0,4.8517520215633425,8400.0,3265.0,,,,,,,,,,,,,,,False,,,,0,,,464.1,125.66,202603,4.88,58.8,,,,,False,True,True,True,True
036540,SFA반도체,KOSDAQ,전기·전자,5400.0,8881.0,164460303.0,-46.55,1.87,-116.0,2884.0,-4.0221914008321775,11640.0,3050.0,68.44106463878326,78.9,-116.0,168.01724137931035,5005.0,100.0,129.0,36.2,-150.8,-196.0,-190.0,3674.0,63203.700000000004,-189.3,True,100.0,8000.0,48.148148148148145,1,20260402,매수,0.0,42.6,202603,0.0,0.0,2026.12E,2025.12,20260629,매수,False,True,True,True,True
090710,휴림로봇,KOSDAQ,기계·장비,7390.0,8835.0,119559029.0,-49.93,6.92,-148.0,1068.0,-13.857677902621724,26600.0,2320.0,,,,,,,,,,,,,,,False,,,,0,,,0.0,-40.71,202603,0.0,0.0,,,,,False,True,True,True,True
241710,코스메카코리아,KOSDAQ,화학,82200.0,8779.0,10680000.0,19.32,3.47,4255.0,23663.0,17.98165913028779,106400.0,54300.0,,,,,,,,,,,,,,,False,,105800.0,28.710462287104622,5,20260629,BUY,78.03,56.42,202603,38.39,145.1,,,,,False,True,True,True,True
491000,리브스메드,KOSDAQ,의료·정밀기기,34250.0,8564.0,25004391.0,-33.41,4.67,-1025.0,7328.0,-13.98744541484716,95900.0,31550.0,,,,,,,,,,,,,,,False,,120000.0,250.36496350364965,1,20260518,BUY,0.0,5.47,202603,0.0,0.0,,,,,False,True,True,True,True
006120,SK디스커버리,KOSPI,금융,48950.0,8524.0,17413751.0,7.47,0.31,6549.0,158509.0,4.13162659533528,68300.0,42750.0,,,,,,,,,,,,,,,False,,,,0,,,71.44,36.7,202603,109.41,15.83,,,,,False,True,True,True,True
293490,카카오게임즈,KOSDAQ,IT 서비스,7850.0,8419.0,107245265.0,-6.62,0.59,-1186.0,13314.0,-8.907916478894396,18830.0,6780.0,-6.562996404982861,-1196.1000000000001,-1332.0,10.202702702702693,4650.0,-396.0,-999.0,-25.900000000000002,-306.8,191.0,-1089.0,6272.0,-74.60000000000001,-52.400000000000006,True,-396.0,13000.0,65.60509554140127,2,20260527,HOLD,0.0,-32.5,202603,0.0,-43.91,2025.12E,2024.12,20260211,중립,False,True,True,True,True
019210,와이지-원,KOSDAQ,금속,22600.0,8406.0,37193728.0,33.24,1.97,680.0,11486.0,5.920250740031342,25300.0,4900.0,,,,,,,,,,,,,,,False,,,,0,,,327.78,46.72,202603,19.19,-1.15,,,,,False,True,True,True,True
033100,제룡전기,KOSDAQ,전기·전자,52100.0,8369.0,16062409.0,0.0,0.0,0.0,0.0,,93800.0,31850.0,,,,,,,,,,,,,,,False,,,,0,,,0.0,0.0,202509,0.0,0.0,,,,,False,True,True,True,True
137400,피엔티,KOSDAQ,기계·장비,35200.0,8339.0,23690728.0,12.18,1.28,2890.0,27402.0,10.546675425151449,62000.0,30900.0,,,,,,,,,,,,,,,False,,70000.0,98.86363636363636,1,20260227,매수,-39.02,-33.19,202603,-41.66,23.47,,,,,False,True,True,True,True
030190,NICE평가정보,KOSPI,IT 서비스,14120.0,8318.0,58911527.0,10.87,1.78,1299.0,7931.0,16.378766864203758,18500.0,13010.0,,,,,,,,,,,,,,,False,,,,0,,,17.74,9.72,202603,20.28,14.78,,,,,False,True,True,True,True
056190,SFA,KOSDAQ,기계·장비,23100.0,8295.0,35908760.0,15.06,0.72,1534.0,32160.0,4.769900497512438,36500.0,20175.0,,,,,,,,,,,,,,,False,,,,0,,,-46.82,-9.35,202603,0.0,-14.92,,,,,False,True,True,True,True
456040,OCI,KOSPI,화학,92400.0,8272.0,8952495.0,-13.21,0.73,-6994.0,125846.0,-5.557586256217917,163200.0,52500.0,6.675962920950529,13840.7,-6994.0,297.8939090649128,23193.0,,,,,,,20094.0,,,False,,158250.0,71.26623376623377,3,20260629,Buy,171.59,-5.97,202603,-99.6,-2.43,2026.12E,2025.12,20260608,매수,False,True,True,True,True
036530,SNT홀딩스,KOSPI,금융,50700.0,8266.0,16303886.0,6.36,0.55,7969.0,92522.0,8.61308661723698,89000.0,46300.0,,,,,,,,,,,,,,,False,,,,0,,,21.73,2.97,202603,30.07,27.64,,,,,False,True,True,True,True
328130,루닛,KOSDAQ,IT 서비스,11080.0,8250.0,74458180.0,-14.58,5.05,-760.0,2196.0,-34.60837887067395,53300.0,9650.0,,,,,,,,,,,,,,,False,,,,0,,,0.0,24.74,202603,0.0,0.0,,,,,False,True,True,True,True
388720,유일로보틱스,KOSDAQ,기계·장비,70000.0,8247.0,11781345.0,-82.74,8.44,-846.0,8297.0,-10.196456550560445,155000.0,60500.0,,,,,,,,,,,,,,,False,,,,0,,,0.0,-54.74,202603,0.0,0.0,,,,,False,True,True,True,True
074600,원익QnC,KOSDAQ,비금속,31200.0,8202.0,26288000.0,36.45,1.68,856.0,18524.0,4.621032174476355,45400.0,16790.0,,,,,,,,,,,,,,,False,,60000.0,92.3076923076923,1,20260512,매수,14.61,10.75,202603,-34.21,-17.65,,,,,False,True,True,True,True
388210,씨엠티엑스,KOSDAQ,전기·전자,84300.0,8139.0,9654438.0,-22.97,4.39,-3670.0,19207.0,-19.107617014630083,170300.0,71500.0,14.07862654063262,5987.8,-3737.0,260.2301311212202,2119.0,692.0,571.0,32.0,33.7,518.0,-251.0,1606.0,119.10000000000001,-285.40000000000003,True,692.0,201000.0,138.43416370106763,2,20260428,BUY,7.01,19.41,202603,119.05,205.0,2026.12E,2025.12,20260629,매수,False,True,True,True,True
065350,신성델타테크,KOSDAQ,전기·전자,29600.0,8135.0,27483948.0,37.47,3.27,790.0,9059.0,8.720609338779115,83000.0,27000.0,,,,,,,,,,,,,,,False,,,,0,,,-40.65,6.62,202603,-9.93,-7.14,,,,,False,True,True,True,True
213420,덕산네오룩스,KOSDAQ,전기·전자,32250.0,8008.0,24831179.0,15.06,1.75,2142.0,18395.0,11.644468605599348,57300.0,29600.0,,,,,,,,,,,,,,,False,,63000.0,95.34883720930233,3,20260522,BUY,72.66,92.06,202603,15.76,16.17,,,,,False,True,True,True,True
115180,큐리언트,KOSDAQ,일반서비스,21200.0,7952.0,37511001.0,-25.09,23.45,-845.0,904.0,-93.47345132743364,62900.0,9520.0,,,,,,,,,,,,,,,False,,,,0,,,0.0,1.12,202603,0.0,0.0,,,,,False,True,True,True,True
009240,한샘,KOSPI,유통,33750.0,7943.0,23533928.0,17.16,1.4,1967.0,24081.0,8.168265437481832,54800.0,28300.0,17.9035594928651,1885.1000000000001,9171.0,-79.44498964126049,19912.0,438.0,313.0,4.3,40.300000000000004,312.0,1511.0,19084.0,1504.3000000000002,-343.20000000000005,False,438.0,47250.0,40.0,4,20260513,Buy,56.44,-9.93,202603,-40.79,487.83,2025.12E,2024.12,20250401,중립,False,True,True,True,True
189300,인텔리안테크,KOSDAQ,전기·전자,73700.0,7914.0,10737497.0,106.04,2.82,695.0,26101.0,2.6627332286119305,180200.0,39000.0,24.808967583397852,2970.7000000000003,724.0,310.3176795580111,3834.0,334.0,303.0,20.0,179.70000000000002,120.0,75.0,3196.0,-161.5,-347.8,True,334.0,183750.0,149.3215739484396,4,20260518,BUY,0.0,49.3,202603,0.0,-10.03,2026.12E,2025.12,20260515,매수,True,True,True,True,True
122870,와이지엔터테인먼트,KOSDAQ,오락·문화,42300.0,7906.0,18691049.0,21.43,1.53,1974.0,27689.0,7.129184874860053,109800.0,38800.0,14.108465079047427,2998.2000000000003,1990.0,50.66331658291459,6339.0,773.0,556.0,16.2,8.4,713.0,369.0,5454.0,-447.0,99.30000000000001,True,773.0,73850.0,74.58628841607565,17,20260612,매수,238.5,46.89,202603,0.0,28.84,2026.12E,2025.12,20260508,매수,False,True,True,True,True
137310,에스디바이오센서,KOSPI,의료·정밀기기,6540.0,7897.0,120749102.0,-1.56,0.34,-4193.0,19476.0,-21.529061408913535,10930.0,5850.0,,,,,,,,,,,,,,,False,,,,0,,,0.0,4.43,202603,0.0,0.0,,,,,False,True,True,True,True
161580,필옵틱스,KOSDAQ,기계·장비,33600.0,7877.0,23442247.0,-45.65,6.76,-736.0,4970.0,-14.808853118712273,64900.0,28600.0,-123.62030905077262,-271.8,245.0,-210.93877551020407,1300.0,-146.0,-63.0,-68.4,-205.9,138.0,56.0,4109.0,34.4,-169.9,False,-146.0,,,0,,,0.0,-66.42,202603,0.0,-2.95,2025.12E,2024.12,20251113,중립,False,True,True,True,True
071320,지역난방공사,KOSPI,전기·가스,67600.0,7827.0,11578744.0,2.31,0.34,29268.0,198762.0,14.725148670268965,116700.0,63700.0,,,,,,,,,,,,,,,False,,127500.0,88.6094674556213,2,20260211,BUY,-1.12,-9.05,202603,61.5,21.9,,,,,False,True,True,True,True
048410,현대바이오,KOSDAQ,화학,8040.0,7759.0,96505572.0,-34.21,6.97,-235.0,1153.0,-20.38161318300087,21500.0,4565.0,,,,,,,,,,,,,,,False,,,,0,,,0.0,-54.19,202603,0.0,0.0,,,,,False,True,True,True,True
090360,로보스타,KOSDAQ,기계·장비,78800.0,7683.0,9750000.0,-147.84,8.85,-533.0,8904.0,-5.98607367475292,171600.0,24950.0,,,,,,,,,,,,,,,False,,,,0,,,0.0,77.72,202603,0.0,-41.2,,,,,False,True,True,True,True
397030,에이프릴바이오,KOSDAQ,일반서비스,32700.0,7656.0,23413826.0,36.37,8.06,899.0,4056.0,22.164694280078894,76700.0,16530.0,-771.2264150943395,-42.400000000000006,-429.0,90.11655011655012,,,,,,,,,,,False,,101000.0,208.868501529052,2,20260601,BUY,0.0,0.0,202412,0.0,0.0,2026.12E,2025.12,20260626,매수,False,True,True,True,True
075580,세진중공업,KOSPI,운송장비·부품,13430.0,7635.0,56849456.0,15.07,3.34,891.0,4019.0,22.16969395371983,27400.0,10280.0,,,,,,,,,,,,,,,False,,34000.0,153.1645569620253,1,20260409,매수,-23.38,-11.43,202603,103.97,48.59,,,,,False,True,True,True,True
214320,이노션,KOSPI,일반서비스,18850.0,7540.0,40000000.0,8.22,0.71,2294.0,26618.0,8.61822826658652,22650.0,16730.0,,,,,,,,,,,,,,,False,,25600.0,35.80901856763926,5,20260225,BUY,33.34,4.05,202603,4.59,5.98,,,,,False,True,True,True,True
036830,솔브레인홀딩스,KOSDAQ,일반서비스,36600.0,7504.0,20503981.0,1.57,0.42,23248.0,86410.0,26.9042934845504,80800.0,33950.0,,,,,,,,,,,,,,,False,,,,0,,,-84.19,39.56,202603,0.0,-4.41,,,,,False,True,True,True,True
004490,세방전지,KOSPI,전기·전자,54000.0,7484.0,13860000.0,5.36,0.44,10076.0,121686.0,8.280328057459363,77700.0,48250.0,,,,,,,,,,,,,,,False,,,,0,,,-34.24,-0.32,202603,-14.42,28.03,,,,,False,True,True,True,True
466100,클로봇,KOSDAQ,IT 서비스,29350.0,7472.0,25459239.0,-337.36,12.15,-87.0,2415.0,-3.602484472049689,82300.0,15940.0,,,,,,,,,,,,,,,False,,,,0,,,0.0,64.95,202603,0.0,0.0,,,,,False,True,True,True,True
248070,솔루엠,KOSPI,전기·전자,15600.0,7459.0,47816236.0,60.23,1.56,259.0,9997.0,2.590777233169951,24350.0,14440.0,,,,,,,,,,,,,,,False,,27333.0,75.21153846153847,3,20260526,BUY,88.79,20.34,202603,-32.69,5.46,,,,,False,True,True,True,True
499790,GS피앤엘,KOSPI,금융,37500.0,7437.0,19830841.0,38.38,0.87,977.0,43209.0,2.2611030109467936,67000.0,33300.0,,,,,,,,,,,,,,,False,,71750.0,91.33333333333333,3,20260702,BUY,58.8,37.99,202603,0.0,0.0,,,,,False,True,True,True,True
005690,파미셀,KOSPI,전기·전자,12350.0,7410.0,60004014.0,117.62,8.56,105.0,1442.0,7.281553398058252,21150.0,10380.0,,,,,,,,,,,,,,,False,,22250.0,80.16194331983806,2,20260609,매수,259.23,15.34,202412,259.23,62.23,,,,,False,True,True,True,True
122640,예스티,KOSDAQ,기계·장비,34300.0,7404.0,21585868.0,-1270.37,5.38,-27.0,6379.0,-0.42326383445681137,44000.0,15200.0,,,,,,,,,,,,,,,False,,48000.0,39.94169096209912,1,20260617,BUY,38.11,9.64,202603,-66.32,-22.11,,,,,False,True,True,True,True
252990,샘씨엔에스,KOSDAQ,전기·전자,12200.0,7347.0,60217889.0,0.0,0.0,0.0,0.0,,16960.0,4255.0,,,,,,,,,,,,,,,False,,,,0,,,0.0,0.0,202509,0.0,0.0,,,,,False,True,True,True,True
000670,영풍,KOSPI,금속,39900.0,7346.0,18410683.0,-94.55,0.2,-422.0,195371.0,-0.2159993038884993,73800.0,37000.0,,,,,,,,,,,,,,,False,,,,0,,,0.0,48.83,202603,0.0,0.0,,,,,False,True,True,True,True
079160,CJ CGV,KOSPI,오락·문화,4425.0,7327.0,165582471.0,-5.1,1.28,-868.0,3444.0,-25.203252032520325,6660.0,4210.0,,,,,,,,,,,,,,,False,,5150.0,16.38418079096045,2,20260630,HOLD,172.39,7.46,202603,26.71,27.16,,,,,False,True,True,True,True
356860,티엘비,KOSDAQ,전기·전자,74400.0,7315.0,9832630.0,38.41,5.74,1937.0,12972.0,14.932161578785074,141800.0,21800.0,33.459255261737724,2223.6,371.0,499.3530997304582,2576.0,248.0,216.0,43.1,637.7,34.0,36.0,1800.0,10.3,43.900000000000006,True,248.0,121000.0,62.634408602150536,7,20260612,BUY,472.08,43.11,202603,673.17,197.12,2025.12E,2024.12,20260213,매수,True,True,True,True,True
041830,인바디,KOSDAQ,의료·정밀기기,54000.0,7280.0,13480882.0,23.83,2.27,2266.0,23830.0,9.50902224087285,64200.0,22850.0,,,,,,,,,,,,,,,False,,64500.0,19.444444444444446,1,20260528,매수,86.01,23.14,202603,0.04,-3.32,,,,,False,True,True,True,True
014620,성광벤드,KOSDAQ,금속,27400.0,7277.0,26557364.0,21.57,1.32,1270.0,20691.0,6.137934367599439,53300.0,24850.0,16.112907968244635,1700.5,1297.0,31.11025443330763,2823.0,543.0,452.0,14.9,29.400000000000002,420.0,344.0,2457.0,-0.1,-16.0,True,543.0,51500.0,87.95620437956204,2,20260414,매수,-38.86,-7.16,202603,-0.08,20.37,2026.12E,2025.12,20260618,매수,False,True,True,True,True
003850,보령,KOSPI,제약,8450.0,7249.0,85787207.0,11.3,0.84,748.0,10008.0,7.474020783373302,10800.0,7910.0,,,,,,,,,,,,,,,False,,14000.0,65.68047337278107,1,20260519,매수,84.65,6.15,202603,-7.67,5.39,,,,,False,True,True,True,True
285130,SK케미칼,KOSPI,화학,41900.0,7248.0,17298766.0,18.19,0.36,2304.0,117452.0,1.9616524197118825,81800.0,36600.0,,,,,,,,,,,,,,,False,,80000.0,90.9307875894988,1,20260511,BUY,0.0,22.23,202603,0.0,-21.29,,,,,False,True,True,True,True
032500,케이엠더블유,KOSDAQ,전기·전자,17160.0,7240.0,42191701.0,-25.54,5.34,-672.0,3211.0,-20.928059794456555,40000.0,11090.0,,,,,,,,,,,,,,,False,,70000.0,307.92540792540797,1,20260519,BUY,0.0,-17.78,202603,0.0,0.0,,,,,False,True,True,True,True
445680,큐리옥스바이오시스템즈,KOSDAQ,의료·정밀기기,42050.0,7234.0,17203255.0,-25.56,13.63,-1645.0,3084.0,-53.33981841763943,149200.0,35350.0,,,,,,,,,,,,,,,False,,,,0,,,0.0,43.72,202603,0.0,0.0,,,,,False,True,True,True,True
006650,대한유화,KOSPI,화학,110800.0,7202.0,6500000.0,22.71,0.37,4878.0,297102.0,1.6418603711856532,202500.0,89000.0,6.932495761041626,15982.7,5134.0,211.3108687183483,41995.0,2359.0,987.0,25.400000000000002,347.90000000000003,527.0,317.0,33478.0,-187.9,-471.8,True,2359.0,235000.0,112.09386281588448,3,20260430,BUY,0.0,14.22,202603,0.0,0.0,2026.12E,2025.12,20260609,매수,True,True,True,True,True
032190,다우데이타,KOSDAQ,유통,18680.0,7154.0,38300000.0,3.27,0.44,5713.0,42047.0,13.587176255143055,31450.0,14950.0,,,,,,,,,,,,,,,False,,,,0,,,85.04,148.6,202603,32.67,33.07,,,,,False,True,True,True,True
298050,HS효성첨단소재,KOSPI,화학,159500.0,7146.0,4479948.0,-33.02,0.88,-4830.0,180761.0,-2.672036556558107,282000.0,152100.0,,,,,,,,,,,,,,,False,,282500.0,77.11598746081505,3,20260629,BUY,-29.94,-2.87,202603,-28.35,-15.63,,,,,False,True,True,True,True
025540,한국단자,KOSPI,전기·전자,69600.0,7040.0,10115000.0,6.7,0.61,10383.0,114828.0,9.042219667676873,94000.0,58300.0,,,,,,,,,,,,,,,False,,,,0,,,-9.92,-5.65,202603,-18.71,36.17,,,,,False,True,True,True,True
064960,SNT모티브,KOSPI,운송장비·부품,26500.0,7033.0,26540272.0,10.1,0.62,2623.0,42534.0,6.166831240889641,40800.0,25200.0,6.691919191919192,3960.0,2921.3,35.556088042994546,10207.0,1071.0,944.0,1.4000000000000001,4.5,1026.0,696.0,10064.0,4.5,-33.300000000000004,True,1071.0,50000.0,88.67924528301887,1,20260608,매수,-6.41,-4.68,202603,4.51,-2.38,2026.12E,2025.12,20260605,매수,False,True,True,True,True
003160,디아이,KOSPI,의료·정밀기기,24700.0,6990.0,28300000.0,137.22,3.93,180.0,6287.0,2.8630507396214413,41700.0,12480.0,,,,,,,,,,,,,,,False,,44000.0,78.13765182186235,1,20260513,BUY,90.14,-3.95,202603,1084.8,330.01,,,,,False,True,True,True,True
490470,세미파이브,KOSDAQ,일반서비스,20500.0,6975.0,34025440.0,-10.36,3.15,-1978.0,6513.0,-30.370029172424385,51300.0,18250.0,,,,,,,,,,,,,,,False,,52000.0,153.65853658536585,1,20260512,매수,0.0,136.81,202603,0.0,0.0,,,,,False,True,True,True,True
295310,에이치브이엠,KOSDAQ,금속,57400.0,6915.0,12046581.0,-73.31,10.33,-783.0,5555.0,-14.095409540954096,144000.0,21950.0,37.7085796872947,1522.2,1060.0,43.60377358490567,1051.0,216.0,183.0,58.0,270.6,58.0,126.0,665.0,-186.0,-250.3,True,216.0,127500.0,122.12543554006969,1,20260518,매수,0.0,8.88,202412,0.0,49.08,2026.12E,2025.12,20260612,매수,True,True,True,True,True
035760,CJ ENM,KOSDAQ,오락·문화,31400.0,6886.0,21929154.0,23.35,0.23,1345.0,134461.0,1.0002900469281055,82300.0,30050.0,10.115327620642999,3104.2000000000003,1422.0,118.29817158931084,54005.0,1692.0,644.0,5.2,27.400000000000002,1329.0,295.0,51345.0,27.200000000000003,-105.9,True,1692.0,74857.0,138.3980891719745,11,20260511,BUY,107.19,16.81,202603,27.19,9.06,2026.12E,2025.12,20260508,매수,False,True,True,True,True
000370,한화손해보험,KOSPI,보험,5880.0,6864.0,116738915.0,3.04,0.34,1932.0,17378.0,11.1175048912418,10800.0,5090.0,,,,,,,,,,,,,,,False,,8560.0,45.57823129251701,5,20260521,BUY,-21.4,17.68,202603,-1.41,30.13,,,,,False,True,True,True,True
093050,LF,KOSPI,섬유·의류,23450.0,6857.0,29240000.0,6.93,0.38,3382.0,61158.0,5.529938846921089,26450.0,17010.0,,,,,,,,,,,,,,,False,,30000.0,27.931769722814497,1,20260211,매수,47.53,7.36,202603,33.27,28.03,,,,,False,True,True,True,True
052400,코나아이,KOSDAQ,IT 서비스,47050.0,6852.0,14563291.0,9.21,2.61,5110.0,17996.0,28.395198933096243,72500.0,37600.0,,,,,,,,,,,,,,,False,,96500.0,105.10095642933051,1,20260507,매수,95.38,31.97,202603,166.05,44.74,,,,,False,True,True,True,True
090460,비에이치,KOSPI,전기·전자,19960.0,6729.0,33711538.0,22.03,0.87,906.0,23055.0,3.929733246584255,43400.0,12450.0,,,,,,,,,,,,,,,False,,39800.0,99.39879759519037,9,20260629,BUY,0.0,11.77,202603,-37.99,-23.58,,,,,False,True,True,True,True
064290,인텍플러스,KOSDAQ,기계·장비,51800.0,6671.0,12877578.0,-201.56,13.76,-257.0,3765.0,-6.826029216467464,53200.0,8180.0,,,,,,,,,,,,,,,False,,54667.0,5.5347490347490345,2,20260703,BUY,0.0,-11.12,202603,0.0,0.0,,,,,False,True,True,True,True
006730,서부T&D,KOSDAQ,일반서비스,10220.0,6636.0,64926923.0,8.47,0.61,1206.0,16666.0,7.236289451578064,20450.0,8220.0,,,,,,,,,,,,,,,False,,18667.0,82.65166340508806,3,20260702,BUY,37.29,48.26,202603,46.38,56.5,,,,,False,True,True,True,True
094170,동운아나텍,KOSDAQ,전기·전자,31650.0,6618.0,20909936.0,0.0,0.0,0.0,0.0,,56400.0,16280.0,,,,,,,,,,,,,,,False,,,,0,,,0.0,0.0,202509,0.0,0.0,,,,,False,True,True,True,True
010780,아이에스동서,KOSPI,비금속,21900.0,6611.0,30186976.0,-12.29,0.52,-1782.0,41857.0,-4.257352414172062,34450.0,17150.0,,,,,,,,,,,,,,,False,,31000.0,41.55251141552511,1,20260619,BUY,264.99,46.09,202603,-59.85,-37.11,,,,,False,True,True,True,True
253450,스튜디오드래곤,KOSDAQ,오락·문화,21800.0,6553.0,30058498.0,63.56,0.82,343.0,26623.0,1.2883596889907223,51600.0,19610.0,20.667425104285172,1054.8,343.0,207.5218658892128,6382.0,508.0,317.0,20.3,67.5,304.0,103.0,5307.0,-16.6,-69.2,True,508.0,50071.0,129.6834862385321,11,20260511,BUY,50.11,16.05,202603,-16.58,-21.92,2026.12E,2025.12,20260508,매수,False,True,True,True,True
050890,쏠리드,KOSDAQ,전기·전자,10780.0,6550.0,60756534.0,18.06,1.83,597.0,5886.0,10.142711518858308,20900.0,6090.0,16.541353383458645,651.7,610.0,6.836065573770498,3192.0,397.0,391.0,8.3,19.400000000000002,333.0,364.0,2948.0,-5.300000000000001,-21.1,True,397.0,27333.0,153.55287569573284,3,20260522,매수,0.0,14.32,202603,-5.29,6.15,2026.12E,2025.12,20260504,매수,False,True,True,True,True
002350,넥센타이어,KOSPI,화학,6700.0,6544.0,97667877.0,4.63,0.34,1448.0,19967.0,7.251965743476736,10110.0,5620.0,4.253158128610423,1575.3000000000002,1473.2,6.9304914471898,34232.0,1860.0,1626.0,7.300000000000001,9.200000000000001,1703.0,1508.0,31896.0,-1.1,19.400000000000002,True,1860.0,9471.0,41.35820895522388,7,20260506,매수,33.14,8.7,202603,-1.07,-3.0,2026.12E,2025.12,20260507,중립,False,True,True,True,True
114090,GKL,KOSPI,오락·문화,10580.0,6544.0,61855670.0,13.9,1.48,761.0,7137.0,10.662743449628694,17970.0,10150.0,,,,,,,,,,,,,,,False,,15333.0,44.92438563327032,6,20260615,HOLD,-10.02,0.72,202603,37.37,4.16,,,,,False,True,True,True,True
112040,위메이드,KOSDAQ,IT 서비스,19180.0,6511.0,33948483.0,-35.0,1.59,-548.0,12052.0,-4.546963159641553,34850.0,14020.0,,,,,,,,,,,,,,,False,,30000.0,56.41293013555787,1,20260513,매수,0.0,8.1,202603,51.2,17.07,,,,,False,True,True,True,True
069260,TKG휴켐스,KOSPI,화학,15850.0,6479.0,40878588.0,10.81,0.67,1466.0,23511.0,6.235379184211646,21550.0,14680.0,,,,,,,,,,,,,,,False,,29000.0,82.96529968454259,1,20260617,BUY,20.41,9.52,202603,-18.8,-16.22,,,,,False,True,True,True,True
222080,SFA넥셀,KOSDAQ,기계·장비,8280.0,6440.0,77780144.0,22.32,1.26,371.0,6562.0,5.6537640963121,19880.0,6240.0,,,,,,,,,,,,,,,False,,,,0,,,-87.28,-50.46,202603,-43.53,135.8,,,,,False,True,True,True,True
108320,LX세미콘,KOSPI,전기·전자,39250.0,6384.0,16264300.0,7.72,0.57,5081.0,69207.0,7.341742887280188,67400.0,37300.0,,,,,,,,,,,,,,,False,,60000.0,52.86624203821656,1,20260619,BUY,-65.5,-18.37,202603,-34.85,-21.28,,,,,False,True,True,True,True
376900,로킷헬스케어,KOSDAQ,제약,40050.0,6357.0,15873789.0,-204.34,54.12,-196.0,740.0,-26.486486486486488,153800.0,14120.0,,,,,,,,,,,,,,,False,,,,0,,,0.0,118.08,202603,0.0,0.0,,,,,False,True,True,True,True
053610,프로텍,KOSDAQ,기계·장비,70400.0,6336.0,9000000.0,16.25,1.82,4331.0,38739.0,11.179947856165622,101900.0,24300.0,,,,,,,,,,,,,,,False,,,,0,,,428.35,105.28,202603,244.46,50.2,,,,,False,True,True,True,True
001570,금양,KOSPI,화학,9900.0,6333.0,63967196.0,-9.62,1.38,-1029.0,7186.0,-14.319510158641805,9900.0,9900.0,,,,,,,,,,,,,,,False,,,,0,,,0.0,-50.59,202603,0.0,0.0,,,,,False,True,True,True,True
023160,태광,KOSDAQ,금속,24350.0,6299.0,25867242.0,10.1,1.01,2410.0,24145.0,9.981362600952579,51300.0,18660.0,10.398428492121107,2341.7000000000003,2469.0,-5.155933576346688,3498.0,629.0,605.0,17.8,62.300000000000004,387.0,639.0,2970.0,-2.9000000000000004,42.2,False,629.0,58500.0,140.24640657084188,4,20260617,BUY,26.28,31.36,202603,-2.85,-2.16,2026.12E,2025.12,20260618,매수,False,True,True,True,True
000400,롯데손해보험,KOSPI,보험,2025.0,6284.0,310336320.0,0.0,0.0,0.0,0.0,,3280.0,1569.0,,,,,,,,,,,,,,,False,,,,0,,,0.0,0.0,202509,0.0,0.0,,,,,False,True,True,True,True
002960,한국쉘석유,KOSPI,화학,481000.0,6253.0,1300000.0,17.06,4.91,28196.0,97904.0,28.799640464128125,620000.0,401000.0,,,,,,,,,,,,,,,False,,,,0,,,8.65,2.09,202412,8.65,7.14,,,,,False,True,True,True,True
317450,명인제약,KOSPI,제약,42700.0,6234.0,14600000.0,6.36,0.78,6713.0,54409.0,12.338032310830929,134500.0,39100.0,,,,,,,,,,,,,,,False,,,,0,,,15.4,2.68,202603,-0.28,6.94,,,,,False,True,True,True,True
002020,코오롱,KOSPI,금융,48000.0,6196.0,12907680.0,-4.15,0.36,-11553.0,132503.0,-8.71904787061425,88200.0,35300.0,,,,,,,,,,,,,,,False,,100000.0,108.33333333333333,1,20260518,BUY,158.3,7.72,202603,0.0,-22.91,,,,,False,True,True,True,True
456160,지투지바이오,KOSDAQ,제약,37250.0,6194.0,16629426.0,-2.63,-1.94,-14150.0,-19236.0,73.55999168226242,248000.0,34900.0,,,,,,,,,,,,,,,False,,,,0,,,0.0,3.93,202412,0.0,0.0,,,,,False,True,True,True,True
006380,카프로,KOSPI,화학,3660.0,6185.0,168999996.0,12.75,7.01,287.0,522.0,54.98084291187739,3660.0,3660.0,,,,,,,,,,,,,,,False,,,,0,,,0.0,-90.64,202412,0.0,0.0,,,,,False,True,True,True,True
005180,빙그레,KOSPI,음식료·담배,66000.0,6118.0,9269031.0,11.46,0.78,5757.0,84119.0,6.843875937659743,95900.0,61500.0,,,,,,,,,,,,,,,False,,,,0,,,2.28,1.26,202603,-32.69,56.36,,,,,False,True,True,True,True
045100,한양이엔지,KOSDAQ,일반서비스,34800.0,6090.0,17500000.0,15.0,0.91,2320.0,38303.0,6.056966817220584,39400.0,17840.0,,,,,,,,,,,,,,,False,,,,0,,,88.64,26.9,202603,-37.69,-7.77,,,,,False,True,True,True,True
007700,F&F홀딩스,KOSPI,금융,15560.0,6086.0,39114367.0,4.84,0.26,3214.0,59179.0,5.430980584328901,23350.0,13960.0,,,,,,,,,,,,,,,False,,,,0,,,26.06,10.91,202603,4.28,-3.0,,,,,False,True,True,True,True
001680,대상,KOSPI,음식료·담배,17490.0,6060.0,34648025.0,-2.07,0.59,-8447.0,29733.0,-28.409511317391452,24700.0,15880.0,,,,,,,,,,,,,,,False,,,,0,,,0.39,-1.82,202603,-4.33,9.02,,,,,False,True,True,True,True
126340,비나텍,KOSDAQ,전기·전자,84400.0,6060.0,7180414.0,-95.05,7.08,-888.0,11920.0,-7.449664429530202,204500.0,27200.0,,,,,,,,,,,,,,,False,,,,0,,,0.0,61.16,202603,0.0,-22.51,,,,,False,True,True,True,True
001060,JW중외제약,KOSPI,제약,25850.0,6019.0,23285930.0,10.47,1.69,2470.0,15290.0,16.15434924787443,39250.0,20700.0,,,,,,,,,,,,,,,False,,,,0,,,52.58,7.91,202603,14.52,18.69,,,,,False,True,True,True,True
005880,대한해운,KOSPI,운송·창고,1859.0,6000.0,322747340.0,3.33,0.28,559.0,6684.0,8.36325553560742,3385.0,1639.0,3.3543846986647416,554.2,560.0,-1.0357142857142776,12149.0,2512.0,1789.0,-4.9,21.3,2072.0,1802.0,12770.0,-37.0,11.200000000000001,False,2512.0,2680.0,44.163528778913395,5,20260630,BUY,16.49,-15.95,202603,-36.96,-4.03,2026.12E,2025.12,20260601,매수,False,True,True,True,True
383310,에코프로에이치엔,KOSDAQ,화학,28600.0,5999.0,20974932.0,45.4,1.97,630.0,14535.0,4.3343653250774,46900.0,22050.0,,,,,,,,,,,,,,,False,,,,0,,,47.69,0.68,202603,-51.67,-30.94,,,,,False,True,True,True,True
053800,안랩,KOSDAQ,IT 서비스,53900.0,5997.0,11126506.0,11.05,1.3,4878.0,41556.0,11.738377129656367,75000.0,51000.0,,,,,,,,,,,,,,,False,,,,0,,,84.32,3.28,202603,20.21,7.63,,,,,False,True,True,True,True
002840,미원상사,KOSPI,화학,125800.0,5976.0,4750000.0,13.73,1.37,9162.0,91715.0,9.98964182521943,171500.0,109100.0,,,,,,,,,,,,,,,False,,,,0,,,-27.12,8.38,202603,-27.26,-16.94,,,,,False,True,True,True,True
046890,서울반도체,KOSDAQ,전기·전자,10250.0,5976.0,58305400.0,-11.62,0.93,-882.0,10993.0,-8.023287546620576,18960.0,5730.0,,,,,,,,,,,,,,,False,,,,0,,,0.0,-0.44,202603,0.0,0.0,,,,,False,True,True,True,True
160190,하이젠알앤엠,KOSDAQ,전기·전자,19320.0,5968.0,30888000.0,-84.37,5.28,-229.0,3657.0,-6.26196335794367,91200.0,17970.0,,,,,,,,,,,,,,,False,,,,0,,,0.0,2.56,202603,0.0,-3.96,,,,,False,True,True,True,True
001510,SK증권,KOSPI,증권,2580.0,5967.0,231295085.0,21.32,0.89,121.0,2884.0,4.195561719833565,6190.0,609.0,,,,,,,,,,,,,,,False,,,,0,,,5265.89,157.92,202603,0.0,-8.92,,,,,False,True,True,True,True
001270,부국증권,KOSPI,증권,57200.0,5932.0,10369886.0,16.76,0.61,3413.0,93587.0,3.646874031649695,104600.0,39500.0,,,,,,,,,,,,,,,False,,,,0,,,-30.05,148.22,202603,54.81,7.4,,,,,False,True,True,True,True
044490,태웅,KOSDAQ,금속,29600.0,5922.0,20007381.0,23.99,0.98,1234.0,30212.0,4.084469747120349,61300.0,22550.0,,,,,,,,,,,,,,,False,,,,0,,,-42.28,-12.94,202412,-42.28,388.39,,,,,False,True,True,True,True
003620,KG모빌리티,KOSPI,운송장비·부품,2925.0,5919.0,202374912.0,12.61,0.4,232.0,7336.0,3.162486368593239,4670.0,2600.0,,,,,,,,,,,,,,,False,,,,0,,,68.78,24.52,202603,2423.23,778.22,,,,,False,True,True,True,True
121600,나노신소재,KOSDAQ,화학,48100.0,5898.0,12262191.0,358.96,2.32,134.0,20762.0,0.6454098834409017,95300.0,44600.0,88.95875716663583,540.7,-155.0,448.83870967741933,1076.0,53.0,65.0,22.6,78.60000000000001,30.0,-19.0,878.0,-74.9,-111.0,True,53.0,110000.0,128.69022869022868,1,20260511,BUY,837.9,46.47,202603,56.68,-15.84,2025.12E,2024.12,20251020,매수,False,True,True,True,True
178920,PI첨단소재,KOSPI,화학,20050.0,5888.0,29366322.0,25.19,1.74,796.0,11507.0,6.917528460936821,32150.0,14880.0,,,,,,,,,,,,,,,False,,32000.0,59.60099750623441,3,20260506,BUY,0.0,15.46,202412,0.0,-10.42,,,,,False,True,True,True,True
102710,이엔에프테크놀로지,KOSDAQ,화학,41150.0,5879.0,14287836.0,11.32,1.31,3635.0,31327.0,11.60340919973186,65000.0,34400.0,10.060386768696672,4090.3,3635.0,12.525447042640995,7214.0,831.0,584.0,7.5,6.5,781.0,519.0,6709.0,31.6,66.9,True,831.0,66000.0,60.388821385176186,2,20260511,BUY,16.11,8.29,202603,31.59,39.01,2026.12E,2025.12,20260629,매수,False,True,True,True,True
006110,삼아알미늄,KOSPI,금속,38850.0,5875.0,15123455.0,-22.96,2.62,-1692.0,14814.0,-11.421628189550425,104600.0,17630.0,,,,,,,,,,,,,,,False,,,,0,,,0.0,2.02,202603,0.0,-27.77,,,,,False,True,True,True,True
383800,LX홀딩스,KOSPI,금융,7680.0,5858.0,76280690.0,4.4,0.3,1744.0,25746.0,6.7738677852870355,10340.0,7060.0,,,,,,,,,,,,,,,False,,,,0,,,-41.72,-34.62,202603,-14.5,14.92,,,,,False,True,True,True,True
041960,코미팜,KOSDAQ,제약,7900.0,5837.0,73886495.0,-79.0,8.17,-100.0,967.0,-10.341261633919338,10790.0,5090.0,,,,,,,,,,,,,,,False,,,,0,,,-40.91,-17.15,202603,-68.34,-22.78,,,,,False,True,True,True,True
033240,자화전자,KOSPI,전기·전자,26900.0,5812.0,21605502.0,12.51,1.24,2150.0,21665.0,9.92384029540734,60000.0,15250.0,,,,,,,,,,,,,,,False,,56000.0,108.17843866171005,1,20260518,BUY,389.02,61.71,202603,-6.59,-2.2,,,,,False,True,True,True,True
476830,알지노믹스,KOSDAQ,일반서비스,41700.0,5810.0,13933842.0,0.0,0.0,0.0,0.0,,245250.0,39950.0,,,,,,,,,,,,,,,False,,,,0,,,0.0,0.0,202509,0.0,0.0,,,,,False,True,True,True,True
093320,케이아이엔엑스,KOSDAQ,IT 서비스,119000.0,5807.0,4880000.0,33.96,2.82,3504.0,42214.0,8.30056379400199,145100.0,79200.0,,,,,,,,,,,,,,,False,,,,0,,,79.53,7.93,202603,0.64,-2.44,,,,,False,True,True,True,True
358570,지아이이노베이션,KOSDAQ,일반서비스,8990.0,5800.0,64516006.0,-8.08,16.56,-1113.0,543.0,-204.97237569060775,22600.0,8610.0,,,,,,,,,,,,,,,False,,,,0,,,0.0,-99.54,202412,0.0,0.0,,,,,False,True,True,True,True
336370,솔루스첨단소재,KOSPI,전기·전자,8250.0,5793.0,70217344.0,-11.21,1.09,-736.0,7584.0,-9.70464135021097,16900.0,6880.0,,,,,,,,,,,,,,,False,,20000.0,142.42424242424244,2,20260429,매수,0.0,22.19,202603,0.0,0.0,,,,,False,True,True,True,True
225570,넥슨게임즈,KOSDAQ,IT 서비스,8790.0,5789.0,65860174.0,-9.36,2.17,-939.0,4052.0,-23.173741362290226,15420.0,7860.0,,,,,,,,,,,,,,,False,,,,0,,,0.0,-19.09,202603,0.0,118.48,,,,,False,True,True,True,True
086900,메디톡스,KOSDAQ,제약,79100.0,5773.0,7298497.0,36.89,1.22,2144.0,64588.0,3.319502074688797,178100.0,73400.0,22.977487291212782,3442.5,2292.8,50.14392882065596,2670.0,291.0,233.0,8.0,71.4,170.0,166.0,2473.0,-16.400000000000002,-2.1,True,291.0,120000.0,51.70670037926675,1,20260527,BUY,34.62,-5.11,202603,-16.44,-20.62,2026.12E,2025.12,20260515,중립,False,True,True,True,True
005090,SGC에너지,KOSPI,전기·가스,40050.0,5771.0,14409333.0,-9.4,0.82,-4259.0,48667.0,-8.751309922534777,70700.0,20150.0,,,,,,,,,,,,,,,False,,67333.0,68.1223470661673,2,20260326,매수,103.63,-1.13,202603,-49.47,-6.99,,,,,False,True,True,True,True
059090,미코,KOSDAQ,전기·전자,17230.0,5758.0,33416778.0,19.51,4.71,883.0,3658.0,24.138873701476214,29250.0,12400.0,,,,,,,,,,,,,,,False,,,,0,,,-46.54,49.81,202603,6.73,56.59,,,,,False,True,True,True,True
476060,온코닉테라퓨틱스,KOSDAQ,일반서비스,12640.0,5740.0,45407840.0,-51.8,9.75,-244.0,1296.0,-18.82716049382716,70800.0,11760.0,,,,,,,,,,,,,,,False,,30000.0,137.34177215189874,1,20260512,BUY,0.0,-29.53,202412,0.0,0.0,,,,,False,True,True,True,True
171090,선익시스템,KOSDAQ,기계·장비,56700.0,5728.0,10102626.0,5.61,3.48,10110.0,16300.0,62.02453987730061,144000.0,34000.0,,,,,,,,,,,,,,,False,,131000.0,131.0405643738977,3,20260702,BUY,0.0,1.29,202603,1310.54,436.85,,,,,False,True,True,True,True
102940,코오롱생명과학,KOSDAQ,제약,43750.0,5727.0,13090603.0,21.86,0.97,2001.0,45249.0,4.422197175628191,72700.0,27600.0,,,,,,,,,,,,,,,False,,,,0,,,3839.04,10.76,202603,0.0,0.0,,,,,False,True,True,True,True
170920,엘티씨,KOSDAQ,화학,54100.0,5715.0,10564126.0,112.71,4.32,480.0,12514.0,3.835704011507112,60700.0,10400.0,,,,,,,,,,,,,,,False,,60000.0,10.905730129390019,1,20260602,매수,92.04,30.27,202603,22.52,7.51,,,,,False,True,True,True,True
453340,현대그린푸드,KOSPI,유통,17580.0,5709.0,32471587.0,6.67,0.78,2635.0,22435.0,11.745041230220638,19690.0,14650.0,,,,,,,,,,,,,,,False,,,,0,,,43.93,8.92,202603,10.47,19.86,,,,,False,True,True,True,True
017940,E1,KOSPI,유통,83000.0,5694.0,6860000.0,5.43,0.24,15276.0,349725.0,4.368003431267424,114500.0,71000.0,,,,,,,,,,,,,,,False,,145000.0,74.69879518072288,1,20260327,BUY,0.0,29.63,202603,45.03,39.42,,,,,False,True,True,True,True
014820,동원시스템즈,KOSPI,화학,19510.0,5656.0,28991282.0,10.63,0.66,1835.0,29468.0,6.227093796660784,32600.0,17520.0,,,,,,,,,,,,,,,False,,,,0,,,3.91,0.3,202603,-28.02,-8.77,,,,,False,True,True,True,True
100840,SNT에너지,KOSPI,기계·장비,27250.0,5636.0,20680783.0,6.68,1.48,4080.0,18458.0,22.104236645357027,67900.0,25100.0,,,,,,,,,,,,,,,False,,52000.0,90.82568807339449,1,20260619,BUY,77.06,7.21,202603,400.52,296.98,,,,,False,True,True,True,True
067160,SOOP,KOSDAQ,IT 서비스,48750.0,5604.0,11494767.0,5.5,1.11,8860.0,43822.0,20.21815526447903,97800.0,44700.0,5.620633200359721,8673.4,9556.0,-9.236082042695692,4531.0,1025.0,924.0,-2.9000000000000004,-17.900000000000002,1248.0,1018.0,4666.0,10.0,0.6000000000000001,False,1025.0,74167.0,52.1374358974359,6,20260504,BUY,-24.06,-1.52,202603,9.99,15.08,2026.12E,2025.12,20260625,중립,False,True,True,True,True
000640,동아쏘시오홀딩스,KOSPI,금융,82800.0,5575.0,6732527.0,6.13,0.48,13508.0,171401.0,7.880934183581193,125500.0,74500.0,,,,,,,,,,,,,,,False,,150000.0,81.15942028985508,1,20260528,매수,-5.96,6.88,202603,19.1,42.99,,,,,False,True,True,True,True
037460,삼지전자,KOSDAQ,전기·전자,33900.0,5532.0,16318522.0,7.31,1.04,4636.0,32565.0,14.236143098418546,64500.0,10900.0,,,,,,,,,,,,,,,False,,,,0,,,1240.31,113.54,202603,40.51,25.51,,,,,False,True,True,True,True
027360,아주IB투자,KOSDAQ,금융,4550.0,5512.0,121145406.0,65.94,2.04,69.0,2227.0,3.0983385720700496,19950.0,1913.0,,,,,,,,,,,,,,,False,,,,0,,,943.48,9.8,202603,41.75,84.98,,,,,False,True,True,True,True
052020,에스티큐브,KOSDAQ,유통,8100.0,5507.0,67983291.0,-25.23,7.63,-321.0,1062.0,-30.225988700564972,22500.0,6540.0,,,,,,,,,,,,,,,False,,,,0,,,0.0,-24.63,202603,0.0,0.0,,,,,False,True,True,True,True
079900,전진건설로봇,KOSPI,기계·장비,37600.0,5487.0,14592545.0,17.4,3.51,2161.0,10701.0,20.194374357536677,74350.0,35400.0,,,,,,,,,,,,,,,False,,72000.0,91.48936170212765,1,20260407,BUY,-50.82,-5.85,202603,-8.38,1.57,,,,,False,True,True,True,True
268280,미원에스씨,KOSPI,화학,109300.0,5465.0,5000000.0,8.91,1.18,12261.0,92934.0,13.193233907934662,157900.0,89600.0,,,,,,,,,,,,,,,False,,,,0,,,7.18,2.47,202603,11.43,33.39,,,,,False,True,True,True,True
336570,원텍,KOSDAQ,의료·정밀기기,6100.0,5464.0,89580646.0,15.52,3.46,393.0,1764.0,22.27891156462585,13410.0,5210.0,11.694785276073619,521.6,393.0,32.72264631043257,1960.0,571.0,465.0,25.0,10.4,517.0,352.0,1568.0,48.6,21.0,True,571.0,11000.0,80.32786885245902,2,20260414,BUY,-23.03,7.57,202603,48.57,32.07,2026.12E,2025.12,20260515,매수,False,True,True,True,True
033790,피노,KOSDAQ,전기·전자,6400.0,5333.0,83321887.0,-52.03,2.6,-123.0,2462.0,-4.995938261575954,19150.0,3445.0,,,,,,,,,,,,,,,False,,,,0,,,0.0,340.31,202412,0.0,-7.99,,,,,False,True,True,True,True
251970,펌텍코리아,KOSDAQ,화학,43000.0,5332.0,12400000.0,15.48,1.81,2778.0,23753.0,11.695364796025764,77000.0,31400.0,,,,,,,,,,,,,,,False,,52333.0,21.704651162790697,3,20260609,BUY,-3.49,0.02,202603,16.77,29.06,,,,,False,True,True,True,True
016380,KG스틸,KOSPI,금속,5330.0,5330.0,100008897.0,3.95,0.25,1350.0,21234.0,6.357728171799944,7900.0,4950.0,,,,,,,,,,,,,,,False,,7650.0,43.52720450281426,3,20260702,BUY,-66.99,-0.9,202603,-26.83,-23.66,,,,,False,True,True,True,True
174900,앱클론,KOSDAQ,제약,26650.0,5317.0,19952129.0,0.0,0.0,0.0,0.0,,95800.0,9770.0,,,,,,,,,,,,,,,False,,,,0,,,0.0,0.0,202509,0.0,0.0,,,,,False,True,True,True,True
124500,아이티센글로벌,KOSDAQ,IT 서비스,22900.0,5314.0,23204527.0,11.39,4.24,2010.0,5404.0,37.19467061435973,75500.0,13990.0,,,,,,,,,,,,,,,False,,,,0,,,193.07,100.92,202603,377.98,156.71,,,,,False,True,True,True,True
001500,현대차증권,KOSPI,증권,8570.0,5299.0,61833044.0,8.63,0.33,993.0,26343.0,3.769502334586038,14880.0,7560.0,,,,,,,,,,,,,,,False,,,,0,,,19.23,98.14,202603,32.11,-9.03,,,,,False,True,True,True,True
089890,코세스,KOSDAQ,기계·장비,31900.0,5291.0,16584962.0,40.08,6.88,796.0,4635.0,17.173678532901835,51400.0,6840.0,,,,,,,,,,,,,,,False,,,,0,,,-63.07,-32.9,202603,0.0,-2.06,,,,,False,True,True,True,True
033500,동성화인텍,KOSDAQ,화학,17620.0,5284.0,29989494.0,9.46,2.04,1863.0,8649.0,21.54006243496358,34300.0,15990.0,,,,,,,,,,,,,,,False,,33000.0,87.28717366628831,1,20260414,매수,58.42,-1.88,202603,34.4,77.02,,,,,False,True,True,True,True
348370,엔켐,KOSDAQ,화학,24100.0,5281.0,21910993.0,-7.65,1.12,-3152.0,21543.0,-14.631202710857355,105000.0,22450.0,,,,,,,,,,,,,,,False,,,,0,,,0.0,23.29,202603,0.0,-27.32,,,,,False,True,True,True,True
060250,NHN KCP,KOSDAQ,금융,13000.0,5221.0,40160611.0,11.52,1.66,1128.0,7810.0,14.443021766965428,25500.0,10700.0,,,,,,,,,,,,,,,False,,23667.0,82.05384615384615,3,20260608,BUY,26.37,22.7,202603,24.91,8.06,,,,,False,True,True,True,True
035890,서희건설,KOSDAQ,건설,2260.0,5194.0,229808457.0,4.26,0.39,530.0,5846.0,9.066028053369827,4000.0,1547.0,,,,,,,,,,,,,,,False,,,,0,,,-79.45,-33.21,202603,-38.75,-8.23,,,,,False,True,True,True,True
376300,디어유,KOSDAQ,IT 서비스,21850.0,5187.0,23738406.0,27.83,2.47,785.0,8842.0,8.878081881927166,62300.0,19220.0,13.606077588890964,1605.9,785.0,104.57324840764332,988.0,,,,,,,838.0,,,False,,46900.0,114.64530892448512,10,20260518,BUY,76.91,33.4,202603,23.52,29.36,2026.12E,2025.12,20260506,매수,False,True,True,True,True
036810,에프에스티,KOSDAQ,전기·전자,23950.0,5185.0,21649789.0,-43.08,2.04,-556.0,11742.0,-4.735138817918583,51000.0,18300.0,,,,,,,,,,,,,,,False,,48000.0,100.41753653444675,1,20260406,BUY,-48.42,1.55,202603,0.0,0.0,,,,,False,True,True,True,True
249420,일동제약,KOSPI,제약,16370.0,5179.0,31638252.0,17.56,2.09,932.0,7821.0,11.916634701444828,45050.0,12850.0,,,,,,,,,,,,,,,False,,38000.0,132.13194868662185,2,20260528,매수,119.97,4.43,202603,48.47,16.16,,,,,False,True,True,True,True
056080,유진로봇,KOSDAQ,기계·장비,13430.0,5135.0,38235486.0,-158.0,14.11,-85.0,952.0,-8.928571428571429,49450.0,9650.0,,,,,,,,,,,,,,,False,,,,0,,,0.0,35.12,202412,0.0,0.0,,,,,False,True,True,True,True
003300,한일홀딩스,KOSPI,비금속,16580.0,5112.0,30831444.0,16.19,0.3,1024.0,54474.0,1.8797958659176857,23800.0,15250.0,,,,,,,,,,,,,,,False,,,,0,,,-2.04,-3.62,202603,-55.88,16.16,,,,,False,True,True,True,True
033640,네패스,KOSDAQ,전기·전자,22150.0,5108.0,23059202.0,30.81,4.13,719.0,5360.0,13.414179104477611,41150.0,10170.0,,,,,,,,,,,,,,,False,,36000.0,62.528216704288944,1,20260520,BUY,198.98,3.55,202603,598.49,177.42,,,,,False,True,True,True,True
009410,태영건설,KOSPI,건설,1714.0,5101.0,297590078.0,7.94,0.84,216.0,2037.0,10.603829160530191,2920.0,1510.0,,,,,,,,,,,,,,,False,,,,0,,,14.28,-44.15,202603,155.73,51.91,,,,,False,True,True,True,True
039130,하나투어,KOSPI,일반서비스,32850.0,5088.0,15489932.0,16.13,3.34,2036.0,9827.0,20.718428818561108,58600.0,30550.0,,,,,,,,,,,,,,,False,,51800.0,57.68645357686454,4,20260626,BUY,36.48,3.79,202603,13.17,20.91,,,,,False,True,True,True,True
009520,포스코엠텍,KOSDAQ,금속,12180.0,5072.0,41642703.0,870.0,4.53,14.0,2687.0,0.5210271678451805,23100.0,11370.0,,,,,,,,,,,,,,,False,,,,0,,,-68.3,1.53,202412,-68.3,-52.96,,,,,False,True,True,True,True
389470,인벤티지랩,KOSDAQ,일반서비스,38100.0,5070.0,13307708.0,-49.87,7.38,-764.0,5163.0,-14.797598295564592,101700.0,28550.0,,,,,,,,,,,,,,,False,,,,0,,,0.0,132.27,202603,0.0,0.0,,,,,False,True,True,True,True
082270,젬백스,KOSDAQ,기계·장비,11400.0,5047.0,44269203.0,-41.76,8.44,-273.0,1351.0,-20.207253886010363,62400.0,10800.0,,,,,,,,,,,,,,,False,,,,0,,,0.0,47.56,202603,0.0,0.0,,,,,False,True,True,True,True
211050,인카금융서비스,KOSDAQ,금융,10220.0,5035.0,49263657.0,7.25,2.33,1410.0,4391.0,32.11113641539512,17330.0,8100.0,,,,,,,,,,,,,,,False,,12000.0,17.416829745596868,1,20260415,Trading BUY,22.99,30.91,202603,9.94,55.07,,,,,False,True,True,True,True
094800,맵스리얼티,KOSPI, ,5410.0,5022.0,92834331.0,0.0,0.0,0.0,0.0,,8190.0,4345.0,,,,,,,,,,,,,,,False,,,,0,,,,,,,,,,,,False,True,True,True,True
284740,쿠쿠홈시스,KOSPI,일반서비스,22350.0,5015.0,22437330.0,4.2,0.46,5327.0,48373.0,11.01234159551816,31650.0,20150.0,,,,,,,,,,,,,,,False,,,,0,,,-7.92,0.71,202603,-0.36,12.58,,,,,False,True,True,True,True
008060,대덕,KOSPI,금융,16000.0,5006.0,31287098.0,158.42,0.9,101.0,17702.0,0.570556999209129,24350.0,7700.0,,,,,,,,,,,,,,,False,,,,0,,,0.0,47.16,202603,34.41,-40.94,,,,,False,True,True,True,True
161000,애경케미칼,KOSPI,화학,10220.0,4972.0,48648709.0,-167.54,0.69,-61.0,14791.0,-0.4124129538232709,19960.0,8430.0,,,,,,,,,,,,,,,False,,,,0,,,66.98,0.16,202603,0.0,-39.43,,,,,False,True,True,True,True
005810,풍산홀딩스,KOSPI,금융,34450.0,4967.0,14417292.0,6.67,0.41,5163.0,84683.0,6.0968553310581814,60900.0,33200.0,,,,,,,,,,,,,,,False,,50500.0,46.589259796806964,1,20260612,BUY,107.19,23.63,202603,-36.23,0.94,,,,,False,True,True,True,True
015750,성우하이텍,KOSDAQ,운송장비·부품,6180.0,4944.0,80000000.0,2.93,0.29,2110.0,21208.0,9.949075820445115,11990.0,5390.0,,,,,,,,,,,,,,,False,,,,0,,,-6.45,1.97,202603,17.88,49.27,,,,,False,True,True,True,True
365340,성일하이텍,KOSDAQ,화학,38250.0,4942.0,12921115.0,-6.01,3.68,-6364.0,10382.0,-61.29840107879021,85500.0,33500.0,,,,,,,,,,,,,,,False,,79000.0,106.5359477124183,4,20260615,BUY,0.0,82.46,202603,0.0,0.0,,,,,False,True,True,True,True
077360,덕산하이메탈,KOSDAQ,전기·전자,10750.0,4884.0,45437002.0,-4.61,2.37,-2333.0,4544.0,-51.342429577464785,21100.0,4035.0,,,,,,,,,,,,,,,False,,22000.0,104.65116279069768,2,20260424,BUY,0.0,55.6,202603,-84.91,-28.3,,,,,False,True,True,True,True
005250,녹십자홀딩스,KOSPI,일반서비스,10380.0,4882.0,47028210.0,-7.4,0.52,-1403.0,19826.0,-7.076566125290023,18010.0,9490.0,,,,,,,,,,,,,,,False,,,,0,,,0.0,8.13,202603,0.0,0.0,,,,,False,True,True,True,True
451060,1Q 200액티브,KOSPI,ETF(Active/수익증권),42040.0,4856.0,11550000.0,0.0,0.0,0.0,0.0,,49020.0,13330.0,,,,,,,,,,,,,,,False,,,,0,,,,,,,,,,,,False,True,True,True,True
372320,큐로셀,KOSDAQ,일반서비스,31850.0,4849.0,15225918.0,-9.85,91.52,-3232.0,348.0,-928.735632183908,66000.0,26550.0,,,,,,,,,,,,,,,False,,80000.0,151.1773940345369,1,20260430,매수,0.0,0.0,202603,0.0,0.0,,,,,False,True,True,True,True
348210,넥스틴,KOSDAQ,기계·장비,45950.0,4814.0,10477005.0,-195.53,3.12,-235.0,14724.0,-1.596033686498234,100400.0,40600.0,329.62697274031564,139.4,-240.0,158.08333333333334,913.0,51.0,14.0,36.5,-536.8000000000001,-12.0,-25.0,669.0,-102.5,-106.4,True,51.0,98333.0,113.99999999999999,3,20260519,Buy,0.0,-53.59,202603,0.0,-2.03,2026.12E,2025.12,20260402,매수,False,True,True,True,True
377740,바이오노트,KOSPI,제약,4690.0,4778.0,101886048.0,-5.47,0.31,-857.0,15047.0,-5.6954874725858975,6320.0,4240.0,,,,,,,,,,,,,,,False,,,,0,,,35.16,14.49,202603,36.76,12.25,,,,,False,True,True,True,True
486990,노타,KOSDAQ,IT 서비스,22350.0,4771.0,21346230.0,-22.85,17.35,-978.0,1288.0,-75.93167701863354,65300.0,18560.0,,,,,,,,,,,,,,,False,,,,0,,,0.0,5257.3,202603,0.0,0.0,,,,,False,True,True,True,True
002240,고려제강,KOSPI,금속,17660.0,4768.0,27000000.0,49.61,0.26,356.0,67342.0,0.5286448278934395,28300.0,16560.0,,,,,,,,,,,,,,,False,,,,0,,,-14.79,-2.26,202603,55.98,-18.49,,,,,False,True,True,True,True
462900,KoAct 바이오헬스케어액티브,KOSPI,ETF(Active/수익증권),16330.0,4768.0,29200000.0,0.0,0.0,0.0,0.0,,25685.0,14705.0,,,,,,,,,,,,,,,False,,,,0,,,,,,,,,,,,False,True,True,True,True
058650,세아홀딩스,KOSPI,금속,112200.0,4760.0,4242236.0,6.95,0.2,16154.0,569956.0,2.8342538722287336,184800.0,105000.0,,,,,,,,,,,,,,,False,,194667.0,73.5,2,20260313,BUY,48.41,11.82,202603,76.91,9.56,,,,,False,True,True,True,True
101160,월덱스,KOSDAQ,전기·전자,28800.0,4755.0,16510993.0,11.6,1.37,2482.0,20992.0,11.823551829268293,35400.0,20050.0,,,,,,,,,,,,,,,False,,,,0,,,-3.27,-6.76,202603,-16.73,6.53,,,,,False,True,True,True,True
425420,티에프이,KOSDAQ,전기·전자,38400.0,4741.0,12347181.0,24.4,4.08,1574.0,9411.0,16.72510891509935,77700.0,27950.0,,,,,,,,,,,,,,,False,,,,0,,,12.01,46.82,202603,334.0,107.74,,,,,False,True,True,True,True
001530,DI동일,KOSPI,유통,22800.0,4723.0,20715621.0,-49.35,0.91,-462.0,25027.0,-1.8460063131817634,44050.0,15730.0,,,,,,,,,,,,,,,False,,40000.0,75.43859649122807,1,20251230,BUY,-56.87,4.48,202603,0.0,-20.67,,,,,False,True,True,True,True
272290,이녹스첨단소재,KOSDAQ,전기·전자,23650.0,4715.0,19937509.0,8.24,1.13,2871.0,20895.0,13.740129217516154,44400.0,21650.0,,,,,,,,,,,,,,,False,,45000.0,90.27484143763213,1,20260414,매수,-35.96,-15.91,202603,-5.63,14.55,,,,,False,True,True,True,True
030520,한글과컴퓨터,KOSDAQ,IT 서비스,19390.0,4688.0,24179744.0,13.64,1.26,1422.0,15357.0,9.259621019730416,31150.0,15620.0,,,,,,,,,,,,,,,False,,,,0,,,2.13,4.43,202603,-9.96,14.96,,,,,False,True,True,True,True
145990,삼양사,KOSPI,음식료·담배,45400.0,4682.0,10313449.0,-1.55,0.28,-29380.0,160501.0,-18.305181899178198,59600.0,40750.0,,,,,,,,,,,,,,,False,,,,0,,,-12.55,-1.89,202603,-16.33,13.21,,,,,False,True,True,True,True
253590,네오셈,KOSDAQ,기계·장비,10650.0,4672.0,43869164.0,87.3,3.8,122.0,2805.0,4.349376114081997,21400.0,7610.0,,,,,,,,,,,,,,,False,,,,0,,,-60.74,-2.41,202603,-75.37,8.31,,,,,False,True,True,True,True
003030,세아제강지주,KOSPI,금융,112300.0,4651.0,4141657.0,7.35,0.22,15274.0,510476.0,2.9921093254139275,260000.0,108200.0,,,,,,,,,,,,,,,False,,227500.0,102.58236865538734,1,20260622,BUY,-58.97,4.74,202603,-2.73,-20.91,,,,,False,True,True,True,True
034950,한국기업평가,KOSDAQ,일반서비스,101700.0,4618.0,4540514.0,18.3,3.43,5556.0,29647.0,18.740513374034474,115000.0,92400.0,,,,,,,,,,,,,,,False,,,,0,,,-1.41,2.84,202603,5.08,5.96,,,,,False,True,True,True,True
104830,원익머트리얼즈,KOSDAQ,화학,36550.0,4608.0,12608000.0,9.46,0.88,3863.0,41679.0,9.268456536865088,56100.0,21450.0,,,,,,,,,,,,,,,False,,63500.0,73.73461012311901,2,20260626,BUY,6.35,13.06,202603,8.82,15.64,,,,,False,True,True,True,True
020000,한섬,KOSPI,섬유·의류,21450.0,4607.0,21476994.0,10.41,0.32,2061.0,66913.0,3.08011896044117,28750.0,14180.0,,,,,,,,,,,,,,,False,,35400.0,65.03496503496503,4,20260518,BUY,67.7,7.9,202603,-17.79,-31.64,,,,,False,True,True,True,True
099190,아이센스,KOSDAQ,의료·정밀기기,15990.0,4598.0,28757309.0,-85.97,1.4,-186.0,11419.0,-1.6288641737455118,27600.0,14410.0,,,,,,,,,,,,,,,False,,32000.0,100.12507817385867,1,20260428,BUY,-71.03,-1.49,202603,196.75,25.42,,,,,False,True,True,True,True
119850,지엔씨에너지,KOSDAQ,전기·전자,27800.0,4573.0,16448909.0,11.45,2.05,2428.0,13535.0,17.938677502770595,46750.0,18350.0,,,,,,,,,,,,,,,False,,,,0,,,-70.62,-16.37,202603,55.73,108.08,,,,,False,True,True,True,True
475960,토모큐브,KOSDAQ,의료·정밀기기,34100.0,4564.0,13383274.0,-93.42,11.71,-365.0,2912.0,-12.534340659340659,67800.0,22500.0,,,,,,,,,,,,,,,False,,76000.0,122.87390029325513,1,20260522,BUY,0.0,320.57,202603,0.0,0.0,,,,,False,True,True,True,True
278280,천보,KOSDAQ,화학,37200.0,4558.0,12253025.0,-6.51,1.02,-5710.0,36443.0,-15.668303926680021,80600.0,35900.0,,,,,,,,,,,,,,,False,,57000.0,53.2258064516129,3,20260702,Outperform,0.0,14.67,202603,0.0,0.0,,,,,False,True,True,True,True
385720,TIME 코스피액티브,KOSPI,ETF(Active/수익증권),30920.0,4545.0,14700000.0,0.0,0.0,0.0,0.0,,35680.0,11135.0,,,,,,,,,,,,,,,False,,,,0,,,,,,,,,,,,False,True,True,True,True
290550,디케이티,KOSDAQ,전기·전자,22650.0,4530.0,20001230.0,19.54,2.23,1159.0,10140.0,11.429980276134122,34950.0,5990.0,,,,,,,,,,,,,,,False,,,,0,,,259.83,33.81,202603,-6.55,6.65,,,,,False,True,True,True,True
078130,국일제지,KOSDAQ,종이·목재,3995.0,4504.0,112740587.0,-249.69,3.76,-16.0,1063.0,-1.5051740357478833,4575.0,261.0,,,,,,,,,,,,,,,False,,,,0,,,0.0,-10.47,202603,0.0,0.0,,,,,False,True,True,True,True
368770,파이버프로,KOSDAQ,의료·정밀기기,13620.0,4475.0,32854225.0,48.13,9.74,283.0,1398.0,20.243204577968527,29950.0,5280.0,,,,,,,,,,,,,,,False,,,,0,,,282.77,100.63,202603,40.39,64.12,,,,,False,True,True,True,True
000070,삼양홀딩스,KOSPI,금융,57500.0,4464.0,7763191.0,-2.48,0.22,-23161.0,261061.0,-8.87187285730155,107100.0,51500.0,,,,,,,,,,,,,,,False,,,,0,,,10.04,0.59,202603,0.68,-4.58,,,,,False,True,True,True,True
439960,코스모로보틱스,KOSDAQ,의료·정밀기기,13750.0,4462.0,32450626.0,-16.31,26.24,-843.0,524.0,-160.87786259541986,68500.0,12790.0,,,,,,,,,,,,,,,False,,,,0,,,0.0,-32.05,202603,0.0,0.0,,,,,False,True,True,True,True
214430,아이쓰리시스템,KOSDAQ,전기·전자,61000.0,4457.0,7307215.0,28.96,3.96,2106.0,15407.0,13.669111442850651,137900.0,53500.0,,,,,,,,,,,,,,,False,,,,0,,,20.94,-0.69,202412,20.94,146.21,,,,,False,True,True,True,True
039440,에스티아이,KOSDAQ,기계·장비,28700.0,4451.0,15507047.0,29.47,1.53,974.0,18772.0,5.188578734285105,43200.0,17380.0,,,,,,,,,,,,,,,False,,44000.0,53.31010452961672,1,20260519,BUY,-93.04,-12.17,202603,-27.74,-14.97,,,,,False,True,True,True,True
399720,가온칩스,KOSDAQ,전기·전자,37450.0,4434.0,11838844.0,-30.23,7.94,-1239.0,4714.0,-26.2834111158252,83200.0,34950.0,,,,,,,,,,,,,,,False,,,,0,,,0.0,35.32,202603,0.0,-2.47,,,,,False,True,True,True,True
348340,뉴로메카,KOSDAQ,기계·장비,35700.0,4430.0,12409151.0,-18.25,29.48,-1956.0,1211.0,-161.5194054500413,139000.0,19990.0,,,,,,,,,,,,,,,False,,,,0,,,0.0,-5.7,202603,0.0,0.0,,,,,False,True,True,True,True
031430,신세계인터내셔날,KOSPI,유통,12630.0,4419.0,34986000.0,104.38,0.52,121.0,24118.0,0.5016999751223152,17130.0,9550.0,,,,,,,,,,,,,,,False,,19571.0,54.95645288994457,6,20260520,매수,452.59,15.68,202603,0.0,-47.62,,,,,False,True,True,True,True
014830,유니드,KOSPI,화학,64500.0,4365.0,6767600.0,6.69,0.4,9643.0,162961.0,5.917366731917452,101600.0,60600.0,,,,,,,,,,,,,,,False,,110000.0,70.54263565891473,3,20260423,BUY,-11.02,19.2,202603,-7.9,37.14,,,,,False,True,True,True,True
460930,현대힘스,KOSDAQ,운송장비·부품,12290.0,4364.0,35510671.0,20.35,1.73,604.0,7122.0,8.480763830384722,33450.0,11240.0,,,,,,,,,,,,,,,False,,,,0,,,17.82,10.71,202603,33.48,122.48,,,,,False,True,True,True,True
340570,티앤엘,KOSDAQ,제약,53000.0,4308.0,8128000.0,11.32,2.11,4684.0,25091.0,18.66804830417281,68000.0,43100.0,,,,,,,,,,,,,,,False,,94000.0,77.35849056603774,1,20260518,Buy,-9.68,-12.18,202603,-18.62,30.98,,,,,False,True,True,True,True
001200,유진투자증권,KOSPI,증권,4430.0,4291.0,96866418.0,6.65,0.36,666.0,12331.0,5.401021814937961,6920.0,3105.0,,,,,,,,,,,,,,,False,,,,0,,,1033.08,164.59,202603,44.74,69.9,,,,,False,True,True,True,True
004690,삼천리,KOSPI,전기·가스,118300.0,4290.0,3626777.0,4.3,0.24,27498.0,491062.0,5.599700241517365,176800.0,107600.0,,,,,,,,,,,,,,,False,,160000.0,35.24936601859679,1,20260611,BUY,13.69,-0.25,202603,39.66,32.14,,,,,False,True,True,True,True
042000,카페24,KOSDAQ,IT 서비스,17700.0,4280.0,24178169.0,10.99,1.61,1611.0,10998.0,14.648117839607202,47650.0,16250.0,,,,,,,,,,,,,,,False,,32000.0,80.7909604519774,1,20260521,매수,4.65,5.97,202603,25.93,668.02,,,,,False,True,True,True,True
019170,신풍제약,KOSPI,제약,8140.0,4267.0,52418522.0,50.88,1.55,160.0,5267.0,3.037782418834251,15900.0,7700.0,,,,,,,,,,,,,,,False,,,,0,,,0.0,-1.59,202603,0.0,0.0,,,,,False,True,True,True,True
460860,동국제강,KOSPI,금속,8570.0,4251.0,49608017.0,0.0,0.0,0.0,0.0,,17710.0,7760.0,,,,,,,,,,,,,,,False,,15100.0,76.19603267211203,2,20260428,BUY,0.0,0.0,202509,0.0,0.0,,,,,False,True,True,True,True
219130,타이거일렉,KOSDAQ,전기·전자,67000.0,4231.0,6314290.0,1522.73,7.99,44.0,8388.0,0.5245588936576061,82000.0,11800.0,,,,,,,,,,,,,,,False,,,,0,,,0.0,27.29,202412,0.0,11.73,,,,,False,True,True,True,True
079940,가비아,KOSDAQ,IT 서비스,31500.0,4228.0,13420684.0,26.99,2.32,1167.0,13565.0,8.603022484334685,36750.0,22250.0,,,,,,,,,,,,,,,False,,,,0,,,85.71,10.4,202603,15.31,0.37,,,,,False,True,True,True,True
160980,싸이맥스,KOSDAQ,기계·장비,38550.0,4211.0,10924243.0,28.18,2.17,1368.0,17779.0,7.694471005118399,47850.0,11560.0,,,,,,,,,,,,,,,False,,,,0,,,-36.03,-11.57,202603,-0.26,54.13,,,,,False,True,True,True,True
148070,KIWOOM 국고채10년,KOSPI,ETF(실물복제/수익증권),104965.0,4205.0,4006000.0,0.0,0.0,0.0,0.0,,117925.0,103390.0,,,,,,,,,,,,,,,False,,,,0,,,,,,,,,,,,False,True,True,True,True
327260,RF머트리얼즈,KOSDAQ,전기·전자,49500.0,4205.0,8495135.0,60.96,8.16,812.0,6069.0,13.379469434832755,126600.0,5550.0,33.66888858658686,1470.2,833.1,76.47341255551554,995.0,168.0,130.0,55.300000000000004,127.4,74.0,71.0,641.0,-607.3000000000001,-247.3,True,168.0,135667.0,174.07474747474748,2,20260626,매수,281.87,69.6,202603,0.0,0.0,2026.12E,2025.12,20260626,매수,True,True,True,True,True
034310,NICE,KOSPI,일반서비스,11410.0,4194.0,36757157.0,11.24,0.52,1015.0,21761.0,4.664307706447314,15430.0,10660.0,,,,,,,,,,,,,,,False,,,,0,,,38.56,5.88,202603,13.68,20.04,,,,,False,True,True,True,True
072710,농심홀딩스,KOSPI,금융,90300.0,4188.0,4637790.0,3.65,0.32,24706.0,284823.0,8.674159039122543,143500.0,73600.0,,,,,,,,,,,,,,,False,,,,0,,,22.29,38.89,202603,-6.37,17.09,,,,,False,True,True,True,True
016610,DB증권,KOSPI,증권,9820.0,4168.0,42446389.0,5.12,0.36,1918.0,27483.0,6.978859658698104,19350.0,7970.0,,,,,,,,,,,,,,,False,,,,0,,,24.87,145.88,202603,88.65,89.5,,,,,False,True,True,True,True
025320,시노펙스,KOSDAQ,전기·전자,4520.0,4166.0,92162453.0,56.5,2.42,80.0,1867.0,4.284949116229245,8330.0,4090.0,,,,,,,,,,,,,,,False,,,,0,,,-80.46,-14.9,202603,-68.16,2.54,,,,,False,True,True,True,True
215200,메가스터디교육,KOSDAQ,일반서비스,40100.0,4156.0,10365216.0,5.07,0.84,7903.0,48011.0,16.460811064131136,52300.0,35150.0,,,,,,,,,,,,,,,False,,60000.0,49.62593516209476,1,20260126,BUY,-0.83,-0.48,202603,-2.11,-3.66,,,,,False,True,True,True,True
477850,마키나락스,KOSDAQ,IT 서비스,23400.0,4155.0,17754736.0,-24.79,24.02,-944.0,974.0,-96.91991786447639,83600.0,13420.0,,,,,,,,,,,,,,,False,,,,0,,,0.0,167.63,202603,0.0,0.0,,,,,False,True,True,True,True
018290,브이티,KOSDAQ,화학,11880.0,4151.0,34941838.0,6.94,1.7,1713.0,6998.0,24.47842240640183,39350.0,10540.0,,,,,,,,,,,,,,,False,,19000.0,59.93265993265994,1,20260421,BUY,-40.27,13.78,202603,-25.28,70.53,,,,,False,True,True,True,True
330860,네패스아크,KOSDAQ,일반서비스,33850.0,4124.0,12184045.0,-14.38,2.49,-2354.0,13574.0,-17.3419773095624,63500.0,13310.0,27.017319818022187,1252.9,280.0,347.4642857142857,1303.0,259.0,153.0,14.200000000000001,444.3,48.0,34.0,1141.0,-280.6,-111.9,True,259.0,60875.0,79.83751846381094,2,20260528,Buy,0.0,-2.99,202412,0.0,-37.76,2026.12E,2025.12,20260629,매수,True,True,True,True,True
381970,케이카,KOSPI,유통,8440.0,4120.0,48820848.0,0.0,0.0,0.0,0.0,,17210.0,8100.0,,,,,,,,,,,,,,,False,,14000.0,65.87677725118483,2,20260428,BUY,0.0,0.0,202509,0.0,0.0,,,,,False,True,True,True,True
403550,쏘카,KOSPI,일반서비스,10860.0,4120.0,37939942.0,-19.39,2.16,-560.0,5020.0,-11.155378486055776,21000.0,10240.0,,,,,,,,,,,,,,,False,,,,0,,,-1.84,-26.15,202603,0.0,0.0,,,,,False,True,True,True,True
003000,부광약품,KOSPI,제약,4160.0,4104.0,98664671.0,28.3,1.21,147.0,3452.0,4.258400926998841,9890.0,3200.0,,,,,,,,,,,,,,,False,,,,0,,,-63.36,-0.06,202603,775.57,258.52,,,,,False,True,True,True,True
004710,한솔테크닉스,KOSPI,전기·전자,10040.0,4079.0,40629517.0,-23.51,0.95,-427.0,10514.0,-4.061251664447404,16430.0,4480.0,,,,,,,,,,,,,,,False,,,,0,,,-26.91,-6.45,202603,-38.79,-27.69,,,,,False,True,True,True,True
041190,우리기술투자,KOSDAQ,금융,4855.0,4078.0,84000000.0,3.69,0.49,1316.0,9971.0,13.198274997492728,13140.0,4415.0,,,,,,,,,,,,,,,False,,,,0,,,0.38,-18.87,202603,-21.41,-2.43,,,,,False,True,True,True,True
168360,펨트론,KOSDAQ,기계·장비,18600.0,4075.0,21906374.0,-104.49,15.3,-178.0,1216.0,-14.638157894736842,34700.0,9750.0,,,,,,,,,,,,,,,False,,,,0,,,0.0,52.7,202603,0.0,8.97,,,,,False,True,True,True,True
452260,한화갤러리아,KOSPI,유통,2100.0,4071.0,193859610.0,123.53,0.5,17.0,4193.0,0.4054376341521584,4120.0,999.0,,,,,,,,,,,,,,,False,,,,0,,,550.76,-2.41,202603,177.72,37.41,,,,,False,True,True,True,True
089010,켐트로닉스,KOSDAQ,화학,24250.0,4067.0,16770027.0,39.69,1.73,611.0,14012.0,4.360548101627177,48900.0,20150.0,,,,,,,,,,,,,,,False,,48000.0,97.9381443298969,2,20260519,매수,3.95,16.91,202603,-37.83,14.17,,,,,False,True,True,True,True
004700,조광피혁,KOSPI,섬유·의류,61000.0,4056.0,6649138.0,32.17,0.72,1896.0,84592.0,2.241346699451485,87600.0,57600.0,,,,,,,,,,,,,,,False,,,,0,,,13.9,-28.7,202412,13.9,356.19,,,,,False,True,True,True,True
426020,TIME 미국S&P500액티브,KOSPI,ETF(Active/수익증권),35625.0,4019.0,11280000.0,0.0,0.0,0.0,0.0,,37535.0,22300.0,,,,,,,,,,,,,,,False,,,,0,,,,,,,,,,,,False,True,True,True,True
200710,에이디테크놀로지,KOSDAQ,전기·전자,29800.0,4012.0,13462007.0,111.19,2.85,268.0,10456.0,2.5631216526396328,62000.0,18810.0,,,,,,,,,,,,,,,False,,62500.0,109.73154362416106,1,20260512,매수,0.0,10.39,202603,0.0,0.0,,,,,False,True,True,True,True
016590,신대양제지,KOSPI,종이·목재,9900.0,3989.0,40297820.0,17.49,0.49,566.0,20359.0,2.780097254285574,18150.0,8200.0,,,,,,,,,,,,,,,False,,,,0,,,-35.9,-0.5,202603,-24.05,-19.65,,,,,False,True,True,True,True
009900,명신산업,KOSPI,운송장비·부품,7550.0,3961.0,52470133.0,5.8,0.52,1302.0,14406.0,9.037900874635568,14940.0,6600.0,,,,,,,,,,,,,,,False,,13000.0,72.18543046357617,1,20260421,BUY,-31.46,14.57,202603,-30.74,1.5,,,,,False,True,True,True,True
005420,코스모화학,KOSPI,화학,10270.0,3945.0,38408228.0,-13.0,1.79,-790.0,5730.0,-13.787085514834205,21650.0,9560.0,,,,,,,,,,,,,,,False,,,,0,,,528.7,13.56,202603,0.0,-30.92,,,,,False,True,True,True,True
095660,네오위즈,KOSDAQ,IT 서비스,18230.0,3944.0,21636459.0,7.97,0.68,2287.0,26889.0,8.505336754806798,31550.0,16100.0,,,,,,,,,,,,,,,False,,26500.0,45.364783324190896,8,20260630,BUY,-32.04,13.91,202603,82.2,49.31,,,,,False,True,True,True,True
003280,흥아해운,KOSPI,운송·창고,1639.0,3941.0,240424899.0,12.91,1.54,127.0,1062.0,11.958568738229754,4795.0,1553.0,,,,,,,,,,,,,,,False,,,,0,,,-76.33,-12.56,202603,-59.06,-21.39,,,,,False,True,True,True,True
029530,신도리코,KOSPI,전기·전자,40350.0,3920.0,9715729.0,20.27,0.32,1991.0,124856.0,1.59463702184917,73200.0,38400.0,,,,,,,,,,,,,,,False,,,,0,,,-14.65,7.78,202603,-69.0,-34.02,,,,,False,True,True,True,True
015360,INVENI,KOSPI,일반서비스,14360.0,3913.0,27250000.0,4.9,0.49,2930.0,29078.0,10.07634637870555,88000.0,13350.0,,,,,,,,,,,,,,,False,,,,0,,,227.04,7.4,202603,359.79,457.63,,,,,False,True,True,True,True
241770,메카로,KOSDAQ,전기·전자,38350.0,3909.0,10192640.0,30.98,1.86,1238.0,20599.0,6.010000485460459,48000.0,10740.0,,,,,,,,,,,,,,,False,,,,0,,,24.08,18.66,202603,272.98,90.99,,,,,False,True,True,True,True
047920,HLB제약,KOSDAQ,일반서비스,11820.0,3877.0,32799356.0,83.83,3.1,141.0,3816.0,3.6949685534591192,22250.0,9740.0,,,,,,,,,,,,,,,False,,,,0,,,-48.02,89.49,202603,-27.83,-9.28,,,,,False,True,True,True,True
033160,엠케이전자,KOSDAQ,전기·전자,16010.0,3874.0,24194466.0,266.83,0.91,60.0,17625.0,0.3404255319148936,37000.0,7680.0,,,,,,,,,,,,,,,False,,41000.0,156.0899437851343,1,20260518,BUY,0.0,58.69,202603,-74.7,-32.04,,,,,False,True,True,True,True
356680,엑스게이트,KOSDAQ,IT 서비스,13570.0,3873.0,28543492.0,96.93,8.72,140.0,1557.0,8.991650610147719,30550.0,6100.0,,,,,,,,,,,,,,,False,,,,0,,,-15.05,0.92,202412,-15.05,0.1,,,,,False,True,True,True,True
025980,아난티,KOSDAQ,일반서비스,3975.0,3868.0,97300990.0,-9.16,0.52,-434.0,7660.0,-5.66579634464752,10950.0,3835.0,,,,,,,,,,,,,,,False,,,,0,,,0.0,-18.42,202603,939.19,323.75,,,,,False,True,True,True,True
024850,HLB이노베이션,KOSDAQ,전기·전자,12120.0,3849.0,31753544.0,-10.48,1.66,-1156.0,7282.0,-15.874759681406205,28100.0,1460.0,,,,,,,,,,,,,,,False,,6900.0,-43.06930693069307,1,20260406,BUY,0.0,25.12,202603,0.0,0.0,,,,,False,True,True,True,True
036620,감성코퍼레이션,KOSDAQ,유통,4250.0,3819.0,89862944.0,13.45,3.51,316.0,1210.0,26.115702479338843,7700.0,3540.0,,,,,,,,,,,,,,,False,,7000.0,64.70588235294117,1,20260413,BUY,11.82,23.85,202412,11.82,470.26,,,,,False,True,True,True,True
027410,BGF,KOSPI,금융,3965.0,3795.0,95716791.0,6.42,0.21,618.0,18674.0,3.3094141587233588,5420.0,3605.0,,,,,,,,,,,,,,,False,,,,0,,,64.64,-1.0,202603,10.76,0.3,,,,,False,True,True,True,True
067630,HLB생명과학,KOSDAQ,제약,3110.0,3792.0,121917058.0,-3.8,1.27,-819.0,2440.0,-33.5655737704918,5650.0,2740.0,,,,,,,,,,,,,,,False,,,,0,,,0.0,61.02,202603,0.0,0.0,,,,,False,True,True,True,True
008730,율촌화학,KOSPI,화학,15250.0,3782.0,24800000.0,90.77,1.29,168.0,11783.0,1.425782907578715,39200.0,13490.0,,,,,,,,,,,,,,,False,,,,0,,,-94.5,-4.23,202603,0.0,0.0,,,,,False,True,True,True,True
130660,한전산업,KOSPI,일반서비스,11590.0,3778.0,32600000.0,92.72,3.66,125.0,3167.0,3.9469529523208084,27800.0,10150.0,,,,,,,,,,,,,,,False,,,,0,,,-15.09,18.76,202603,-59.27,-19.22,,,,,False,True,True,True,True
078020,LS증권,KOSDAQ,금융,6780.0,3762.0,55481190.0,19.82,0.43,342.0,15643.0,2.1862814038227962,9190.0,4660.0,,,,,,,,,,,,,,,False,,,,0,,,133.75,343.22,202603,1.89,-17.65,,,,,False,True,True,True,True
013030,하이록코리아,KOSDAQ,금속,31950.0,3760.0,11768144.0,7.72,0.83,4141.0,38609.0,10.725478515372064,48100.0,28250.0,6.961694339129297,4589.400000000001,4211.0,8.985989076228936,2360.0,650.0,540.0,10.0,10.4,589.0,503.0,2146.0,17.5,5.9,True,650.0,53000.0,65.88419405320813,1,20260407,매수,23.48,10.42,202603,17.51,13.88,2026.12E,2025.12,20260519,매수,False,True,True,True,True
006220,제주은행,KOSPI,금융,9910.0,3746.0,37798557.0,25.61,0.58,387.0,17124.0,2.2599859845830412,19350.0,9160.0,,,,,,,,,,,,,,,False,,,,0,,,-25.26,2.33,202603,-13.03,77.38,,,,,False,True,True,True,True
271940,일진하이솔루스,KOSPI,운송장비·부품,10300.0,3740.0,36313190.0,-187.27,1.19,-55.0,8677.0,-0.633859628903999,21200.0,9270.0,,,,,,,,,,,,,,,False,,14800.0,43.689320388349515,1,20251224,Trading BUY,0.0,148.65,202603,0.0,0.0,,,,,False,True,True,True,True
005950,이수화학,KOSPI,화학,14120.0,3713.0,26294169.0,-11.32,3.86,-1247.0,3655.0,-34.11764705882353,17990.0,5060.0,,,,,,,,,,,,,,,False,,,,0,,,163349.25,58.72,202603,0.0,0.0,,,,,False,True,True,True,True
344820,KCC글라스,KOSPI,비금속,23200.0,3705.0,15970512.0,-4.43,0.27,-5237.0,86505.0,-6.053985318767701,34650.0,21000.0,,,,,,,,,,,,,,,False,,,,0,,,0.0,4.0,202603,0.0,-20.04,,,,,False,True,True,True,True
089590,제주항공,KOSPI,운송·창고,4590.0,3701.0,80640985.0,-3.18,1.34,-1443.0,3415.0,-42.25475841874085,7330.0,4090.0,-7.81143635125936,-587.6,-1490.0,60.56375838926174,19127.0,-112.0,-473.0,21.1,-90.0,-1117.0,-1164.0,15799.0,-239.70000000000002,-635.4000000000001,True,-112.0,5283.0,15.098039215686274,6,20260626,HOLD,0.0,34.18,202603,0.0,-17.65,2026.12E,2025.12,20260615,중립,False,True,True,True,True
114810,한솔아이원스,KOSDAQ,기계·장비,13040.0,3670.0,28143174.0,13.2,1.71,988.0,7613.0,12.977801129646657,19900.0,8130.0,8.915020168182128,1462.7,1029.0,42.14771622934889,2355.0,460.0,404.0,18.400000000000002,38.1,333.0,284.0,1988.0,44.400000000000006,-8.5,True,460.0,23900.0,83.28220858895705,2,20260414,BUY,-40.21,0.64,202603,44.44,49.31,2026.12E,2025.12,20260424,매수,False,True,True,True,True
011930,신성이엔지,KOSPI,전기·전자,18020.0,3659.0,20306182.0,-53.0,1.57,-340.0,11467.0,-2.9650300863346994,49000.0,1415.0,,,,,,,,,,,,,,,False,,43000.0,138.6237513873474,1,20260519,BUY,0.0,32.15,202603,-74.33,-57.16,,,,,False,True,True,True,True
002810,삼영무역,KOSPI,유통,19790.0,3655.0,18466948.0,6.24,0.58,3174.0,34228.0,9.273109734720112,23600.0,14510.0,,,,,,,,,,,,,,,False,,,,0,,,-14.31,-5.65,202603,-30.49,-11.61,,,,,False,True,True,True,True
060280,큐렉소,KOSDAQ,유통,8830.0,3643.0,41259790.0,131.79,3.77,67.0,2342.0,2.860802732707088,22550.0,7880.0,,,,,,,,,,,,,,,False,,,,0,,,0.0,-18.34,202603,0.0,0.74,,,,,False,True,True,True,True
017900,광전자,KOSPI,전기·전자,6260.0,3627.0,57943763.0,85.75,1.31,73.0,4784.0,1.5259197324414715,22450.0,1760.0,,,,,,,,,,,,,,,False,,,,0,,,-63.79,-2.78,202603,-18.22,-6.07,,,,,False,True,True,True,True
002030,아세아,KOSPI,일반서비스,175000.0,3603.0,2058852.0,11.79,0.24,14837.0,722172.0,2.054496712694483,402000.0,157800.0,,,,,,,,,,,,,,,False,,,,0,,,-7.36,6.07,202603,-35.61,-20.18,,,,,False,True,True,True,True
078160,메디포스트,KOSDAQ,제약,9150.0,3587.0,39204603.0,-4.1,1.44,-2230.0,6371.0,-35.002354418458644,29100.0,8000.0,,,,,,,,,,,,,,,False,,,,0,,,0.0,1.24,202603,0.0,0.0,,,,,False,True,True,True,True
069080,웹젠,KOSDAQ,IT 서비스,11570.0,3583.0,30966575.0,16.7,0.49,693.0,23519.0,2.94655385007866,18010.0,9530.0,,,,,,,,,,,,,,,False,,,,0,,,-39.59,-5.25,202603,-45.51,-25.36,,,,,False,True,True,True,True
110990,디아이티,KOSDAQ,기계·장비,18950.0,3582.0,18900000.0,11.79,1.48,1607.0,12787.0,12.567451317744585,29000.0,11070.0,,,,,,,,,,,,,,,False,,,,0,,,211.55,123.89,202603,-4.27,76.87,,,,,False,True,True,True,True
003800,에이스침대,KOSDAQ,기타제조,32150.0,3565.0,11090000.0,6.37,0.45,5047.0,70896.0,7.118878357030016,39850.0,26400.0,,,,,,,,,,,,,,,False,,,,0,,,5.84,4.48,202603,-18.34,-4.97,,,,,False,True,True,True,True
194370,제이에스코퍼레이션,KOSPI,섬유·의류,12280.0,3563.0,29016758.0,4.56,0.68,2691.0,18174.0,14.806866952789699,16090.0,9500.0,,,,,,,,,,,,,,,False,,21850.0,77.93159609120521,1,20260701,매수,8.66,4.88,202603,15.88,21.1,,,,,False,True,True,True,True
017810,풀무원,KOSPI,음식료·담배,9310.0,3549.0,38120542.0,19.6,1.11,475.0,8405.0,5.651397977394408,18490.0,8820.0,,,,,,,,,,,,,,,False,,13000.0,39.63480128893663,1,20260609,BUY,68.87,7.17,202603,1.46,61.67,,,,,False,True,True,True,True
002990,금호건설,KOSPI,건설,9500.0,3540.0,37259974.0,5.54,1.39,1715.0,6841.0,25.069434293231986,18900.0,3200.0,,,,,,,,,,,,,,,False,,5533.0,-41.757894736842104,3,20260304,BUY,111.18,-3.13,202603,0.0,-20.34,,,,,False,True,True,True,True
001940,KISCO홀딩스,KOSPI,금속,24950.0,3537.0,14176380.0,-19.39,0.27,-1287.0,93049.0,-1.3831422153918904,29450.0,20150.0,,,,,,,,,,,,,,,False,,33000.0,32.26452905811623,1,20260313,BUY,0.0,6.53,202603,0.0,-8.19,,,,,False,True,True,True,True
306200,세아제강,KOSPI,금속,123900.0,3514.0,2836300.0,11.71,0.31,10577.0,395605.0,2.673626470848447,189000.0,112000.0,,,,,,,,,,,,,,,False,,213500.0,72.31638418079096,2,20260518,BUY,-5.76,18.4,202603,-75.56,-26.76,,,,,False,True,True,True,True
060980,HL홀딩스,KOSPI,금융,38650.0,3509.0,9078847.0,17.4,0.33,2221.0,118065.0,1.8811671536865286,54700.0,37200.0,,,,,,,,,,,,,,,False,,55000.0,42.30271668822768,1,20260529,BUY,99.96,-1.02,202603,-1.94,1.18,,,,,False,True,True,True,True
097520,엠씨넥스,KOSPI,전기·전자,20150.0,3506.0,17401500.0,7.0,0.85,2877.0,23796.0,12.090267271810388,32500.0,17750.0,,,,,,,,,,,,,,,False,,31750.0,57.5682382133995,4,20260518,매수,-45.44,-12.77,202603,17.19,77.01,,,,,False,True,True,True,True
092230,KPX홀딩스,KOSPI,화학,82900.0,3502.0,4224646.0,4.42,0.3,18774.0,279950.0,6.706197535274155,92200.0,63500.0,,,,,,,,,,,,,,,False,,,,0,,,0.11,5.18,202603,-15.98,-6.68,,,,,False,True,True,True,True
204620,글로벌텍스프리,KOSDAQ,금융,4965.0,3490.0,70283330.0,10.05,2.49,494.0,1993.0,24.786753637732062,7830.0,3990.0,,,,,,,,,,,,,,,False,,,,0,,,12.8,21.19,202603,34.29,51.42,,,,,False,True,True,True,True
105630,한세실업,KOSPI,섬유·의류,8720.0,3488.0,40000000.0,6.09,0.47,1431.0,18656.0,7.670454545454546,15540.0,7800.0,,,,,,,,,,,,,,,False,,12773.0,46.47935779816514,8,20260701,BUY,-48.47,-0.01,202603,-41.34,-21.05,,,,,False,True,True,True,True
101930,인화정공,KOSDAQ,운송장비·부품,7590.0,3468.0,45694671.0,14.03,1.03,541.0,7394.0,7.316743305382743,64500.0,6790.0,,,,,,,,,,,,,,,False,,,,0,,,56.52,-8.89,202603,51.39,39.8,,,,,False,True,True,True,True
029460,케이씨,KOSPI,의료·정밀기기,31300.0,3449.0,11020535.0,9.47,0.41,3305.0,77202.0,4.280977176757079,43000.0,20850.0,,,,,,,,,,,,,,,False,,,,0,,,-45.29,-10.23,202603,66.07,-8.73,,,,,False,True,True,True,True
170900,동아에스티,KOSPI,제약,35250.0,3429.0,9727819.0,-12.1,0.53,-2913.0,66796.0,-4.361039583208575,59200.0,31600.0,,,,,,,,,,,,,,,False,,60000.0,70.2127659574468,3,20260428,BUY,0.0,11.8,202603,0.0,-10.98,,,,,False,True,True,True,True
145720,덴티움,KOSPI,의료·정밀기기,39600.0,3415.0,8623891.0,26.7,0.61,1483.0,65218.0,2.2739121101536384,73400.0,37550.0,,,,,,,,,,,,,,,False,,75000.0,89.39393939393939,2,20260513,BUY,65.39,-7.09,202603,-34.91,-17.89,,,,,False,True,True,True,True
454780,KIWOOM 종합채권(AA-이상)액티브,KOSPI,ETF(Active/수익증권),99705.0,3407.0,3417000.0,0.0,0.0,0.0,0.0,,110330.0,99295.0,,,,,,,,,,,,,,,False,,,,0,,,,,,,,,,,,False,True,True,True,True
010690,화신,KOSPI,운송장비·부품,9720.0,3394.0,34920410.0,5.09,0.59,1910.0,16443.0,11.61588517910357,16720.0,7500.0,,,,,,,,,,,,,,,False,,,,0,,,-44.27,6.79,202603,56.86,10.23,,,,,False,True,True,True,True
